Ingreso,Alimentación,Movilidad,Vivienda,Salud,Educación,Entretenimiento,Vestuario,Ahorros,Deudas,Otros,%Ahorro,%Deuda,NivelIngreso,SaludFinanciera,PerfilFinanciero
1539481,555274,207548,1129638,146240,1451537,61868,102288,215794,251448,51616,14.02,16.33,Bajo,Saludable,Ahorrador
1469768,654694,170012,855314,169579,822047,54350,64290,219146,218408,55470,14.91,14.86,Bajo,Saludable,Ahorrador
1454074,627110,197147,1146656,164688,1052468,54443,49094,245774,383192,62450,16.9,26.35,Bajo,Saludable,Ahorrador
887952,536798,236768,924097,179812,1391986,27966,59962,143688,188003,44670,16.18,21.17,Bajo,Saludable,Ahorrador
1015121,571010,191300,946037,155435,899441,39123,58167,115771,123298,70968,11.4,12.15,Bajo,Saludable,Ahorrador
1438722,537910,231053,1158049,129383,1487474,39807,60956,144310,274014,27843,10.03,19.05,Bajo,Saludable,Ahorrador
1089839,691267,227993,823359,158677,606379,72521,42572,145606,128631,73265,13.36,11.8,Bajo,Saludable,Ahorrador
830608,646683,197950,843392,164427,1138504,70351,105897,121449,328655,66377,14.62,39.57,Bajo,Saludable,Ahorrador
1605963,526403,204939,1191544,129103,540139,43210,51221,276309,218326,74500,17.21,13.59,Bajo,Saludable,Ahorrador
877430,566991,202616,1015817,122896,1111784,67813,97050,147298,86336,72232,16.79,9.84,Bajo,Saludable,Ahorrador
1455422,676966,179935,993138,155909,1069441,56096,52137,158501,687852,64589,10.89,47.26,Bajo,Saludable,Ahorrador
1210133,599377,214370,916648,131565,1197935,27809,109200,140710,181255,59785,11.63,14.98,Bajo,Saludable,Ahorrador
1324876,556535,204353,1055732,147031,1040437,40956,76918,129008,456825,45764,9.74,34.48,Bajo,Saludable,Ahorrador
1073813,645371,239661,1048978,161635,1072025,39639,81583,180108,355553,61465,16.77,33.11,Bajo,Saludable,Ahorrador
1143941,655723,162734,816198,163139,1144249,72284,63213,174622,361934,70682,15.26,31.64,Bajo,Saludable,Ahorrador
1389731,646668,188396,983818,129921,893121,31381,106911,138313,435031,34896,9.95,31.3,Bajo,Saludable,Ahorrador
1033096,692608,189817,1018841,143938,610711,28145,98307,138987,456172,49029,13.45,44.16,Bajo,Saludable,Ahorrador
1493449,607487,170835,1149741,140695,1135243,50858,99147,268063,376449,47128,17.95,25.21,Bajo,Saludable,Ahorrador
1562193,485936,170206,972827,178086,627587,42822,107064,150202,300736,48626,9.61,19.25,Bajo,Saludable,Ahorrador
1310199,670364,201749,1146576,171486,1301284,40512,60221,221763,504779,71319,16.93,38.53,Bajo,Saludable,Ahorrador
1103846,522570,196053,892662,151854,1239468,66755,42801,148159,109726,28280,13.42,9.94,Bajo,Saludable,Ahorrador
1406412,684667,183397,925856,178443,747494,32461,51221,180383,654923,67766,12.83,46.57,Bajo,Saludable,Ahorrador
1158577,593110,225502,1062112,130251,580546,46724,63468,169002,195571,35696,14.59,16.88,Bajo,Saludable,Ahorrador
1082256,514904,185477,1176389,123983,1175790,72789,111870,191738,308317,47763,17.72,28.49,Bajo,Saludable,Ahorrador
1081642,487565,178602,1199892,173719,640916,34212,59341,170033,106387,36394,15.72,9.84,Bajo,Saludable,Ahorrador
1310594,557289,198945,1113556,179040,968704,69947,64014,232232,474858,59904,17.72,36.23,Bajo,Saludable,Ahorrador
1069988,662633,186127,1029011,157603,1341258,38289,68312,186200,495301,36809,17.4,46.29,Bajo,Saludable,Ahorrador
897642,585538,216266,1196989,177785,577509,30436,53651,133769,358738,61035,14.9,39.96,Bajo,Saludable,Ahorrador
832104,487765,178015,867456,169227,1309257,63550,63950,117999,236096,65642,14.18,28.37,Bajo,Saludable,Ahorrador
961942,528957,199682,1190117,152975,870912,72290,52841,107901,203084,54355,11.22,21.11,Bajo,Saludable,Ahorrador
1314902,599754,213670,1066872,165141,1269806,57875,82717,156041,328482,73124,11.87,24.98,Bajo,Saludable,Ahorrador
1250170,594360,186546,1184414,137516,1358704,72966,69296,162672,188163,67478,13.01,15.05,Bajo,Saludable,Ahorrador
1065382,553553,196370,900993,178623,686773,35801,75632,122510,409869,36593,11.5,38.47,Bajo,Saludable,Ahorrador
954431,597566,199722,1024324,157720,976488,52776,110718,119396,184131,25613,12.51,19.29,Bajo,Saludable,Ahorrador
1537967,713759,224218,1137244,143043,886197,69695,49475,267269,692393,46663,17.38,45.02,Bajo,Saludable,Ahorrador
1508168,598197,160947,1099913,134853,801253,71412,56719,255660,513536,32890,16.95,34.05,Bajo,Saludable,Ahorrador
1398850,539175,183122,1154992,124453,1391384,73261,107242,147020,670711,69852,10.51,47.95,Bajo,Saludable,Ahorrador
1264754,497548,203938,1135982,161211,509624,59290,38017,131983,522203,50480,10.44,41.29,Bajo,Saludable,Ahorrador
1603889,676661,198406,1071394,172042,1310453,26662,96106,180461,582600,29237,11.25,36.32,Bajo,Saludable,Ahorrador
1373211,491631,208118,863282,165493,804410,39224,58198,213982,202492,52582,15.58,14.75,Bajo,Saludable,Ahorrador
1042266,497711,204524,858883,121053,1143901,38360,91419,124787,129609,55902,11.97,12.44,Bajo,Saludable,Ahorrador
994246,637873,176905,1121670,134429,517914,73793,107992,158143,247716,54157,15.91,24.91,Bajo,Saludable,Ahorrador
1586379,485934,229759,896703,169062,1420155,35075,46544,283042,406950,28228,17.84,25.65,Bajo,Saludable,Ahorrador
1423650,552767,197118,1051101,135269,1387705,41677,55938,209535,273261,46508,14.72,19.19,Bajo,Saludable,Ahorrador
1534686,648147,188756,861003,175886,1203513,27191,68704,184275,450217,62670,12.01,29.34,Bajo,Saludable,Ahorrador
1073447,705953,212444,879395,171667,722224,65587,51796,105071,321904,47097,9.79,29.99,Bajo,Saludable,Ahorrador
1269596,526802,232994,1133323,176893,1235666,57380,60053,164725,305583,72036,12.97,24.07,Bajo,Saludable,Ahorrador
1453678,554531,185489,996674,121588,1173861,54799,96751,234805,525143,37511,16.15,36.13,Bajo,Saludable,Ahorrador
949196,522919,177654,1085014,143215,1231094,34418,80303,101981,316315,54951,10.74,33.32,Bajo,Saludable,Ahorrador
1231026,688118,185198,977653,176034,1213351,72453,99551,173636,482609,68633,14.1,39.2,Bajo,Saludable,Ahorrador
1476571,552148,219805,1113408,151009,1036612,60417,43645,245712,658768,29287,16.64,44.61,Bajo,Saludable,Ahorrador
1028332,486561,228272,848281,166244,1473104,26552,72142,126648,408291,36023,12.32,39.7,Bajo,Saludable,Ahorrador
2099527,656923,216522,1112487,160781,848008,68282,96516,365927,407157,58826,17.43,19.39,Medio Bajo,Saludable,Ahorrador
2831724,614258,182490,825850,129449,1185767,58418,96239,314124,347331,34186,11.09,12.27,Medio Bajo,Saludable,Ahorrador
2711688,711270,204382,939151,152984,1415680,70208,94481,370357,1229908,74255,13.66,45.36,Medio Bajo,Saludable,Ahorrador
2277411,672583,162874,957055,150367,1160348,42264,95384,272590,691639,28759,11.97,30.37,Medio Bajo,Saludable,Ahorrador
2536659,581646,237519,1092845,147313,1056407,38497,74080,304104,1023006,37092,11.99,40.33,Medio Bajo,Saludable,Ahorrador
2581428,601675,230634,1166210,179507,1011577,38275,90792,438845,507162,41311,17.0,19.65,Medio Bajo,Saludable,Ahorrador
2712504,585345,174409,965445,124331,1008848,64464,101587,394841,255248,44272,14.56,9.41,Medio Bajo,Saludable,Ahorrador
2284297,482173,184322,958884,129612,1356045,40244,89706,225028,703426,41769,9.85,30.79,Medio Bajo,Saludable,Ahorrador
2037637,717047,231946,1171197,120673,1449591,66476,63654,306248,831148,27915,15.03,40.79,Medio Bajo,Saludable,Ahorrador
2463652,673699,223145,1189728,173449,514425,62554,99692,268629,528762,40381,10.9,21.46,Medio Bajo,Saludable,Ahorrador
2018464,644100,169947,1154695,140057,1121887,30177,54599,355243,505888,26392,17.6,25.06,Medio Bajo,Saludable,Ahorrador
2519835,491461,234362,849772,160660,512922,50704,55012,435346,783337,47769,17.28,31.09,Medio Bajo,Saludable,Ahorrador
2007236,561094,186639,1094091,160759,681879,55323,58066,241586,935424,36881,12.04,46.6,Medio Bajo,Saludable,Ahorrador
2687011,671625,187009,1160494,138902,996215,56244,86347,259673,757950,50654,9.66,28.21,Medio Bajo,Saludable,Ahorrador
2069552,708547,187561,1129458,133125,1463955,25603,82469,348981,835324,40297,16.86,40.36,Medio Bajo,Saludable,Ahorrador
1873916,540703,200117,844637,144013,1106797,40180,58309,335953,635662,72140,17.93,33.92,Medio Bajo,Saludable,Ahorrador
1669827,595646,206470,951097,166542,1133007,40684,54206,215840,768777,46988,12.93,46.04,Medio Bajo,Saludable,Ahorrador
2451353,697439,201666,1148017,137614,1374300,72478,110249,253470,664004,37121,10.34,27.09,Medio Bajo,Saludable,Ahorrador
2205284,628993,191181,1094567,158958,1161872,41262,109072,236524,436331,30684,10.73,19.79,Medio Bajo,Saludable,Ahorrador
2686147,687256,169330,961021,179683,923428,52892,106587,477021,269955,69718,17.76,10.05,Medio Bajo,Saludable,Ahorrador
2846971,512912,211745,1012300,157557,1012801,47942,65112,289215,406804,45080,10.16,14.29,Medio Bajo,Saludable,Ahorrador
2119197,631160,162465,1050133,157448,824067,54387,71998,330418,956265,37063,15.59,45.12,Medio Bajo,Saludable,Ahorrador
1809970,548033,239664,1007978,168874,1156235,43670,82722,194271,618525,32198,10.73,34.17,Medio Bajo,Saludable,Ahorrador
2026948,603644,167306,1159116,136515,698281,50078,82838,346318,181415,37546,17.09,8.95,Medio Bajo,Saludable,Ahorrador
2414701,709472,196876,880436,161123,1349367,35491,56767,433105,1041184,58217,17.94,43.12,Medio Bajo,Saludable,Ahorrador
1783989,556033,236394,1132175,174482,535142,38947,80495,297981,811655,43989,16.7,45.5,Medio Bajo,Saludable,Ahorrador
2087159,674364,239266,871795,145874,1148101,68095,102466,281828,852627,56250,13.5,40.85,Medio Bajo,Saludable,Ahorrador
2443834,529394,171022,1040184,175846,609633,74767,85629,398216,504567,34485,16.29,20.65,Medio Bajo,Saludable,Ahorrador
2718612,596106,194635,1140640,156296,1456422,41212,75928,299899,348724,70375,11.03,12.83,Medio Bajo,Saludable,Ahorrador
2269483,556710,177184,1060943,132625,1443740,43350,97963,310079,322907,26243,13.66,14.23,Medio Bajo,Saludable,Ahorrador
2494930,515504,168209,1074777,125072,525687,42893,78314,253002,279153,67286,10.14,11.19,Medio Bajo,Saludable,Ahorrador
2530208,650820,212226,889524,168202,1240287,59800,79910,311924,571989,66337,12.33,22.61,Medio Bajo,Saludable,Ahorrador
1737067,680181,198459,1111832,164857,838730,48251,63217,196137,456884,27152,11.29,26.3,Medio Bajo,Saludable,Ahorrador
2748015,494304,176102,1148046,176154,787153,39929,94267,395067,221923,25346,14.38,8.08,Medio Bajo,Saludable,Ahorrador
2317704,694260,195763,1036981,153366,586342,46512,93466,290503,401647,65403,12.53,17.33,Medio Bajo,Saludable,Ahorrador
2478446,559363,167561,965498,138030,883116,68553,82700,368022,342121,45395,14.85,13.8,Medio Bajo,Saludable,Ahorrador
2007998,698243,195901,974618,148194,634012,59488,83982,338153,706011,49192,16.84,35.16,Medio Bajo,Saludable,Ahorrador
2662303,497205,160845,1082406,125615,1342399,59204,48851,390259,296983,67098,14.66,11.16,Medio Bajo,Saludable,Ahorrador
1994964,588389,207814,896348,162902,530907,62179,65455,211407,423873,64242,10.6,21.25,Medio Bajo,Saludable,Ahorrador
2571878,489553,238505,871208,136144,1198257,44956,100105,306012,865794,28079,11.9,33.66,Medio Bajo,Saludable,Ahorrador
2802870,610634,221004,844131,125761,1415919,70325,73751,500242,1002049,69991,17.85,35.75,Medio Bajo,Saludable,Ahorrador
2611075,606113,169176,1030959,125680,803572,55468,96043,412695,1041784,39599,15.81,39.9,Medio Bajo,Saludable,Ahorrador
1694705,676422,218995,934982,172867,1045176,53377,61912,245392,372136,40698,14.48,21.96,Medio Bajo,Saludable,Ahorrador
1744866,714907,184758,938982,132834,589231,61907,76182,172995,344952,74253,9.91,19.77,Medio Bajo,Saludable,Ahorrador
1655767,522659,161021,802403,138968,1291519,67371,99741,281334,151304,38047,16.99,9.14,Medio Bajo,Saludable,Ahorrador
1830452,573716,165773,992037,171083,1314084,69635,95467,197367,187336,67683,10.78,10.23,Medio Bajo,Saludable,Ahorrador
1691945,643947,167173,850137,122518,610223,71026,53832,177547,240302,61461,10.49,14.2,Medio Bajo,Saludable,Ahorrador
2053529,635444,222397,1199561,161707,640245,49196,39188,260757,550380,68635,12.7,26.8,Medio Bajo,Saludable,Ahorrador
1846452,644894,238830,1091070,161671,1116206,38268,47111,290883,452309,67934,15.75,24.5,Medio Bajo,Saludable,Ahorrador
1936279,491309,210044,998312,154721,826632,60366,82316,190322,635395,28190,9.83,32.82,Medio Bajo,Saludable,Ahorrador
1767851,704825,238777,835446,127293,973359,68386,65780,249390,202704,38040,14.11,11.47,Medio Bajo,Saludable,Ahorrador
1782813,678689,237872,936174,149838,699722,35669,106153,211012,474445,49349,11.84,26.61,Medio Bajo,Saludable,Ahorrador
2923497,635025,182361,871986,164102,1132833,51231,87712,420207,468135,48379,14.37,16.01,Medio,Saludable,Ahorrador
3990030,666245,208004,934797,126116,835809,72573,112426,648669,647718,72180,16.26,16.23,Medio,Saludable,Ahorrador
2896053,495542,176877,910440,152632,1405991,70204,93657,326757,729737,43367,11.28,25.2,Medio,Saludable,Ahorrador
3906269,621954,169883,1170108,138807,1158851,69649,98500,495818,1192939,36578,12.69,30.54,Medio,Saludable,Ahorrador
3376580,698756,196440,1173571,177189,904989,63839,72508,415231,395935,49537,12.3,11.73,Medio,Saludable,Ahorrador
3425446,547312,224906,1069104,171265,625541,45081,38130,548723,461587,49132,16.02,13.48,Medio,Saludable,Ahorrador
2971121,604306,206655,1016770,147555,938865,29651,43931,427264,659330,29179,14.38,22.19,Medio,Saludable,Ahorrador
3889042,591401,228456,1060358,137496,1401633,29471,100269,413175,1234890,31370,10.62,31.75,Medio,Saludable,Ahorrador
3192139,648162,164201,944588,148164,1167697,45729,101915,499554,973678,48335,15.65,30.5,Medio,Saludable,Ahorrador
3500991,703504,165498,1085875,174170,848010,57666,110040,618513,846555,54995,17.67,24.18,Medio,Saludable,Ahorrador
3096914,719626,171402,945086,174338,921294,34567,90623,320145,378507,68885,10.34,12.22,Medio,Saludable,Ahorrador
3596987,685446,204130,817930,149620,1087525,65235,43512,505665,941206,37434,14.06,26.17,Medio,Saludable,Ahorrador
3667986,608648,194235,1041368,154736,1256341,43967,81436,572989,1126439,69165,15.62,30.71,Medio,Saludable,Ahorrador
3078715,701511,227830,1115127,126956,1391815,53980,62499,505033,1163120,47487,16.4,37.78,Medio,Saludable,Ahorrador
3468888,513161,228310,891061,161027,1218794,66957,49912,401438,1342378,64221,11.57,38.7,Medio,Saludable,Ahorrador
3403437,700298,166303,970641,166838,886675,40602,69267,532985,1557294,36875,15.66,45.76,Medio,Saludable,Ahorrador
3802159,694887,206617,1139955,155302,609928,58262,77083,417840,544274,67866,10.99,14.31,Medio,Saludable,Ahorrador
3015675,507078,216179,1116615,161403,1384137,70413,62019,292736,818768,66554,9.71,27.15,Medio,Saludable,Ahorrador
3786777,586682,191507,877059,124329,1224816,51378,48262,569930,771311,55840,15.05,20.37,Medio,Saludable,Ahorrador
4036687,595636,172995,902284,134313,724485,41107,79195,544027,328577,71521,13.48,8.14,Medio,Saludable,Ahorrador
3114654,501704,169282,893977,171825,1066918,44631,51302,492079,712861,30319,15.8,22.89,Medio,Saludable,Ahorrador
3811883,708789,236663,904629,167524,714298,69773,111199,379161,914806,31652,9.95,24.0,Medio,Saludable,Ahorrador
3137656,485559,214494,957041,176674,1293003,37325,57025,518798,465573,62774,16.53,14.84,Medio,Saludable,Ahorrador
3434109,530116,216101,898854,149195,547164,35216,73876,455427,1233936,56536,13.26,35.93,Medio,Saludable,Ahorrador
3283075,706202,187600,1050037,148251,1300387,27809,112272,346660,554650,30087,10.56,16.89,Medio,Saludable,Ahorrador
3397069,661735,235768,843832,134355,850774,73519,54751,335701,711410,42787,9.88,20.94,Medio,Saludable,Ahorrador
3712545,610858,205906,1081728,138328,634385,40333,65613,362446,332226,42303,9.76,8.95,Medio,Saludable,Ahorrador
3314739,526157,191527,1072489,143814,608653,32806,96698,523588,1285997,69197,15.8,38.8,Medio,Saludable,Ahorrador
3461205,621480,173137,1040245,175544,841100,30504,92981,598856,1265906,60636,17.3,36.57,Medio,Saludable,Ahorrador
3639067,622098,190316,1191051,164892,854892,50523,77835,426095,1656550,47132,11.71,45.52,Medio,Saludable,Ahorrador
3339071,491183,169520,1182200,163585,1102639,52920,79236,517317,572997,32595,15.49,17.16,Medio,Saludable,Ahorrador
3791280,563601,185607,921517,161529,717958,56433,47604,626488,1405056,31203,16.52,37.06,Medio,Saludable,Ahorrador
3842817,568670,217435,1197349,162950,1423005,74087,86230,650405,1101405,64023,16.93,28.66,Medio,Saludable,Ahorrador
4013023,543645,220043,939403,134940,1376967,44381,69936,662649,1030876,47412,16.51,25.69,Medio,Saludable,Ahorrador
4036640,582471,216797,1178774,170326,795412,32197,84538,426370,1826565,46713,10.56,45.25,Medio,Saludable,Ahorrador
3924647,513545,161014,830296,174781,770740,40028,57072,462497,761545,46309,11.78,19.4,Medio,Saludable,Ahorrador
3266495,624172,207610,988072,145926,881250,40726,38339,541782,853788,71064,16.59,26.14,Medio,Saludable,Ahorrador
3939045,605003,237515,989423,144706,1116709,36812,92950,538892,1179127,72723,13.68,29.93,Medio,Saludable,Ahorrador
3040756,492260,194806,858239,173588,1326785,39989,45528,477651,498201,74571,15.71,16.38,Medio,Saludable,Ahorrador
3729204,505230,214903,899197,132703,949974,42605,59158,480614,691364,68306,12.89,18.54,Medio,Saludable,Ahorrador
3008186,612232,164793,822088,137680,629662,52564,76877,439375,921891,35275,14.61,30.65,Medio,Saludable,Ahorrador
3515966,641402,222546,1142530,141323,1448828,69121,41880,357845,900087,68416,10.18,25.6,Medio,Saludable,Ahorrador
3508275,612109,221461,1169849,179105,1153913,42776,62167,558876,1044430,58225,15.93,29.77,Medio,Saludable,Ahorrador
3716822,627933,209918,883856,139414,765534,40639,72968,589023,1696708,37146,15.85,45.65,Medio,Saludable,Ahorrador
3185751,611424,180755,1049533,170359,1188841,72649,46213,512110,403886,68588,16.08,12.68,Medio,Saludable,Ahorrador
3203162,489582,195594,961812,129995,518453,39552,78330,514947,435649,35653,16.08,13.6,Medio,Saludable,Ahorrador
3471565,518348,191325,1076565,171336,617186,40080,89716,614198,1451439,54003,17.69,41.81,Medio,Saludable,Ahorrador
3935338,633138,171989,810434,123275,1406975,64853,88557,703133,1268398,29548,17.87,32.23,Medio,Saludable,Ahorrador
3803362,698820,194266,1015145,154359,871979,34502,99114,446486,558996,37814,11.74,14.7,Medio,Saludable,Ahorrador
3203805,529664,174306,944522,170696,1236494,63969,81789,446845,686522,58909,13.95,21.43,Medio,Saludable,Ahorrador
3689559,641936,213952,1145771,167112,1399865,41589,68470,526668,1517435,74317,14.27,41.13,Medio,Saludable,Ahorrador
4061184,697386,232534,1154843,122173,1421011,74197,97475,488401,1462071,54523,12.03,36.0,Medio,Saludable,Ahorrador
4564776,527688,204031,937289,144216,835351,71591,103224,488628,2111797,27373,10.7,46.26,Medio Alto,Saludable,Ahorrador
4475781,598026,215178,800784,157464,1182518,63124,96949,797481,437770,35415,17.82,9.78,Medio Alto,Saludable,Ahorrador
4965596,597105,179847,944704,173096,1388553,35185,72423,570847,1198920,52779,11.5,24.14,Medio Alto,Saludable,Ahorrador
4300665,512722,225624,1135233,135122,756392,69391,92053,591830,896309,44618,13.76,20.84,Medio Alto,Saludable,Ahorrador
4752912,566364,199203,967743,127115,1237099,61729,66785,783474,1028865,32559,16.48,21.65,Medio Alto,Saludable,Ahorrador
4612995,632374,160945,1154933,171776,1316355,44046,97103,737634,2173987,49882,15.99,47.13,Medio Alto,Saludable,Ahorrador
4228361,560302,233445,1090929,157389,654825,33439,47970,440402,619263,55210,10.42,14.65,Medio Alto,Saludable,Ahorrador
4431062,681538,179742,856848,141777,1185982,33754,84690,683505,2064835,31917,15.43,46.6,Medio Alto,Saludable,Ahorrador
4648746,713775,202251,1086419,176645,1425977,43546,67829,800794,1000154,55595,17.23,21.51,Medio Alto,Saludable,Ahorrador
4864888,523450,186334,1077195,137984,730079,46473,100943,845958,826728,61594,17.39,16.99,Medio Alto,Saludable,Ahorrador
5265769,556737,183819,1092062,137763,799952,56284,98212,567671,1972653,73179,10.78,37.46,Medio Alto,Saludable,Ahorrador
4963783,596490,195676,1132594,150391,1473204,65655,65175,731665,2347942,68598,14.74,47.3,Medio Alto,Saludable,Ahorrador
4134195,549397,214350,1049543,159314,839890,42642,39185,581855,854107,63294,14.07,20.66,Medio Alto,Saludable,Ahorrador
5004591,502188,170358,1081477,132278,539071,47004,65264,822133,1476193,43405,16.43,29.5,Medio Alto,Saludable,Ahorrador
4754703,558360,204215,974340,122331,1330104,51185,80547,518169,1994932,59788,10.9,41.96,Medio Alto,Saludable,Ahorrador
4108207,547509,165705,961081,170600,747651,46535,77088,522374,1727675,26381,12.72,42.05,Medio Alto,Saludable,Ahorrador
4946157,629645,192755,951889,179937,1119928,27887,92450,641751,2321967,52636,12.97,46.94,Medio Alto,Saludable,Ahorrador
4227298,600881,162512,1027169,124366,593645,60261,67622,568335,437809,26374,13.44,10.36,Medio Alto,Saludable,Ahorrador
4722385,554691,186089,1032098,165593,1476111,44521,41725,529370,1538679,54830,11.21,32.58,Medio Alto,Saludable,Ahorrador
4492332,559267,178272,900751,139820,515535,29876,48996,477830,1218361,53356,10.64,27.12,Medio Alto,Saludable,Ahorrador
5143357,489080,236508,1119368,121213,1120026,74496,89480,871738,796064,27640,16.95,15.48,Medio Alto,Saludable,Ahorrador
4934045,634601,208958,975495,148542,984901,47524,77326,543315,1715377,74969,11.01,34.77,Medio Alto,Saludable,Ahorrador
4178436,653456,201282,1021898,148363,1061691,52110,107073,626122,1440918,55379,14.98,34.48,Medio Alto,Saludable,Ahorrador
4824137,659125,235447,1103319,132010,626883,35351,62348,562446,445115,48416,11.66,9.23,Medio Alto,Saludable,Ahorrador
4524197,612965,205835,1188370,149812,1418310,46561,80993,759878,1765243,45130,16.8,39.02,Medio Alto,Saludable,Ahorrador
4586322,620527,188491,843819,166386,612547,25731,100867,809067,1596257,49278,17.64,34.8,Medio Alto,Saludable,Ahorrador
4932166,515501,165318,833987,161950,774806,55158,83794,802068,1492865,33133,16.26,30.27,Medio Alto,Saludable,Ahorrador
4573775,696306,227118,874619,160210,623445,42106,37686,772897,666606,73050,16.9,14.57,Medio Alto,Saludable,Ahorrador
4190018,646147,230644,845867,152560,1007467,59917,86496,493036,857793,56972,11.77,20.47,Medio Alto,Saludable,Ahorrador
5139409,543346,160102,1039092,120118,981549,36275,78009,844915,1794151,50042,16.44,34.91,Medio Alto,Saludable,Ahorrador
4690450,570705,212467,880913,146935,1307083,27724,92966,597885,934849,36986,12.75,19.93,Medio Alto,Saludable,Ahorrador
4862201,496974,176482,1155580,157187,585204,25404,39575,611463,1352017,53968,12.58,27.81,Medio Alto,Saludable,Ahorrador
5040159,536991,176821,1104146,136321,867990,26178,90899,872190,1068409,35016,17.3,21.2,Medio Alto,Saludable,Ahorrador
5179424,543092,190743,973036,149739,1459970,66784,45275,891872,645112,62500,17.22,12.46,Medio Alto,Saludable,Ahorrador
4929502,548031,208153,829808,170393,1072108,33140,110249,886906,535958,54622,17.99,10.87,Medio Alto,Saludable,Ahorrador
5161987,525088,168815,1118211,130234,926577,29266,76112,824232,1194259,59973,15.97,23.14,Medio Alto,Saludable,Ahorrador
4882344,513077,232540,1125125,157572,1082766,66794,75822,512987,1655460,52419,10.51,33.91,Medio Alto,Saludable,Ahorrador
4286753,604313,193199,952375,149396,659906,73908,52955,636506,1451136,69522,14.85,33.85,Medio Alto,Saludable,Ahorrador
5265061,495912,162184,1027032,138382,1437187,28860,84518,772491,1024353,28589,14.67,19.46,Medio Alto,Saludable,Ahorrador
5283313,545105,170753,835077,165378,1110357,25159,74837,812583,1353527,59073,15.38,25.62,Medio Alto,Saludable,Ahorrador
4371160,708222,184541,1111910,123490,1001295,53004,90052,434471,1153589,73730,9.94,26.39,Medio Alto,Saludable,Ahorrador
4196778,542515,201768,806817,163513,1428162,57745,111876,650358,708856,45414,15.5,16.89,Medio Alto,Saludable,Ahorrador
4703385,571754,214914,940383,142143,1297843,61139,108056,573622,1051306,39472,12.2,22.35,Medio Alto,Saludable,Ahorrador
4564349,683384,197242,1015226,149465,1044487,58080,95299,538974,1199465,51428,11.81,26.28,Medio Alto,Saludable,Ahorrador
5169469,633145,221248,930483,150956,1194520,66341,55751,679921,2208668,56336,13.15,42.73,Medio Alto,Saludable,Ahorrador
4790779,701972,161831,923370,129757,554010,36437,48463,588497,1147207,74973,12.28,23.95,Medio Alto,Saludable,Ahorrador
5271492,612411,234243,863941,149320,848548,58668,48539,689672,920702,50826,13.08,17.47,Medio Alto,Saludable,Ahorrador
4216488,515382,197253,846038,142641,1073464,26162,75579,608765,601891,37886,14.44,14.27,Medio Alto,Saludable,Ahorrador
4236062,640262,237539,931446,154211,553916,67521,76976,526283,1048086,56337,12.42,24.74,Medio Alto,Saludable,Ahorrador
4722321,638254,172713,1103559,151532,778218,61597,54737,669211,1056035,69923,14.17,22.36,Medio Alto,Saludable,Ahorrador
4514943,527970,166100,1135396,179601,766160,35993,89655,434387,1492218,64403,9.62,33.05,Medio Alto,Saludable,Ahorrador
4932984,490019,227143,1140618,134484,544802,43988,42329,858657,2237644,47173,17.41,45.36,Medio Alto,Saludable,Ahorrador
5345795,685309,217737,840801,176052,1005984,66821,58599,618452,557229,62666,11.57,10.42,Alto,Saludable,Ahorrador
5709663,654429,162209,1057409,177241,676176,70417,83351,830241,1527965,61121,14.54,26.76,Alto,Saludable,Ahorrador
5474709,685034,174016,1191939,144686,1372461,63227,73443,704168,995586,30580,12.86,18.19,Alto,Saludable,Ahorrador
5389195,680484,179804,1109647,125206,1006287,68822,64682,849286,1594782,51464,15.76,29.59,Alto,Saludable,Ahorrador
5575715,603238,202641,1134834,141890,999435,30996,47149,659509,488468,43252,11.83,8.76,Alto,Saludable,Ahorrador
5720493,491819,179299,897800,159813,861812,70326,39793,666183,1047692,51974,11.65,18.31,Alto,Saludable,Ahorrador
5874613,616982,195895,1182711,124497,554765,69319,95267,594730,2691685,69728,10.12,45.82,Alto,Saludable,Ahorrador
5434020,545964,207904,958901,138259,771267,63686,39940,950807,1364864,43501,17.5,25.12,Alto,Saludable,Ahorrador
5493932,502186,199496,860163,169093,651129,33427,45442,691287,618267,42968,12.58,11.25,Alto,Saludable,Ahorrador
5830398,613869,202181,950645,145136,1078897,50913,108168,637628,2651899,67111,10.94,45.48,Alto,Saludable,Ahorrador
5598533,628098,174597,956863,148060,1411832,60043,39491,653551,673765,62686,11.67,12.03,Alto,Saludable,Ahorrador
5858456,481449,238371,1001906,135749,956279,44316,94174,833808,877897,62043,14.23,14.99,Alto,Saludable,Ahorrador
6375378,549423,192552,1164016,144709,1278322,36769,60854,624144,1756662,63432,9.79,27.55,Alto,Saludable,Ahorrador
5535012,522320,196223,1084984,121445,641803,43107,99129,589881,1410618,74914,10.66,25.49,Alto,Saludable,Ahorrador
5543680,507624,174995,1109393,123025,668596,38349,51475,830849,790616,36486,14.99,14.26,Alto,Saludable,Ahorrador
5408012,540213,216452,820422,129460,1365533,51317,76115,671722,1081785,47542,12.42,20.0,Alto,Saludable,Ahorrador
5427986,636663,191897,905129,165123,928629,72914,63066,754254,1946238,41683,13.9,35.86,Alto,Saludable,Ahorrador
6232994,661168,185888,892373,167483,1234862,40684,100846,1087012,1608401,51393,17.44,25.8,Alto,Saludable,Ahorrador
6271312,600525,211824,1022936,154567,701509,43325,71145,660740,1036043,50441,10.54,16.52,Alto,Saludable,Ahorrador
5595349,586925,195131,986426,171413,729072,51316,109819,757362,1175626,60050,13.54,21.01,Alto,Saludable,Ahorrador
5613250,686100,167372,1076080,159114,539225,47467,94928,608737,1631835,72753,10.84,29.07,Alto,Saludable,Ahorrador
6209975,512112,201818,928230,168784,933932,70734,47670,933353,2974842,35551,15.03,47.9,Alto,Saludable,Ahorrador
6162170,540960,164379,964308,157735,1008708,52257,103980,637679,1765808,65215,10.35,28.66,Alto,Saludable,Ahorrador
5545499,659491,205454,1020974,122458,1346497,33787,62646,602930,2123988,45625,10.87,38.3,Alto,Saludable,Ahorrador
6012229,521016,219357,883531,166577,934261,58629,51565,655588,1638582,47875,10.9,27.25,Alto,Saludable,Ahorrador
5947124,572824,186408,893802,120600,928789,45116,49475,1019688,2759069,50027,17.15,46.39,Alto,Saludable,Ahorrador
5944239,556220,191753,1194351,135375,1429557,52505,106333,883542,679282,40095,14.86,11.43,Alto,Saludable,Ahorrador
5443105,674235,239568,1108025,122862,809250,38272,74317,971644,1794883,52546,17.85,32.98,Alto,Saludable,Ahorrador
5679937,579478,225658,982847,132706,770603,44961,105575,894924,1762692,55801,15.76,31.03,Alto,Saludable,Ahorrador
6132300,665291,231257,909796,150875,689310,35002,59513,929216,2835140,65766,15.15,46.23,Alto,Saludable,Ahorrador
5820701,706634,182658,826696,151236,511180,69472,111536,595648,2156386,26894,10.23,37.05,Alto,Saludable,Ahorrador
5778359,528830,210785,1013070,127759,1293809,58321,65002,1034746,1705592,45412,17.91,29.52,Alto,Saludable,Ahorrador
6357868,536401,163789,840884,151052,1145941,65856,66657,1108116,1701893,51618,17.43,26.77,Alto,Saludable,Ahorrador
5493035,620060,177957,940074,163289,1353751,59338,51810,654065,2236563,59781,11.91,40.72,Alto,Saludable,Ahorrador
5414987,663886,183681,1014585,147899,1184080,61631,75639,910028,2534851,69799,16.81,46.81,Alto,Saludable,Ahorrador
5435552,516092,216331,1122235,165816,1131517,66851,94571,693031,1460914,49860,12.75,26.88,Alto,Saludable,Ahorrador
5829435,629259,184437,812155,175989,1319668,60986,43667,894719,1644679,66531,15.35,28.21,Alto,Saludable,Ahorrador
6055506,509887,229239,835694,127418,912855,35846,87995,967759,2795343,73999,15.98,46.16,Alto,Saludable,Ahorrador
5776009,708300,203727,903334,142698,1272038,61459,68033,940272,2505624,42862,16.28,43.38,Alto,Saludable,Ahorrador
6102053,529182,176022,1191869,149562,1108593,55257,82880,835999,875152,48311,13.7,14.34,Alto,Saludable,Ahorrador
5726507,510449,212462,990424,176541,680000,45925,82159,838820,1177770,53547,14.65,20.57,Alto,Saludable,Ahorrador
5533305,693659,174538,955014,123846,567984,61468,86615,931085,540306,48765,16.83,9.76,Alto,Saludable,Ahorrador
6228737,608756,219131,860084,149334,1425671,61254,86395,1081093,702532,38515,17.36,11.28,Alto,Saludable,Ahorrador
5611134,582639,231948,942094,153968,1414246,69153,49251,989945,958193,46524,17.64,17.08,Alto,Saludable,Ahorrador
5912789,608531,223658,939485,178197,924382,53311,50542,627940,1681967,30185,10.62,28.45,Alto,Saludable,Ahorrador
5796476,502048,201328,903026,129211,1209160,25049,76530,764825,1944401,53398,13.19,33.54,Alto,Saludable,Ahorrador
5800334,607120,164440,1052743,177585,1108261,51580,58055,649132,640962,44084,11.19,11.05,Alto,Saludable,Ahorrador
5491710,547562,186175,1121857,172801,803508,47156,71956,560380,1028943,70861,10.2,18.74,Alto,Saludable,Ahorrador
5766288,529282,220583,991235,146679,1239913,71537,73495,839220,863207,44462,14.55,14.97,Alto,Saludable,Ahorrador
5489997,705673,167102,1104131,161465,735061,58371,105483,909128,581214,47370,16.56,10.59,Alto,Saludable,Ahorrador
5520679,711051,214117,1117167,140770,1325263,27995,98034,911920,2008624,37486,16.52,36.38,Alto,Saludable,Ahorrador
6398594,593806,184142,1023375,138746,1402155,71613,89092,1031350,1004831,33439,16.12,15.7,Alto,Saludable,Ahorrador
8154578,638011,185347,1090489,145427,1109848,28118,76691,1181056,938777,51882,14.48,11.51,Muy alto,Saludable,Ahorrador
7031644,702762,202294,987387,133507,746892,73104,58883,796236,2950669,28853,11.32,41.96,Muy alto,Saludable,Ahorrador
9723552,698210,163391,863107,163911,683191,63674,51589,1541773,2447159,51657,15.86,25.17,Muy alto,Saludable,Ahorrador
9574492,540504,217313,1140244,155623,1350568,34569,51210,1649945,775358,41981,17.23,8.1,Muy alto,Saludable,Ahorrador
8456267,598436,192097,918555,149222,1446499,65739,54477,852445,2874943,31594,10.08,34.0,Muy alto,Saludable,Ahorrador
8970130,510326,179227,1185001,128322,988290,56877,95573,982180,965891,34076,10.95,10.77,Muy alto,Saludable,Ahorrador
8474974,630156,221366,1094249,148514,1047398,60606,88098,1161660,3431872,38397,13.71,40.49,Muy alto,Saludable,Ahorrador
9647268,666343,183836,900250,123588,1095817,25242,99483,1480603,1625830,42189,15.35,16.85,Muy alto,Saludable,Ahorrador
7645663,550249,195698,808224,167051,1362717,66453,92928,1285887,3278359,26633,16.82,42.88,Muy alto,Saludable,Ahorrador
8828934,519421,219887,967758,132047,1385629,41740,112255,961075,2565799,40959,10.89,29.06,Muy alto,Saludable,Ahorrador
9113018,662573,183701,1049611,124701,638351,50555,55061,1541597,3903378,60581,16.92,42.83,Muy alto,Saludable,Ahorrador
8174685,564469,160824,841658,148978,1125818,55518,81192,850022,2133297,58855,10.4,26.1,Muy alto,Saludable,Ahorrador
8869600,580097,188306,1032581,136267,1444343,51088,82849,1497069,3273143,32715,16.88,36.9,Muy alto,Saludable,Ahorrador
9943097,687131,225711,1120916,162827,1261768,74059,75049,1788706,1801703,53027,17.99,18.12,Muy alto,Saludable,Ahorrador
7117326,653717,177281,1002300,137691,1330955,73258,67094,1140636,1470673,58700,16.03,20.66,Muy alto,Saludable,Ahorrador
7682715,702031,193892,849004,141948,961761,30684,93281,1189795,1816941,34021,15.49,23.65,Muy alto,Saludable,Ahorrador
7544533,684684,203192,1035953,162530,500928,65405,92561,1162950,3330247,35939,15.41,44.14,Muy alto,Saludable,Ahorrador
6783603,653031,186343,1014780,141520,666629,69144,57552,1147448,2894285,70197,16.92,42.67,Muy alto,Saludable,Ahorrador
8348174,607191,184214,913133,137419,1208829,63260,69886,1030333,2797543,56738,12.34,33.51,Muy alto,Saludable,Ahorrador
6562600,511530,220896,1198275,149345,927143,31853,109688,1151236,1784130,60592,17.54,27.19,Muy alto,Saludable,Ahorrador
8548108,682108,181012,1131460,155066,1327918,43345,108566,1426421,3288464,44930,16.69,38.47,Muy alto,Saludable,Ahorrador
7182455,679131,212938,980205,126925,1114219,72967,77764,984166,3157901,52797,13.7,43.97,Muy alto,Saludable,Ahorrador
9641802,697328,194199,1030887,161221,562542,71007,49259,1056885,2370067,34634,10.96,24.58,Muy alto,Saludable,Ahorrador
6861353,491900,223238,1178047,158894,701107,54927,84250,1037741,1407704,41948,15.12,20.52,Muy alto,Saludable,Ahorrador
8360964,579588,193449,1196874,127068,590347,33088,98028,1497638,2928717,42664,17.91,35.03,Muy alto,Saludable,Ahorrador
9519728,489901,214917,892637,170664,1235674,31963,43065,1107817,976532,35986,11.64,10.26,Muy alto,Saludable,Ahorrador
7925672,560884,188998,884796,120322,975072,41345,39523,1389564,3350747,32945,17.53,42.28,Muy alto,Saludable,Ahorrador
7420820,607624,189139,1074378,149016,985371,28126,53739,977112,2846097,51677,13.17,38.35,Muy alto,Saludable,Ahorrador
8713326,521564,172473,953384,170640,976707,53628,107656,1369262,1941663,46667,15.71,22.28,Muy alto,Saludable,Ahorrador
7757600,510907,208360,1005785,128668,629958,73568,42315,1277564,3398181,72485,16.47,43.8,Muy alto,Saludable,Ahorrador
7418331,660889,176179,1162109,169018,1049332,71212,44662,789288,708747,50463,10.64,9.55,Muy alto,Saludable,Ahorrador
9582972,517284,182313,1149223,165366,1239203,71277,56954,920834,1379087,46264,9.61,14.39,Muy alto,Saludable,Ahorrador
9865744,678536,164391,828618,158689,1221765,63356,38613,1078836,2920122,55784,10.94,29.6,Muy alto,Saludable,Ahorrador
8110227,614492,204300,874546,152721,1122819,50828,110257,953672,1622224,48303,11.76,20.0,Muy alto,Saludable,Ahorrador
7751938,562628,161338,853193,128285,703261,31026,70071,776730,2843663,62053,10.02,36.68,Muy alto,Saludable,Ahorrador
6676198,639230,169027,1066173,139613,639741,27758,54095,1126359,1990518,52152,16.87,29.82,Muy alto,Saludable,Ahorrador
8722145,498214,217770,1144405,178361,593958,68715,71685,1144403,1882368,71083,13.12,21.58,Muy alto,Saludable,Ahorrador
8395858,626596,168828,954666,132140,1358305,60242,77735,1411232,2985391,63964,16.81,35.56,Muy alto,Saludable,Ahorrador
7934676,701578,182225,1015684,142254,1012707,61911,73796,1356864,2789164,29734,17.1,35.15,Muy alto,Saludable,Ahorrador
7258666,532122,210222,1066326,139207,1045328,64760,109970,1052224,1060165,61503,14.5,14.61,Muy alto,Saludable,Ahorrador
7773441,516568,194511,1171708,142817,1156752,55718,100306,874824,3029766,73000,11.25,38.98,Muy alto,Saludable,Ahorrador
7829817,658431,186306,1197615,161503,920140,28156,96745,1272325,1161421,58735,16.25,14.83,Muy alto,Saludable,Ahorrador
7144601,683621,182593,1037417,153525,1236275,33086,101713,705710,1651871,70797,9.88,23.12,Muy alto,Saludable,Ahorrador
8804334,481794,191098,1051745,140419,1342913,57952,95832,1356247,3379380,66351,15.4,38.38,Muy alto,Saludable,Ahorrador
8285411,560806,204528,1099864,178197,552581,54341,89640,1125825,3701788,55505,13.59,44.68,Muy alto,Saludable,Ahorrador
9557682,672850,218487,819796,145609,1319228,32968,94175,1630552,1318699,38980,17.06,13.8,Muy alto,Saludable,Ahorrador
8806821,537117,223049,1070934,152796,790838,43811,68995,1426701,1700032,47224,16.2,19.3,Muy alto,Saludable,Ahorrador
6958336,484301,170552,857174,168529,740281,50008,88533,1133871,3252510,52261,16.3,46.74,Muy alto,Saludable,Ahorrador
8257535,688098,208326,1128541,166813,1479308,37905,100190,1473361,2381431,52903,17.84,28.84,Muy alto,Saludable,Ahorrador
7997178,691584,190568,1084637,142316,735591,55421,77518,802309,1625364,36300,10.03,20.32,Muy alto,Saludable,Ahorrador
8501124,691918,225750,809313,121505,723046,54633,98618,832517,2505474,59858,9.79,29.47,Muy alto,Saludable,Ahorrador
9173475,664889,194802,1181383,136349,1486285,27460,101136,1558262,4175836,54873,16.99,45.52,Muy alto,Saludable,Ahorrador
1407566,525821,181164,914346,132952,1231344,149376,177357,159589,592162,187708,11.34,42.07,Bajo,Saludable,Gastador
1358308,672200,237882,926212,155147,522357,110278,152925,99976,142242,208772,7.36,10.47,Bajo,Saludable,Gastador
968551,579429,186211,1082687,170649,1243040,180379,336174,101941,311646,83359,10.53,32.18,Bajo,Saludable,Gastador
1606048,557326,191705,1152700,123472,1316904,114888,329107,130907,726626,200803,8.15,45.24,Bajo,Saludable,Gastador
856864,482233,228897,1135996,172906,684041,79578,153538,76280,400010,212896,8.9,46.68,Bajo,Saludable,Gastador
1370960,641021,207482,937515,150038,647425,158819,234389,94153,583244,148662,6.87,42.54,Bajo,Saludable,Gastador
1317851,548018,234499,876217,156659,547986,157018,296494,85437,375698,193300,6.48,28.51,Bajo,Saludable,Gastador
1158629,626553,185012,934607,145266,1336339,160572,293277,107617,95609,169558,9.29,8.25,Bajo,Saludable,Gastador
1569168,589356,196082,1036460,172907,828267,127701,188048,145270,535682,148897,9.26,34.14,Bajo,Saludable,Gastador
1271402,608980,196214,862931,161498,766365,177925,184588,109462,195222,207875,8.61,15.35,Bajo,Saludable,Gastador
1480110,686178,181412,1169422,166750,961803,177053,221890,110100,124784,212616,7.44,8.43,Bajo,Saludable,Gastador
1300749,553193,182625,939534,146921,1019462,84323,168189,101683,444170,152127,7.82,34.15,Bajo,Saludable,Gastador
1519076,502830,169323,888373,163205,884629,117110,145862,181595,189793,151579,11.95,12.49,Bajo,Saludable,Gastador
1584646,602547,239654,1064746,169265,749545,156292,273089,156231,617563,168482,9.86,38.97,Bajo,Saludable,Gastador
1112568,513915,165187,1123710,149328,1100638,93263,275066,120966,159413,209965,10.87,14.33,Bajo,Saludable,Gastador
1159747,587492,193951,1083991,173729,1097603,186254,197112,76930,277628,164393,6.63,23.94,Bajo,Saludable,Gastador
886389,591802,164095,812207,123758,977806,83238,210683,78604,191968,223148,8.87,21.66,Bajo,Saludable,Gastador
1372189,706462,212034,1105737,152837,726810,91890,264554,111891,557798,207978,8.15,40.65,Bajo,Saludable,Gastador
1435388,571847,163482,964442,131824,500346,146409,195469,98901,335848,206841,6.89,23.4,Bajo,Saludable,Gastador
1186113,648851,182458,859909,174750,821071,213115,268196,134717,381867,202229,11.36,32.19,Bajo,Saludable,Gastador
1111895,556640,167001,1113313,178792,929051,117881,253913,84388,226941,124323,7.59,20.41,Bajo,Saludable,Gastador
1396468,688199,192050,1142567,129916,1403416,140337,131807,125417,522472,214498,8.98,37.41,Bajo,Saludable,Gastador
1593999,489212,214433,1161742,144486,833771,160692,269001,178180,247581,213135,11.18,15.53,Bajo,Saludable,Gastador
1408092,679693,182700,859269,156257,644984,224724,141403,115038,600948,170249,8.17,42.68,Bajo,Saludable,Gastador
1019961,642725,225547,1002987,130456,510345,133892,286422,66657,166120,112735,6.54,16.29,Bajo,Saludable,Gastador
992409,594063,178571,839067,146591,674642,116179,241777,70829,270416,221820,7.14,27.25,Bajo,Saludable,Gastador
1198757,534198,231323,1039396,169295,608379,128569,250907,143798,294938,192609,12.0,24.6,Bajo,Saludable,Gastador
1316530,481879,213563,1083742,127774,626760,168596,154091,97107,119821,108288,7.38,9.1,Bajo,Saludable,Gastador
1568063,687052,184920,890995,176007,1087784,177046,264288,132271,549211,93878,8.44,35.02,Bajo,Saludable,Gastador
1472093,516242,182226,1033256,133392,1427819,196583,265377,104872,473042,130016,7.12,32.13,Bajo,Saludable,Gastador
1502391,537736,195341,1060202,174333,830834,103296,155471,100621,485445,126149,6.7,32.31,Bajo,Saludable,Gastador
1210314,682532,200731,834274,135030,507618,93259,244349,102276,579972,188348,8.45,47.92,Bajo,Saludable,Gastador
1384344,642095,214991,1079576,161441,680491,119021,200671,151617,331536,114093,10.95,23.95,Bajo,Saludable,Gastador
1316956,627344,226395,958897,124283,1460136,175965,133228,157373,284813,114427,11.95,21.63,Bajo,Saludable,Gastador
1303766,494771,197068,1142686,138597,655763,170639,244259,155837,252913,139119,11.95,19.4,Bajo,Saludable,Gastador
882559,650320,196507,854652,154039,741519,205301,167297,70052,293172,94729,7.94,33.22,Bajo,Saludable,Gastador
1488341,590293,176124,1112552,151430,537604,202413,302271,95440,445535,198170,6.41,29.94,Bajo,Saludable,Gastador
1009760,493979,175453,897955,153282,1473884,211436,125355,104623,105786,140365,10.36,10.48,Bajo,Saludable,Gastador
1100660,487061,177988,1124719,132949,557894,124336,145072,115395,252163,121388,10.48,22.91,Bajo,Saludable,Gastador
1334374,669790,161896,977862,167345,1196406,126959,264625,111373,432036,106948,8.35,32.38,Bajo,Saludable,Gastador
942584,581039,201654,1028564,145432,1062125,160797,235485,74014,117603,165392,7.85,12.48,Bajo,Saludable,Gastador
1108380,695013,239312,1184012,162232,1426433,188498,275539,98360,369445,215262,8.87,33.33,Bajo,Saludable,Gastador
913427,528770,185401,821978,148967,1337584,107160,234001,69434,153508,121146,7.6,16.81,Bajo,Saludable,Gastador
1018582,715705,206746,833281,163904,1496880,148559,256729,106411,94337,187288,10.45,9.26,Bajo,Saludable,Gastador
1551345,663804,172544,1098346,134655,1325171,80080,260883,165890,480509,104429,10.69,30.97,Bajo,Saludable,Gastador
913578,651098,190584,1188909,127460,890386,217827,172336,96728,383532,162053,10.59,41.98,Bajo,Saludable,Gastador
1265953,697664,209978,944291,169657,1180916,121295,328105,120085,337085,80696,9.49,26.63,Bajo,Saludable,Gastador
1601702,519017,231879,980785,174009,1283934,96089,148280,152951,419092,86026,9.55,26.17,Bajo,Saludable,Gastador
1035616,532877,166999,1118804,122211,668241,212610,322083,114811,418554,154361,11.09,40.42,Bajo,Saludable,Gastador
1554780,692134,196315,1030193,132759,1158453,87896,317468,140708,381078,146161,9.05,24.51,Bajo,Saludable,Gastador
1393235,565844,163253,994308,123610,1005929,91943,227272,100107,522298,154246,7.19,37.49,Bajo,Saludable,Gastador
1060522,550616,232560,1141036,173020,967022,197976,330544,85533,283496,130576,8.07,26.73,Bajo,Saludable,Gastador
2013213,625004,198207,1176955,177644,1356890,161799,322228,223294,346783,200181,11.09,17.23,Medio Bajo,Saludable,Gastador
2112727,552148,199841,1145512,177419,814318,151626,270273,192966,905897,107401,9.13,42.88,Medio Bajo,Saludable,Gastador
1820146,614465,195524,975183,156080,717498,117940,234496,189085,154976,127016,10.39,8.51,Medio Bajo,Saludable,Gastador
2189021,480459,177312,1070526,151340,1377539,132232,294971,253423,767657,119632,11.58,35.07,Medio Bajo,Saludable,Gastador
2523378,648143,195333,919136,161322,834296,75032,234228,192886,1067972,223142,7.64,42.32,Medio Bajo,Saludable,Gastador
1990385,701205,166180,1059672,135772,1012122,161664,284334,234298,444693,170559,11.77,22.34,Medio Bajo,Saludable,Gastador
1816251,539396,191719,1119158,149762,639715,158922,259199,118540,474339,156098,6.53,26.12,Medio Bajo,Saludable,Gastador
2144172,688319,207850,1161296,138571,1173477,148486,280154,215002,231864,205070,10.03,10.81,Medio Bajo,Saludable,Gastador
2780675,574608,189192,941678,162547,1194435,218589,146280,239069,676984,139354,8.6,24.35,Medio Bajo,Saludable,Gastador
1903433,561436,160379,1104476,148591,842752,222301,267086,131190,906222,120344,6.89,47.61,Medio Bajo,Saludable,Gastador
2708193,676367,184622,893648,170953,1111808,210238,289511,313822,1250513,126754,11.59,46.18,Medio Bajo,Saludable,Gastador
2713891,514833,216409,1034705,155097,1106916,87588,219981,234639,305695,168245,8.65,11.26,Medio Bajo,Saludable,Gastador
2319262,481593,167306,1035256,163054,839339,104823,320580,209510,245478,203001,9.03,10.58,Medio Bajo,Saludable,Gastador
1764094,653507,222375,848349,163241,841148,158233,330738,201382,236688,120451,11.42,13.42,Medio Bajo,Saludable,Gastador
1726627,528743,168490,1056392,174640,1484856,175586,304372,149144,437037,136873,8.64,25.31,Medio Bajo,Saludable,Gastador
2334945,525088,210677,801746,132854,1389432,196084,250420,277985,443951,124995,11.91,19.01,Medio Bajo,Saludable,Gastador
2413960,673673,189409,940373,121045,960739,89633,129612,195114,849192,162355,8.08,35.18,Medio Bajo,Saludable,Gastador
2093787,488367,218916,878807,136304,1465580,124541,236445,203869,681193,109739,9.74,32.53,Medio Bajo,Saludable,Gastador
2579873,573029,239162,1099411,173354,531102,190846,135069,208147,672042,88783,8.07,26.05,Medio Bajo,Saludable,Gastador
2685804,586806,181906,1026651,163459,914886,125022,138589,274773,1174740,214667,10.23,43.74,Medio Bajo,Saludable,Gastador
1754394,492701,201002,1185985,160793,634595,164650,181611,123881,537647,219275,7.06,30.65,Medio Bajo,Saludable,Gastador
2518103,500447,161689,868342,165819,528952,160992,119197,225393,612899,99751,8.95,24.34,Medio Bajo,Saludable,Gastador
2339639,567017,237908,826212,147776,767493,171268,136388,209623,359681,184596,8.96,15.37,Medio Bajo,Saludable,Gastador
2774251,662110,220928,1078523,146739,648953,189614,259671,226758,1233904,152730,8.17,44.48,Medio Bajo,Saludable,Gastador
2597699,522513,226894,1121472,148499,895556,81261,284867,231619,1243530,115691,8.92,47.87,Medio Bajo,Saludable,Gastador
2487622,603333,238628,1110407,171657,943554,205427,300461,278285,269649,222085,11.19,10.84,Medio Bajo,Saludable,Gastador
2083850,495134,218010,1140781,177919,620161,75944,303767,142570,553225,81208,6.84,26.55,Medio Bajo,Saludable,Gastador
2254174,533893,161798,1025844,161491,514836,107322,119917,145201,400860,223222,6.44,17.78,Medio Bajo,Saludable,Gastador
2318919,594850,233697,1020721,122464,1286527,175807,310525,263251,479279,213423,11.35,20.67,Medio Bajo,Saludable,Gastador
1942837,689063,177853,984835,138103,1157870,82002,262600,195902,671738,126844,10.08,34.58,Medio Bajo,Saludable,Gastador
1825552,623416,237798,1102051,177696,1364081,185455,118675,147395,860922,94946,8.07,47.16,Medio Bajo,Saludable,Gastador
1633540,555074,189801,1078750,130104,993611,127941,125080,151333,176470,209182,9.26,10.8,Medio Bajo,Saludable,Gastador
2218384,627370,179222,970683,157342,1227033,118236,159013,191199,750301,109032,8.62,33.82,Medio Bajo,Saludable,Gastador
2382449,537114,234786,1164749,172962,742002,110245,206740,207206,1142560,196119,8.7,47.96,Medio Bajo,Saludable,Gastador
1793772,677987,183317,837731,124754,878997,169725,143644,176895,203893,161057,9.86,11.37,Medio Bajo,Saludable,Gastador
2544566,517987,162688,915330,171286,1317136,151989,120274,266481,280631,183590,10.47,11.03,Medio Bajo,Saludable,Gastador
1841807,557292,183421,1135752,143314,772708,213871,170729,130799,392526,124677,7.1,21.31,Medio Bajo,Saludable,Gastador
2550712,655394,180698,865673,133727,787720,120162,153858,183759,405757,175871,7.2,15.91,Medio Bajo,Saludable,Gastador
2595115,588940,203176,1119175,173208,952422,155589,299828,208521,809305,95595,8.04,31.19,Medio Bajo,Saludable,Gastador
2669110,618355,236243,864211,134959,763148,171190,228105,249405,554497,85928,9.34,20.77,Medio Bajo,Saludable,Gastador
2765727,681497,170949,996969,162874,1385993,99206,259635,194335,968143,153764,7.03,35.01,Medio Bajo,Saludable,Gastador
2425169,502198,197224,1091232,147007,639022,217597,313604,251742,768163,200040,10.38,31.67,Medio Bajo,Saludable,Gastador
1993446,660421,184009,1073056,128055,801783,145366,112526,224749,205035,112843,11.27,10.29,Medio Bajo,Saludable,Gastador
2004232,648160,215594,806639,139668,1366070,126981,182445,161721,927535,101289,8.07,46.28,Medio Bajo,Saludable,Gastador
2459518,618619,175479,1087764,128583,1436525,146468,336149,234578,1092430,153519,9.54,44.42,Medio Bajo,Saludable,Gastador
1830701,660916,166004,1083501,146675,1366081,224131,246554,152998,774521,124259,8.36,42.31,Medio Bajo,Saludable,Gastador
2258004,587917,212965,874441,153015,688487,169899,312392,233174,734164,100797,10.33,32.51,Medio Bajo,Saludable,Gastador
2495507,641160,226751,1083765,170720,1363724,192164,124404,217019,284141,147256,8.7,11.39,Medio Bajo,Saludable,Gastador
2780859,613174,190964,1190224,161562,1429133,183852,322860,213034,1147805,152321,7.66,41.28,Medio Bajo,Saludable,Gastador
2048248,654717,236216,981545,122376,677694,204806,300429,194992,551855,182277,9.52,26.94,Medio Bajo,Saludable,Gastador
1993949,568660,211962,957299,164086,1034338,117948,297211,232166,833524,105186,11.64,41.8,Medio Bajo,Saludable,Gastador
2640786,718468,229607,820679,134520,618334,164822,138746,212327,607713,93547,8.04,23.01,Medio Bajo,Saludable,Gastador
3937876,579148,209884,1142324,132957,549324,102857,149505,464604,1102169,121273,11.8,27.99,Medio,Saludable,Gastador
3539897,509825,230951,1108225,121449,1200116,130387,134082,323351,746512,100787,9.13,21.09,Medio,Saludable,Gastador
3460169,578891,226091,956268,161526,761341,121974,234387,373183,879818,183278,10.79,25.43,Medio,Saludable,Gastador
2920866,490836,194400,975288,155084,1266332,219097,175993,188058,552519,170348,6.44,18.92,Medio,Saludable,Gastador
3009729,621910,222018,1030325,139861,1345368,143365,193478,257530,1421517,83338,8.56,47.23,Medio,Saludable,Gastador
3711924,671194,162204,809326,176289,912083,211305,131520,368665,674202,115031,9.93,18.16,Medio,Saludable,Gastador
2938074,534500,232434,839117,164543,1375524,181646,249771,330725,1307290,192690,11.26,44.49,Medio,Saludable,Gastador
3405472,555774,172879,832877,172378,1305701,200476,276524,393254,1127001,219893,11.55,33.09,Medio,Saludable,Gastador
3821510,537048,190594,1184392,130963,669493,91514,177097,344350,1428198,132600,9.01,37.37,Medio,Saludable,Gastador
3648037,679757,201878,828735,158243,550196,98301,114883,432689,1262142,139235,11.86,34.6,Medio,Saludable,Gastador
3736812,527871,177227,1109272,179440,1210196,126830,276553,282658,1492324,155546,7.56,39.94,Medio,Saludable,Gastador
3359295,669694,160407,910021,154881,1266128,218250,175407,379855,1257317,144327,11.31,37.43,Medio,Saludable,Gastador
2961012,709125,165680,909140,179804,547642,189642,252593,236016,1169915,85616,7.97,39.51,Medio,Saludable,Gastador
3361361,673019,226581,1189380,157618,976368,154971,136124,289202,728963,134006,8.6,21.69,Medio,Saludable,Gastador
3906527,543627,206126,1027144,155800,1445456,120125,292845,369086,1049189,159358,9.45,26.86,Medio,Saludable,Gastador
4033763,591838,188802,891406,150109,1346166,112506,274749,363679,1608281,166837,9.02,39.87,Medio,Saludable,Gastador
3328372,572373,165778,983522,139498,687780,212708,316907,234348,1568091,132894,7.04,47.11,Medio,Saludable,Gastador
3494485,627551,190518,1095989,140838,509250,199033,295930,410953,1585391,193802,11.76,45.37,Medio,Saludable,Gastador
2923918,535343,211653,1000776,170712,1272211,221779,301413,300268,934174,152295,10.27,31.95,Medio,Saludable,Gastador
4057427,653596,199729,823683,136951,884801,155395,273475,415024,1512816,82880,10.23,37.29,Medio,Saludable,Gastador
3037307,652588,212158,958282,133777,1040629,90361,177785,207235,1035119,167625,6.82,34.08,Medio,Saludable,Gastador
4004825,716334,197142,916023,149450,783352,90912,163583,320479,1773807,213929,8.0,44.29,Medio,Saludable,Gastador
3736907,590890,224928,1013983,157306,785547,82837,314526,441232,1363887,214375,11.81,36.5,Medio,Saludable,Gastador
3507743,595764,197310,836349,162469,761234,207451,177660,409308,916951,82831,11.67,26.14,Medio,Saludable,Gastador
3752595,592806,165506,1135629,131566,941246,92048,169427,409068,1770467,157161,10.9,47.18,Medio,Saludable,Gastador
3312563,612376,175745,895350,145248,1103969,153306,335422,329208,545680,145564,9.94,16.47,Medio,Saludable,Gastador
3386954,502501,170184,1106214,164629,707377,206294,308070,296991,352598,105020,8.77,10.41,Medio,Saludable,Gastador
3303475,701618,215592,1050406,149922,1188164,195895,294806,374603,599159,114947,11.34,18.14,Medio,Saludable,Gastador
3956477,630646,229476,982451,172409,1102628,138162,155990,364922,1608900,201844,9.22,40.66,Medio,Saludable,Gastador
3992464,491728,226737,1094404,167005,523497,122590,330244,312147,1688557,152846,7.82,42.29,Medio,Saludable,Gastador
3017238,635665,229496,1089419,128135,684894,140718,244012,306163,1396654,208107,10.15,46.29,Medio,Saludable,Gastador
3089269,543647,183162,1153470,135545,747489,80841,316632,255900,316874,79806,8.28,10.26,Medio,Saludable,Gastador
3290406,586330,199303,1002083,159925,1225280,193657,268333,230659,1381704,172513,7.01,41.99,Medio,Saludable,Gastador
3447182,617359,171335,1175015,150824,621659,83234,329436,247804,600254,116101,7.19,17.41,Medio,Saludable,Gastador
3352333,609698,180955,1081926,125928,919975,142875,332951,310691,1073842,217696,9.27,32.03,Medio,Saludable,Gastador
2896566,693712,182625,1090735,122454,796922,151698,282495,311391,1111706,182092,10.75,38.38,Medio,Saludable,Gastador
3465811,701211,160042,833831,149126,1277566,141422,317840,415161,393854,100560,11.98,11.36,Medio,Saludable,Gastador
3930611,666290,208048,1007622,165478,545361,153986,281198,369421,1673357,211284,9.4,42.57,Medio,Saludable,Gastador
3888569,482232,165045,991516,168035,1376352,174949,223416,348706,1535513,76174,8.97,39.49,Medio,Saludable,Gastador
3507534,532585,239866,1146326,156760,1158647,167568,287200,417563,937356,116176,11.9,26.72,Medio,Saludable,Gastador
3367306,599547,171901,960360,126012,787407,172019,238720,269552,1358196,157043,8.0,40.33,Medio,Saludable,Gastador
3335963,568032,186131,956034,122213,1472764,198150,114143,256806,978500,221350,7.7,29.33,Medio,Saludable,Gastador
3665812,651720,223969,1040149,169000,553370,180250,259055,310986,833113,171942,8.48,22.73,Medio,Saludable,Gastador
3410979,602290,230948,1128995,130105,723805,78903,231774,273651,384137,216535,8.02,11.26,Medio,Saludable,Gastador
3270633,621551,237904,1120499,171347,1299541,210936,219027,216351,409219,165307,6.61,12.51,Medio,Saludable,Gastador
3740059,572149,237344,917794,132861,1422413,161293,231157,396743,1687252,218488,10.61,45.11,Medio,Saludable,Gastador
3486126,706923,229460,862870,130914,599061,93250,283211,277281,570359,195691,7.95,16.36,Medio,Saludable,Gastador
3283342,662508,208594,959263,174895,566646,85677,293798,386726,654427,84792,11.78,19.93,Medio,Saludable,Gastador
3266313,661319,206857,1011617,146576,675286,194752,219264,372920,1073595,114820,11.42,32.87,Medio,Saludable,Gastador
3052598,502772,176537,951997,157367,1182287,174618,299873,300336,459916,101367,9.84,15.07,Medio,Saludable,Gastador
2902751,577394,215001,1167033,176402,1008066,142575,223228,188060,465956,110371,6.48,16.05,Medio,Saludable,Gastador
2993551,536647,181628,888297,170551,575865,212519,152683,356331,1332477,102370,11.9,44.51,Medio,Saludable,Gastador
4791228,684108,227446,834038,146002,553281,210707,237234,395785,1981023,121915,8.26,41.35,Medio Alto,Saludable,Gastador
4794194,622592,174778,1194602,175594,803169,143209,259762,456129,2011129,80243,9.51,41.95,Medio Alto,Saludable,Gastador
4647299,484685,192336,1142640,163831,1030615,135278,272164,318316,1631009,109386,6.85,35.1,Medio Alto,Saludable,Gastador
4836791,544837,236846,964703,170851,756074,128936,210630,564437,1291387,219740,11.67,26.7,Medio Alto,Saludable,Gastador
4312051,551686,217875,1125649,125217,1419549,186859,274270,377297,1358774,93940,8.75,31.51,Medio Alto,Saludable,Gastador
4535686,562844,218237,802728,175439,722552,211813,273465,518772,1021588,199102,11.44,22.52,Medio Alto,Saludable,Gastador
4205435,626044,186642,813362,161511,1261355,171712,222922,503467,381052,195868,11.97,9.06,Medio Alto,Saludable,Gastador
4349638,665558,233234,1117944,135688,1133813,113002,183585,504974,1939143,108049,11.61,44.58,Medio Alto,Saludable,Gastador
4409662,672295,197008,1167115,120463,597618,141734,203962,328522,594251,112131,7.45,13.48,Medio Alto,Saludable,Gastador
5155872,522702,237203,980850,122466,906276,205607,329403,481676,1174687,185525,9.34,22.78,Medio Alto,Saludable,Gastador
4263765,663052,237356,828959,142137,701418,183392,322436,307817,518070,147878,7.22,12.15,Medio Alto,Saludable,Gastador
4590663,610335,215329,1003497,157433,788061,194017,129840,397039,1120927,197988,8.65,24.42,Medio Alto,Saludable,Gastador
5033472,483832,210436,899945,176606,1430707,75491,119216,330115,545012,88156,6.56,10.83,Medio Alto,Saludable,Gastador
4258185,606555,227896,1194148,142471,977938,132803,273913,297368,1318582,128923,6.98,30.97,Medio Alto,Saludable,Gastador
5291149,582498,182162,870312,140339,1414111,86127,255355,566875,2099095,166092,10.71,39.67,Medio Alto,Saludable,Gastador
4510280,506110,224187,1147270,170238,941154,89409,145695,356908,1734362,213767,7.91,38.45,Medio Alto,Saludable,Gastador
4641998,636617,179912,1195322,167335,913206,139886,201466,467965,1277149,152392,10.08,27.51,Medio Alto,Saludable,Gastador
4200531,651766,178137,892748,124322,1274093,185864,298166,320882,1445082,75807,7.64,34.4,Medio Alto,Saludable,Gastador
4078390,483872,203296,1031777,124908,1012061,115394,256389,284173,1641267,194746,6.97,40.24,Medio Alto,Saludable,Gastador
4762160,645358,163322,981204,143930,1374981,204413,281701,336820,1509480,89494,7.07,31.7,Medio Alto,Saludable,Gastador
4791492,517839,194202,1138969,164157,780076,98552,150862,347494,1483678,111243,7.25,30.96,Medio Alto,Saludable,Gastador
4424890,552749,185469,1093477,177714,700336,194920,236149,335085,2068164,196766,7.57,46.74,Medio Alto,Saludable,Gastador
5167975,510435,215259,1079888,135898,843366,117776,281692,387869,2369263,121063,7.51,45.85,Medio Alto,Saludable,Gastador
5029396,688676,213274,947356,120990,998051,144214,159074,342549,1866219,105511,6.81,37.11,Medio Alto,Saludable,Gastador
4486087,581014,213053,1008943,176020,903880,80277,163231,400753,1278304,197631,8.93,28.49,Medio Alto,Saludable,Gastador
4996282,564433,194659,993583,147092,621235,212511,205363,579839,416135,176362,11.61,8.33,Medio Alto,Saludable,Gastador
5058825,700291,219132,839670,174539,912773,104753,253043,500365,1678201,163594,9.89,33.17,Medio Alto,Saludable,Gastador
4432477,492416,219087,916571,153853,1305931,191613,184812,505997,2087557,168220,11.42,47.1,Medio Alto,Saludable,Gastador
5073541,482900,233102,935340,164912,579648,167607,158353,460111,1773554,191573,9.07,34.96,Medio Alto,Saludable,Gastador
4072894,689825,220478,819631,122181,891534,125135,223790,348931,340264,76324,8.57,8.35,Medio Alto,Saludable,Gastador
4433514,661217,217227,977926,175144,508698,112380,203859,382550,1151910,148154,8.63,25.98,Medio Alto,Saludable,Gastador
4294038,499533,239811,951204,159099,1067927,169813,305297,477072,459061,142691,11.11,10.69,Medio Alto,Saludable,Gastador
4463359,599692,235722,877738,132681,1028027,79671,290624,524423,1192822,120791,11.75,26.72,Medio Alto,Saludable,Gastador
4080415,621605,201177,953895,135628,1184429,191309,243334,397857,1129279,136524,9.75,27.68,Medio Alto,Saludable,Gastador
4846254,690332,189861,1182368,130102,1157678,125520,243631,358938,1029583,94245,7.41,21.24,Medio Alto,Saludable,Gastador
4275037,640583,172396,957810,124307,1016715,126731,122833,413904,486535,195434,9.68,11.38,Medio Alto,Saludable,Gastador
4583883,553340,187453,1191981,145055,1433232,156157,131415,303304,907686,126347,6.62,19.8,Medio Alto,Saludable,Gastador
5155541,707405,174661,1015121,151785,1163861,108513,165742,332335,663618,176261,6.45,12.87,Medio Alto,Saludable,Gastador
4247050,626350,209001,1197227,140561,816646,81550,208821,375488,2020239,81218,8.84,47.57,Medio Alto,Saludable,Gastador
4736963,690051,174106,873226,138956,633355,149178,255492,433396,1959746,184432,9.15,41.37,Medio Alto,Saludable,Gastador
4508957,569378,219272,1110954,127615,1272242,153789,211913,327346,547109,180522,7.26,12.13,Medio Alto,Saludable,Gastador
4431266,637878,213263,1198590,144728,631880,155818,331273,431479,1669852,202163,9.74,37.68,Medio Alto,Saludable,Gastador
5126762,533693,165421,1086554,127846,768166,98385,268019,529242,942834,108288,10.32,18.39,Medio Alto,Saludable,Gastador
5286846,530023,179505,1105852,167652,1072338,175580,180248,443106,2109080,172749,8.38,39.89,Medio Alto,Saludable,Gastador
4273450,610657,165668,1169671,162991,1289110,138480,298475,354270,1039846,152842,8.29,24.33,Medio Alto,Saludable,Gastador
4417801,683256,168051,1049516,125556,1340395,173230,238377,302550,1914346,201746,6.85,43.33,Medio Alto,Saludable,Gastador
5288400,575266,200303,1129430,142528,584574,151974,224348,624010,1283892,138653,11.8,24.28,Medio Alto,Saludable,Gastador
4728679,555805,176902,1139966,173996,1144535,202555,197517,334073,840221,142939,7.06,17.77,Medio Alto,Saludable,Gastador
5132604,600900,224166,1027413,154696,879945,194190,290142,426872,505485,161091,8.32,9.85,Medio Alto,Saludable,Gastador
4822831,579155,165863,818352,175157,1368112,183179,140190,538509,1465993,75858,11.17,30.4,Medio Alto,Saludable,Gastador
4253422,503899,171145,1118688,137425,1324700,77155,174068,498771,1259049,169372,11.73,29.6,Medio Alto,Saludable,Gastador
5206428,688196,169651,924091,136621,943984,119440,127508,431104,1531479,82570,8.28,29.42,Medio Alto,Saludable,Gastador
6369252,508483,197026,883835,178502,1412393,218735,259524,540891,1920294,130998,8.49,30.15,Alto,Saludable,Gastador
6154146,565467,167034,1103161,159347,1286549,183072,271437,412754,1551518,193824,6.71,25.21,Alto,Saludable,Gastador
6153028,615706,197203,1098720,123538,973556,148598,289662,534795,2256913,138054,8.69,36.68,Alto,Saludable,Gastador
5979119,646764,160620,824472,143385,1051807,117733,173761,669840,2448539,209522,11.2,40.95,Alto,Saludable,Gastador
5727196,708747,222327,1008885,139948,679029,116065,251233,415917,2262123,117168,7.26,39.5,Alto,Saludable,Gastador
6120556,586025,222671,908038,172302,957784,154111,314827,417870,2150441,184633,6.83,35.13,Alto,Saludable,Gastador
5554902,680354,238446,821289,148664,961992,185537,184298,640740,1183575,158136,11.53,21.31,Alto,Saludable,Gastador
6346497,640075,231734,1081243,169348,1146570,181101,150775,521706,1674742,146986,8.22,26.39,Alto,Saludable,Gastador
6487371,698947,217424,1189360,139698,1493904,130625,290287,422216,3011628,92134,6.51,46.42,Alto,Saludable,Gastador
5330038,621039,219517,1179253,137478,1412634,177851,178238,464724,902235,111012,8.72,16.93,Alto,Saludable,Gastador
6337366,656800,184598,1064492,143632,542095,192240,252646,412470,2160733,108507,6.51,34.1,Alto,Saludable,Gastador
5542929,606833,221912,915868,170445,762743,76727,154963,596259,2548124,212243,10.76,45.97,Alto,Saludable,Gastador
6169648,679714,175681,857715,139901,1073831,187113,203105,471443,1625579,130487,7.64,26.35,Alto,Saludable,Gastador
5738513,706182,193966,841574,134834,823342,146790,153631,667640,2712052,220075,11.63,47.26,Alto,Saludable,Gastador
6393504,650159,200348,1192757,176724,1175495,224661,271069,464451,512817,215368,7.26,8.02,Alto,Saludable,Gastador
6118487,562925,237251,1061255,152672,796858,215251,234554,612074,1524808,137553,10.0,24.92,Alto,Saludable,Gastador
5506309,704642,233937,859020,158489,1437859,129763,132187,526106,1677785,123495,9.55,30.47,Alto,Saludable,Gastador
5392580,699891,223484,1097126,125416,1263772,88047,299399,420281,1680654,154189,7.79,31.17,Alto,Saludable,Gastador
6390234,642774,230955,1083085,171970,633744,124902,173233,504081,2135382,198714,7.89,33.42,Alto,Saludable,Gastador
5711059,694155,184152,833693,149137,620947,88679,193353,660698,685269,147425,11.57,12.0,Alto,Saludable,Gastador
5915885,560734,194696,992372,120577,1410986,176327,307673,408880,2735551,175819,6.91,46.24,Alto,Saludable,Gastador
5971413,674354,181563,1182271,131452,956536,168068,162630,409362,2741917,181315,6.86,45.92,Alto,Saludable,Gastador
6132431,714298,232621,1090981,129971,606960,120092,317292,437410,548702,82258,7.13,8.95,Alto,Saludable,Gastador
5667495,709349,208554,1199248,172636,543855,130834,205154,612644,1555003,192469,10.81,27.44,Alto,Saludable,Gastador
6381216,535559,189229,1095447,149931,1217860,100936,230893,444216,2873533,80702,6.96,45.03,Alto,Saludable,Gastador
5466991,486596,187552,1005239,152170,1395814,108777,324254,587824,2036512,92283,10.75,37.25,Alto,Saludable,Gastador
5400905,683295,230771,1067650,133972,983800,136987,164004,378861,1366053,129335,7.01,25.29,Alto,Saludable,Gastador
6348958,598674,219075,1076890,142210,840927,199032,301553,500113,2848814,199073,7.88,44.87,Alto,Saludable,Gastador
5677079,645441,188694,1040093,167757,534763,220801,327210,596129,2494984,96925,10.5,43.95,Alto,Saludable,Gastador
5469925,604919,234091,1103482,139169,1063074,189634,271063,648787,2047168,110139,11.86,37.43,Alto,Saludable,Gastador
5394603,698005,173288,1053268,177947,1178899,124908,218987,512600,1594471,169645,9.5,29.56,Alto,Saludable,Gastador
6066300,665921,225948,1044201,177415,754008,173433,262487,389976,1482887,209468,6.43,24.44,Alto,Saludable,Gastador
6185530,542547,223717,1100045,172307,1030412,204140,184868,477107,1794298,171547,7.71,29.01,Alto,Saludable,Gastador
5296923,481321,201784,1104374,178995,1268540,178900,212054,574450,1125447,192590,10.84,21.25,Alto,Saludable,Gastador
6046881,561956,214791,905656,143143,593136,111697,237532,418281,1226891,119940,6.92,20.29,Alto,Saludable,Gastador
6012595,520297,201381,826118,138162,613385,107520,259005,475072,1881068,80347,7.9,31.29,Alto,Saludable,Gastador
5496261,497229,172352,1017524,130425,1198892,196468,241473,599121,1393122,216183,10.9,25.35,Alto,Saludable,Gastador
5589424,704005,229493,1125560,173125,1334195,112215,262761,522175,1204610,171874,9.34,21.55,Alto,Saludable,Gastador
6510940,563442,230369,857358,151330,732429,223154,244304,586927,2634514,215990,9.01,40.46,Alto,Saludable,Gastador
5411821,691017,167736,1115133,151926,838515,106342,152675,638749,2027624,183080,11.8,37.47,Alto,Saludable,Gastador
5965682,645170,195070,992596,152834,1220067,153997,186488,639026,1660363,132096,10.71,27.83,Alto,Saludable,Gastador
5811747,514532,178447,1034709,173188,1118061,109869,331492,687715,1334118,181170,11.83,22.96,Alto,Saludable,Gastador
6410177,529961,206933,1079068,173148,730151,79153,240112,714341,2612704,175093,11.14,40.76,Alto,Saludable,Gastador
5349275,612015,221068,1105695,158865,938311,107745,308153,440002,2359917,186999,8.23,44.12,Alto,Saludable,Gastador
6381147,562018,197620,1164027,127220,806339,143653,125499,505281,3018839,219054,7.92,47.31,Alto,Saludable,Gastador
5458138,702947,197764,939751,167442,712893,131747,193437,570324,2212461,125873,10.45,40.54,Alto,Saludable,Gastador
5382865,665183,192168,846730,167958,1004468,110149,160209,638907,1375302,96540,11.87,25.55,Alto,Saludable,Gastador
5342939,499323,174936,846142,159383,562678,154904,186231,442943,1061373,221081,8.29,19.86,Alto,Saludable,Gastador
6062134,650894,190836,812494,177795,1186129,124972,216972,471668,747352,174797,7.78,12.33,Alto,Saludable,Gastador
5427991,684945,204136,1107895,176472,758608,108999,265518,516512,1762718,119337,9.52,32.47,Alto,Saludable,Gastador
6338285,633840,167729,839968,130832,655272,207002,204230,575017,1700873,134373,9.07,26.83,Alto,Saludable,Gastador
5671661,676987,226377,892111,179696,1183606,186117,287488,401335,2435235,174537,7.08,42.94,Alto,Saludable,Gastador
8854473,565270,227272,1009900,153901,590978,151017,242308,856326,3541364,83162,9.67,40.0,Muy alto,Saludable,Gastador
6531001,541197,173980,844563,155205,1352103,77777,238086,467849,2973704,132966,7.16,45.53,Muy alto,Saludable,Gastador
9615196,620347,179092,1022910,174223,1125880,180479,167181,780325,3100789,116163,8.12,32.25,Muy alto,Saludable,Gastador
9298413,586059,235123,913317,140499,1185682,124084,280161,1106700,4441151,127396,11.9,47.76,Muy alto,Saludable,Gastador
6611704,595287,164259,1072394,145418,1444851,122502,217281,683265,2006042,145480,10.33,30.34,Muy alto,Saludable,Gastador
7148368,558543,226284,1171653,134789,1449567,124079,277099,587690,1797264,181534,8.22,25.14,Muy alto,Saludable,Gastador
6765858,514869,198810,1184941,172052,1452846,141719,162295,597387,557775,180632,8.83,8.24,Muy alto,Saludable,Gastador
7748998,530959,204963,895166,125472,1471593,88738,167547,817478,3504691,143301,10.55,45.23,Muy alto,Saludable,Gastador
7811854,659635,214814,964990,139119,1269752,122584,149560,789416,3670386,161892,10.11,46.98,Muy alto,Saludable,Gastador
6824046,571631,166956,1045344,147782,513885,105911,271310,771379,2920609,111590,11.3,42.8,Muy alto,Saludable,Gastador
8250936,559884,195114,986243,171299,1221607,101263,217207,951079,1356388,212134,11.53,16.44,Muy alto,Saludable,Gastador
9516559,675495,179658,1103624,143346,762028,86357,147852,915349,1137386,114534,9.62,11.95,Muy alto,Saludable,Gastador
7595269,695633,193063,1046704,120282,1367031,216423,305182,595749,1023133,96397,7.84,13.47,Muy alto,Saludable,Gastador
7105471,643593,209367,861018,178832,1473300,140926,151841,717594,3218456,113849,10.1,45.3,Muy alto,Saludable,Gastador
9203275,614400,206100,807475,126904,524479,125572,234251,927238,1408285,103746,10.08,15.3,Muy alto,Saludable,Gastador
9379908,631112,177614,925316,152551,1055270,175883,158310,1040862,3377758,205421,11.1,36.01,Muy alto,Saludable,Gastador
8211954,573676,231567,1069815,162847,645111,114022,159655,892602,1569971,128796,10.87,19.12,Muy alto,Saludable,Gastador
7573330,490114,173941,848047,130305,503509,184963,189044,652240,2132719,96395,8.61,28.16,Muy alto,Saludable,Gastador
7177045,548886,206277,1109441,130409,802666,119578,180301,777970,3336969,81800,10.84,46.5,Muy alto,Saludable,Gastador
7803985,546039,218565,876784,166491,567786,97561,142809,836250,3203678,90610,10.72,41.05,Muy alto,Saludable,Gastador
6613282,555198,190042,949922,129842,788745,170800,337032,655527,1510032,135258,9.91,22.83,Muy alto,Saludable,Gastador
7513198,629970,194051,1026622,156586,1454706,220909,208371,605436,1080470,80278,8.06,14.38,Muy alto,Saludable,Gastador
8101461,709052,161815,1098084,161590,588806,174046,166059,648862,2722822,174249,8.01,33.61,Muy alto,Saludable,Gastador
8487114,624082,195444,1118379,166346,1442602,136409,260164,576489,1173191,114536,6.79,13.82,Muy alto,Saludable,Gastador
9375939,696816,166716,1090198,178527,1092998,187273,289650,897658,3080938,155420,9.57,32.86,Muy alto,Saludable,Gastador
8641553,515577,160834,1073811,135451,1375861,203271,146672,814663,1358347,148856,9.43,15.72,Muy alto,Saludable,Gastador
8804217,719797,204201,1053515,171085,1311814,123822,277130,690727,3925448,176217,7.85,44.59,Muy alto,Saludable,Gastador
8042157,554951,230715,865425,156270,923328,132583,172205,617467,3823097,185777,7.68,47.54,Muy alto,Saludable,Gastador
8803287,481372,206772,1155318,125709,1052341,158771,242006,647088,3271846,219158,7.35,37.17,Muy alto,Saludable,Gastador
9131496,718414,224890,903289,135396,1318630,198256,165232,584531,939587,103779,6.4,10.29,Muy alto,Saludable,Gastador
8375624,645690,210839,896495,129557,825579,146744,275217,935665,1611065,159629,11.17,19.24,Muy alto,Saludable,Gastador
9063183,573958,223454,1126872,149396,857469,192185,171564,988628,1251598,76296,10.91,13.81,Muy alto,Saludable,Gastador
9795296,652227,177509,833231,178310,802510,198560,120694,851645,4294484,215046,8.69,43.84,Muy alto,Saludable,Gastador
9963166,504786,220297,834932,170506,1054593,121816,140332,921964,2430311,169523,9.25,24.39,Muy alto,Saludable,Gastador
6535546,712838,221594,850172,160875,1130092,221050,120197,471261,1405608,150209,7.21,21.51,Muy alto,Saludable,Gastador
7870528,518974,207390,1109756,154442,604353,150790,151106,551647,1785343,210506,7.01,22.68,Muy alto,Saludable,Gastador
7671332,577640,177200,1078423,157464,942659,79772,149229,854905,2259464,163140,11.14,29.45,Muy alto,Saludable,Gastador
8462530,487563,221145,924907,125391,1065994,123197,321535,747013,3863377,198014,8.83,45.65,Muy alto,Saludable,Gastador
7186098,521898,205616,903595,164609,1353543,101267,226402,482974,2967675,107272,6.72,41.3,Muy alto,Saludable,Gastador
7632641,503637,225129,897889,174927,1341169,157858,304578,632177,828668,80245,8.28,10.86,Muy alto,Saludable,Gastador
7204928,581299,231914,1110711,129836,752670,90933,281942,593723,1315669,96764,8.24,18.26,Muy alto,Saludable,Gastador
6964691,667127,185261,898493,135204,1352716,126969,123693,602062,1655523,176207,8.64,23.77,Muy alto,Saludable,Gastador
9591068,557537,192128,1118045,136871,1119058,221089,131715,851022,4419565,211992,8.87,46.08,Muy alto,Saludable,Gastador
9514469,661694,238906,970469,149348,861969,140431,297054,1137921,3642331,93388,11.96,38.28,Muy alto,Saludable,Gastador
9174897,610553,218433,993321,137281,546358,165180,130318,1009952,3254226,107764,11.01,35.47,Muy alto,Saludable,Gastador
6918561,483273,212533,1177150,143654,1161532,208528,314523,555559,787402,100404,8.03,11.38,Muy alto,Saludable,Gastador
7712881,488660,181481,988458,173195,1378775,125972,187159,796633,2017064,180621,10.33,26.15,Muy alto,Saludable,Gastador
6676856,646777,203301,1174765,123577,848101,141007,287942,485484,2138333,161930,7.27,32.03,Muy alto,Saludable,Gastador
8277537,564028,184300,1155690,122427,799542,174053,124461,939568,3245529,103730,11.35,39.21,Muy alto,Saludable,Gastador
9610653,630792,171530,1003476,160785,830417,153170,267579,963278,3366871,122014,10.02,35.03,Muy alto,Saludable,Gastador
7518164,635868,229261,885925,135803,792217,218220,246640,648392,2029201,151681,8.62,26.99,Muy alto,Saludable,Gastador
9125682,491315,204138,1186021,169863,605403,217003,247978,621589,4084503,188916,6.81,44.76,Muy alto,Saludable,Gastador
1002161,502019,233459,869231,156771,1039782,40111,90438,98145,407701,49337,9.79,40.68,Bajo,Saludable,Endeudado
1052659,687869,176498,936047,134830,866227,62455,90237,68419,457563,59586,6.5,43.47,Bajo,Saludable,Endeudado
1418347,679078,190977,862248,161550,1472073,42707,108961,121522,679841,40425,8.57,47.93,Bajo,Saludable,Endeudado
1562646,608553,190561,1112636,126071,564837,74913,75772,158413,741162,39946,10.14,47.43,Bajo,Saludable,Endeudado
1331613,609389,174363,973730,162291,825238,38681,95207,97795,412003,40084,7.34,30.94,Bajo,Saludable,Endeudado
1509784,524027,220545,821117,179898,1477521,52598,78658,99863,398153,30358,6.61,26.37,Bajo,Saludable,Endeudado
1096552,584676,197770,1176624,171847,1057533,29251,104711,84426,572689,69566,7.7,52.23,Bajo,Saludable,Endeudado
1178853,576691,190121,807745,151438,962734,59702,87961,128002,648027,72908,10.86,54.97,Bajo,Saludable,Endeudado
1096247,652326,183901,1155946,135845,1156078,45249,77189,74336,173766,39670,6.78,15.85,Bajo,Saludable,Endeudado
818688,607867,219694,935871,160093,702001,32565,59588,95684,98161,51366,11.69,11.99,Bajo,Saludable,Endeudado
1148708,701340,231467,1102270,159924,788977,43435,106877,103471,627821,52111,9.01,54.65,Bajo,Saludable,Endeudado
1419382,560189,178899,971952,161965,629132,67188,69696,161008,237696,39455,11.34,16.75,Bajo,Saludable,Endeudado
1598490,644033,198614,1020926,141683,631947,32856,109796,110708,452252,25460,6.93,28.29,Bajo,Saludable,Endeudado
1148082,572855,171638,1102989,165776,753510,38896,98635,98508,153629,62437,8.58,13.38,Bajo,Saludable,Endeudado
839463,548034,195830,1147295,152033,839291,62094,48917,89304,158062,49650,10.64,18.83,Bajo,Saludable,Endeudado
1458988,519819,185699,935996,162116,590097,59372,86921,105334,365947,45881,7.22,25.08,Bajo,Saludable,Endeudado
1554494,635313,194016,902099,165877,1318746,29197,51843,163978,694239,56293,10.55,44.66,Bajo,Saludable,Endeudado
1324504,717972,221257,1071473,160060,1075654,62308,45028,152803,137261,58234,11.54,10.36,Bajo,Saludable,Endeudado
1555356,616250,177609,1004138,130959,1034989,36610,39698,175492,400395,70409,11.28,25.74,Bajo,Saludable,Endeudado
1462337,539454,193989,940843,155281,1116546,71686,56273,100007,380368,67515,6.84,26.01,Bajo,Saludable,Endeudado
1304612,695559,221896,800495,174624,1318164,61649,108341,145717,764408,46234,11.17,58.59,Bajo,Saludable,Endeudado
1077704,580922,188572,985538,144510,790441,49043,58078,107629,166390,41810,9.99,15.44,Bajo,Saludable,Endeudado
1084759,715818,226236,1008101,154132,1268368,34967,81321,104581,395296,29572,9.64,36.44,Bajo,Saludable,Endeudado
800822,680466,187106,820750,155212,1386833,56820,53218,65231,132269,42910,8.15,16.52,Bajo,Saludable,Endeudado
1096949,499039,217165,833202,155714,967950,62256,62757,127488,633910,60780,11.62,57.79,Bajo,Saludable,Endeudado
849718,667301,213330,808899,163061,1465609,65811,46248,65702,439267,66278,7.73,51.7,Bajo,Saludable,Endeudado
1227749,678771,236049,1076825,166955,571069,48081,72549,89961,251526,70826,7.33,20.49,Bajo,Saludable,Endeudado
1285538,554607,185469,920326,165886,1105533,45650,102199,116037,654434,39081,9.03,50.91,Bajo,Saludable,Endeudado
1523274,661999,216468,887802,156881,1282284,51173,79077,128914,909887,56443,8.46,59.73,Bajo,Saludable,Endeudado
1348468,508483,194515,893659,155494,1488881,69600,72143,137032,551095,68376,10.16,40.87,Bajo,Saludable,Endeudado
1580432,506060,209087,1062727,141107,1482465,56474,38873,162100,708839,46052,10.26,44.85,Bajo,Saludable,Endeudado
1259654,560722,189967,1039282,166340,1096958,60582,75406,135480,299710,43056,10.76,23.79,Bajo,Saludable,Endeudado
1612544,511866,229916,1178367,171831,1172892,46429,103958,116551,905646,43567,7.23,56.16,Bajo,Saludable,Endeudado
1596026,699258,204819,1033555,179612,1457663,56758,87533,111921,736699,56008,7.01,46.16,Bajo,Saludable,Endeudado
1609343,588827,188150,883992,171570,1117214,60516,49263,160862,557895,27835,10.0,34.67,Bajo,Saludable,Endeudado
1090565,629502,167989,1012593,120557,1347349,67484,111563,80713,445035,25123,7.4,40.81,Bajo,Saludable,Endeudado
802460,609228,181066,1156106,163736,1165974,26364,96277,93742,222246,41362,11.68,27.7,Bajo,Saludable,Endeudado
1247488,492806,170088,1131237,164228,715344,32645,89301,147460,268401,44966,11.82,21.52,Bajo,Saludable,Endeudado
1571436,554218,211023,951598,170386,898166,45475,92482,151330,590513,29006,9.63,37.58,Bajo,Saludable,Endeudado
1267917,672039,192857,1115343,178108,524160,36688,83261,144976,354367,27884,11.43,27.95,Bajo,Saludable,Endeudado
1350090,575997,199641,1020270,141464,871647,34303,80083,103949,370454,71879,7.7,27.44,Bajo,Saludable,Endeudado
1477317,493912,163733,1099698,162030,675507,66381,111398,96287,639039,72930,6.52,43.26,Bajo,Saludable,Endeudado
1000594,557163,212393,868903,143831,709626,70451,74128,79164,345731,64738,7.91,34.55,Bajo,Saludable,Endeudado
923845,670142,209698,818702,151446,1129991,45143,61926,108603,378731,49088,11.76,41.0,Bajo,Saludable,Endeudado
1407393,638795,211768,1013501,121479,880972,73981,96384,115410,583532,25246,8.2,41.46,Bajo,Saludable,Endeudado
1362999,594469,176711,887966,130480,1136009,66143,73819,92696,419316,34318,6.8,30.76,Bajo,Saludable,Endeudado
1456201,648895,171067,1037490,149640,869839,29371,65029,174527,466952,47371,11.99,32.07,Bajo,Saludable,Endeudado
1104615,660122,235864,855997,152132,538906,42084,47423,104280,213239,29380,9.44,19.3,Bajo,Saludable,Endeudado
986578,498657,217769,884391,139241,1247792,41994,39846,100673,376653,36796,10.2,38.18,Bajo,Saludable,Endeudado
1356073,585108,235934,884067,168754,1167435,50850,70835,107350,436888,32343,7.92,32.22,Bajo,Saludable,Endeudado
1492620,571956,204305,925416,133066,699281,26345,108256,101585,638234,50509,6.81,42.76,Bajo,Saludable,Endeudado
1479525,491373,225576,1016937,165917,507299,50860,54313,115104,359351,40044,7.78,24.29,Bajo,Saludable,Endeudado
2094898,491457,180605,808327,167964,1089651,62638,103677,198822,679268,64136,9.49,32.42,Medio Bajo,Saludable,Endeudado
2283835,679875,162316,925887,166407,682663,35997,70905,223745,705035,31827,9.8,30.87,Medio Bajo,Saludable,Endeudado
2665965,615051,182605,1027764,156101,818527,33396,43390,270450,1417636,45913,10.14,53.18,Medio Bajo,Saludable,Endeudado
2747358,491319,202677,1135481,171334,605519,48782,54635,196886,863731,55832,7.17,31.44,Medio Bajo,Saludable,Endeudado
1626232,515687,162274,1161767,125546,788333,67280,92306,172307,356786,57163,10.6,21.94,Medio Bajo,Saludable,Endeudado
2469249,621379,173500,833973,124814,786635,30334,92783,186563,1278112,41839,7.56,51.76,Medio Bajo,Saludable,Endeudado
2265585,682873,178776,1129810,176577,858484,45085,89393,230977,485228,54746,10.2,21.42,Medio Bajo,Saludable,Endeudado
2249794,529793,237754,839091,144065,1467579,31155,39653,194718,1035141,72575,8.65,46.01,Medio Bajo,Saludable,Endeudado
2800109,589368,164546,1174982,173039,1333026,53609,76149,233844,651836,73744,8.35,23.28,Medio Bajo,Saludable,Endeudado
2136924,604474,181876,1126691,176897,807034,45981,54142,225090,665555,37782,10.53,31.15,Medio Bajo,Saludable,Endeudado
1824627,596660,189715,980957,151714,945273,46666,51109,192142,1076380,41994,10.53,58.99,Medio Bajo,Saludable,Endeudado
2751109,616608,175087,900591,162078,953209,30837,87121,190605,678918,38584,6.93,24.68,Medio Bajo,Saludable,Endeudado
1788331,646752,198074,999388,143630,1238798,54265,105115,169939,385300,39131,9.5,21.55,Medio Bajo,Saludable,Endeudado
1758046,677310,168897,1145839,146772,989826,33680,93888,167264,444062,36633,9.51,25.26,Medio Bajo,Saludable,Endeudado
2805636,482811,182035,847103,158588,507107,45253,99843,257593,1409367,29055,9.18,50.23,Medio Bajo,Saludable,Endeudado
2526650,653908,166230,1191696,155341,611513,25697,44273,211122,955194,53425,8.36,37.8,Medio Bajo,Saludable,Endeudado
2396029,649587,200640,811752,128862,1275657,30680,101527,195128,848916,39751,8.14,35.43,Medio Bajo,Saludable,Endeudado
2530799,709005,214692,828538,137718,1283251,62070,72877,232714,1480602,39161,9.2,58.5,Medio Bajo,Saludable,Endeudado
2673007,576244,224158,825692,161470,1167933,37528,63054,289515,958953,31696,10.83,35.88,Medio Bajo,Saludable,Endeudado
2158177,692737,222581,808656,133872,807127,60275,88457,234353,847564,58239,10.86,39.27,Medio Bajo,Saludable,Endeudado
2785751,629742,206418,909166,161463,680693,62589,71601,330733,1438399,73962,11.87,51.63,Medio Bajo,Saludable,Endeudado
2142527,651215,216168,989842,146478,1012233,54145,103569,177064,692445,27367,8.26,32.32,Medio Bajo,Saludable,Endeudado
2410991,620512,178870,1042440,135374,1210636,58978,78028,183146,249043,52176,7.6,10.33,Medio Bajo,Saludable,Endeudado
1905060,572501,168931,934594,175726,1257607,55862,75382,181874,768138,71753,9.55,40.32,Medio Bajo,Saludable,Endeudado
1875837,698422,216883,975851,130524,685665,48247,54061,143946,667544,31399,7.67,35.59,Medio Bajo,Saludable,Endeudado
1854679,634040,234588,1115128,147695,986343,37864,79058,129582,806031,41561,6.99,43.46,Medio Bajo,Saludable,Endeudado
1906978,623588,187342,980066,148377,1194372,58983,94061,125027,709116,62485,6.56,37.19,Medio Bajo,Saludable,Endeudado
2383879,620626,175542,957007,146737,632571,46602,45700,161580,610714,30789,6.78,25.62,Medio Bajo,Saludable,Endeudado
2737895,633766,169018,984691,128323,1135168,66839,91199,199515,382319,34929,7.29,13.96,Medio Bajo,Saludable,Endeudado
2684351,496352,215987,1063225,122852,1417647,28962,65179,295482,815789,48244,11.01,30.39,Medio Bajo,Saludable,Endeudado
2366348,668626,203064,1164348,156024,1416365,67148,53966,233681,930494,43834,9.88,39.32,Medio Bajo,Saludable,Endeudado
1988456,545452,234335,846856,169142,610333,71227,71249,213380,1126890,30249,10.73,56.67,Medio Bajo,Saludable,Endeudado
2192602,547568,162864,903512,177717,1301766,61140,41237,201190,544505,47251,9.18,24.83,Medio Bajo,Saludable,Endeudado
2546263,638902,169243,830277,173145,628696,53310,58674,222058,752655,37374,8.72,29.56,Medio Bajo,Saludable,Endeudado
2465980,558532,223615,858389,144985,805839,65001,41332,184606,531882,43900,7.49,21.57,Medio Bajo,Saludable,Endeudado
1925028,609538,212249,1169921,151517,897991,72463,59447,224188,959704,49732,11.65,49.85,Medio Bajo,Saludable,Endeudado
2782930,566297,172026,1010669,139408,1278037,25609,38849,299495,1486003,62380,10.76,53.4,Medio Bajo,Saludable,Endeudado
2039644,530338,186175,1083221,151667,608865,54127,105461,152527,922660,38322,7.48,45.24,Medio Bajo,Saludable,Endeudado
1839689,490278,193110,852797,176347,1447856,68721,105628,153756,1010425,45323,8.36,54.92,Medio Bajo,Saludable,Endeudado
2414497,692813,193320,1176816,175264,822608,70640,50518,162265,880194,26918,6.72,36.45,Medio Bajo,Saludable,Endeudado
2723493,681821,175015,902801,138433,999491,45211,107206,260201,417556,69984,9.55,15.33,Medio Bajo,Saludable,Endeudado
2400383,559931,234544,1050812,120984,1444414,52757,97723,262961,338358,39789,10.95,14.1,Medio Bajo,Saludable,Endeudado
1658289,517375,166239,898693,134846,969998,31804,98978,198599,986974,48948,11.98,59.52,Medio Bajo,Saludable,Endeudado
1929902,565680,236184,1173299,129386,633534,58929,68899,174766,280605,53794,9.06,14.54,Medio Bajo,Saludable,Endeudado
2097615,665852,190374,1178338,163589,1291065,35941,54998,167663,1160753,38830,7.99,55.34,Medio Bajo,Saludable,Endeudado
1869466,484513,224511,984110,123901,1194600,52968,84089,176059,1051574,26192,9.42,56.25,Medio Bajo,Saludable,Endeudado
2231670,671183,175288,897676,156001,753027,31057,82527,221761,1147576,65869,9.94,51.42,Medio Bajo,Saludable,Endeudado
2200319,677677,213471,1103218,139942,866859,49614,110542,142033,255103,26992,6.46,11.59,Medio Bajo,Saludable,Endeudado
1811561,670320,199533,886188,166650,972639,35842,56141,134159,519321,65854,7.41,28.67,Medio Bajo,Saludable,Endeudado
2005579,637881,173896,1065310,147949,651943,25624,59821,151452,907592,40875,7.55,45.25,Medio Bajo,Saludable,Endeudado
2250973,624106,210298,966303,126230,935798,67298,78820,253744,454753,41356,11.27,20.2,Medio Bajo,Saludable,Endeudado
1782538,659785,212755,907247,134353,975587,38337,65035,120160,712742,69722,6.74,39.98,Medio Bajo,Saludable,Endeudado
3380863,629909,225123,1162500,178174,1168046,52752,64904,376398,967534,53666,11.13,28.62,Medio,Saludable,Endeudado
3277850,626028,176918,1096194,128500,1151720,30288,71098,340839,804951,26300,10.4,24.56,Medio,Saludable,Endeudado
2942170,695023,194282,986306,130920,1427836,62247,81896,316543,1286089,38361,10.76,43.71,Medio,Saludable,Endeudado
3000781,689533,223224,1158095,138175,1003109,73173,41365,268021,778468,62480,8.93,25.94,Medio,Saludable,Endeudado
3657603,708217,237821,1157368,160891,1382899,65563,41556,269398,914779,35324,7.37,25.01,Medio,Saludable,Endeudado
2989370,535201,199617,1124663,154996,608434,65932,90868,289034,1729816,60075,9.67,57.87,Medio,Saludable,Endeudado
3800541,523783,196982,962480,143951,1181213,66230,64964,427315,1826053,47234,11.24,48.05,Medio,Saludable,Endeudado
3142805,658399,231523,1081859,136917,1379965,27265,47163,220621,1421429,53845,7.02,45.23,Medio,Saludable,Endeudado
4060045,506641,163769,806860,139351,636917,55903,80829,280007,1226948,46912,6.9,30.22,Medio,Saludable,Endeudado
3039020,531276,185067,1147002,175400,671378,28271,92187,214882,1609508,43495,7.07,52.96,Medio,Saludable,Endeudado
3727006,636611,192639,937800,150644,1434993,47594,68109,425050,903586,32430,11.4,24.24,Medio,Saludable,Endeudado
3601065,705298,215537,1170857,126523,1421038,46377,87299,261739,1010995,53016,7.27,28.07,Medio,Saludable,Endeudado
3459094,698324,237529,966140,169479,768702,54763,110450,345375,1932301,51878,9.98,55.86,Medio,Saludable,Endeudado
4016077,572331,212836,911262,134908,739546,67385,107217,405231,1355518,37510,10.09,33.75,Medio,Saludable,Endeudado
2887750,712918,200533,1072760,138752,1378377,61561,93345,266582,1083513,65440,9.23,37.52,Medio,Saludable,Endeudado
3282424,669240,194321,1166692,135116,665512,31368,40164,361041,489086,63699,11.0,14.9,Medio,Saludable,Endeudado
3462881,551629,188417,839416,140463,890847,57986,52280,254233,1831197,70093,7.34,52.88,Medio,Saludable,Endeudado
3617275,708803,235092,1093494,164033,1390741,29367,92743,397624,1390905,64918,10.99,38.45,Medio,Saludable,Endeudado
3189684,701635,182105,988922,121640,999239,62032,112440,248340,853528,43304,7.79,26.76,Medio,Saludable,Endeudado
3905515,701655,233432,1120800,162558,1386654,72771,59997,414840,1884173,68709,10.62,48.24,Medio,Saludable,Endeudado
2884244,493265,188316,1099141,136455,1425413,35671,69156,296939,1059641,50612,10.3,36.74,Medio,Saludable,Endeudado
3982027,685818,174347,1178702,176787,1269087,53739,37511,446100,755988,42015,11.2,18.99,Medio,Saludable,Endeudado
3713885,603436,196667,1110685,175086,1063500,35132,110504,273094,768867,61871,7.35,20.7,Medio,Saludable,Endeudado
3126400,683347,173904,895006,145694,1299741,38141,44428,217136,1708163,26041,6.95,54.64,Medio,Saludable,Endeudado
3630210,619614,235420,1046721,144471,611678,42963,56532,275834,1653847,67496,7.6,45.56,Medio,Saludable,Endeudado
3384141,602845,227504,1039426,133511,676936,61346,37649,322090,1584805,29128,9.52,46.83,Medio,Saludable,Endeudado
3865108,694700,238844,1161798,178769,1039216,53564,53538,347806,526144,42843,9.0,13.61,Medio,Saludable,Endeudado
3670554,488706,230675,1118850,133286,1374853,64625,80960,247050,1572469,47307,6.73,42.84,Medio,Saludable,Endeudado
2920440,704284,198087,846316,165169,979862,42585,75923,210634,1486966,44052,7.21,50.92,Medio,Saludable,Endeudado
3971542,555858,185022,826802,149917,1362778,40098,59177,355051,1347780,41824,8.94,33.94,Medio,Saludable,Endeudado
4059391,654335,167739,1108230,151375,1492360,61167,90169,385486,1823205,61993,9.5,44.91,Medio,Saludable,Endeudado
3714670,613416,162869,1126248,178677,1113900,55683,89134,435762,1286457,41956,11.73,34.63,Medio,Saludable,Endeudado
2856239,632420,170809,1114970,145579,1291292,49191,109446,339652,637158,73212,11.89,22.31,Medio,Saludable,Endeudado
3531717,614785,168185,844319,135143,990074,66830,99874,347038,1417869,57283,9.83,40.15,Medio,Saludable,Endeudado
2886144,710523,234298,1034193,164878,1124029,58529,64874,335659,1030387,53965,11.63,35.7,Medio,Saludable,Endeudado
3009734,598876,235160,908954,128467,1002876,26230,47509,324971,1192627,40673,10.8,39.63,Medio,Saludable,Endeudado
3278027,701911,184293,949068,178811,1142357,41433,46708,224067,1256695,51689,6.84,38.34,Medio,Saludable,Endeudado
3716827,495866,184316,1116864,167929,1310682,34927,51207,366586,1221384,56495,9.86,32.86,Medio,Saludable,Endeudado
4048030,633524,167671,849489,174492,931840,70907,39074,424660,467684,67056,10.49,11.55,Medio,Saludable,Endeudado
3178467,608168,168432,846517,121481,739817,26168,103378,284630,1257524,37046,8.95,39.56,Medio,Saludable,Endeudado
3055250,706584,195059,1083383,162435,1110754,58769,86578,356469,1641418,54548,11.67,53.72,Medio,Saludable,Endeudado
3698199,649420,225950,1046849,172769,720119,46577,42089,252574,640291,54956,6.83,17.31,Medio,Saludable,Endeudado
3528485,625939,204182,877723,124770,1237825,58401,69842,354312,1693649,56669,10.04,48.0,Medio,Saludable,Endeudado
2873534,519912,237346,842481,155178,835062,74127,95721,269561,1481142,65011,9.38,51.54,Medio,Saludable,Endeudado
3800341,537362,175467,1040674,135465,524236,37745,44450,444219,1519080,62257,11.69,39.97,Medio,Saludable,Endeudado
3439316,578895,165638,875065,153452,1101474,69323,44269,235583,2058198,68806,6.85,59.84,Medio,Saludable,Endeudado
2913265,649288,206461,800899,175921,1484822,28208,95252,254736,865346,43003,8.74,29.7,Medio,Saludable,Endeudado
3080599,547475,165127,802293,129154,754775,54241,77749,262403,464505,71569,8.52,15.08,Medio,Saludable,Endeudado
3473811,499082,163255,1074240,134191,1044716,65544,37505,409817,1391681,56997,11.8,40.06,Medio,Saludable,Endeudado
2946827,679728,205713,1094920,146314,513225,30648,82436,195423,597689,55005,6.63,20.28,Medio,Saludable,Endeudado
3937455,560421,185825,904220,141114,1173900,42997,74313,299774,2227154,50224,7.61,56.56,Medio,Saludable,Endeudado
3550670,501555,234423,1146391,139403,811712,46599,92230,373639,1408064,58611,10.52,39.66,Medio,Saludable,Endeudado
4401908,685110,171516,808285,170688,1383844,63847,53908,342636,1948348,52500,7.78,44.26,Medio Alto,Saludable,Endeudado
4962304,489137,211018,872199,157060,1440946,33889,68361,421018,2522604,52222,8.48,50.84,Medio Alto,Saludable,Endeudado
4721741,600490,177870,1070421,165782,659962,51529,46220,504814,2607565,60466,10.69,55.22,Medio Alto,Saludable,Endeudado
5199288,626158,232015,847992,171330,1331260,68366,78367,397398,2411626,39426,7.64,46.38,Medio Alto,Saludable,Endeudado
4879001,679654,188922,1014141,141477,1038277,50529,48088,393022,1493725,46314,8.06,30.62,Medio Alto,Saludable,Endeudado
5243062,573453,198703,913366,138980,555378,53874,101886,374031,2688481,45930,7.13,51.28,Medio Alto,Saludable,Endeudado
5128330,580599,205178,1142771,155001,734458,29425,64079,514355,650291,44093,10.03,12.68,Medio Alto,Saludable,Endeudado
4368476,632721,220783,978317,178765,560339,52853,44551,514025,2356513,34178,11.77,53.94,Medio Alto,Saludable,Endeudado
4545461,631279,224269,1040996,157640,510776,69886,102533,480474,2404396,28336,10.57,52.9,Medio Alto,Saludable,Endeudado
4473735,712007,194675,1134522,129582,1010701,46449,43405,534455,477646,62977,11.95,10.68,Medio Alto,Saludable,Endeudado
4350170,568965,235979,1107463,155480,1262067,29591,96457,429442,1219692,66802,9.87,28.04,Medio Alto,Saludable,Endeudado
4181992,706021,173812,1149449,175146,1298586,67592,108118,356018,1807150,62699,8.51,43.21,Medio Alto,Saludable,Endeudado
5128128,687994,163546,1194110,146087,1336024,39390,77935,483447,1218264,68163,9.43,23.76,Medio Alto,Saludable,Endeudado
4205226,481696,169690,1013584,171557,990093,28059,72155,450534,1536006,41244,10.71,36.53,Medio Alto,Saludable,Endeudado
5194345,548809,225664,1179027,120091,553950,48506,39594,434994,1783715,31738,8.37,34.34,Medio Alto,Saludable,Endeudado
4746296,619313,175667,847857,153718,738364,25566,49903,519860,1451140,48536,10.95,30.57,Medio Alto,Saludable,Endeudado
5172228,573285,217859,1039868,153255,1177229,57981,107256,609716,641215,71269,11.79,12.4,Medio Alto,Saludable,Endeudado
4529015,659277,191350,933061,155564,961993,41401,95555,375342,1891393,25830,8.29,41.76,Medio Alto,Saludable,Endeudado
4786979,645714,173914,1010428,130065,1195741,73306,73278,349843,2156260,40381,7.31,45.04,Medio Alto,Saludable,Endeudado
5111820,576605,224829,903639,161118,913445,69732,75669,586341,1201250,67574,11.47,23.5,Medio Alto,Saludable,Endeudado
4943586,699225,177239,860501,137545,1040940,73883,66277,317954,1689315,43008,6.43,34.17,Medio Alto,Saludable,Endeudado
4734616,685029,212696,1010927,138614,1482507,33652,77711,308192,1498584,74701,6.51,31.65,Medio Alto,Saludable,Endeudado
5253792,539889,194278,975401,154476,613338,30873,106475,551533,2302949,52362,10.5,43.83,Medio Alto,Saludable,Endeudado
4808163,655662,196336,839926,128186,971278,59377,43645,385455,2853896,58149,8.02,59.36,Medio Alto,Saludable,Endeudado
4789113,715448,179375,930189,174265,1001184,40259,51344,393372,2386124,38233,8.21,49.82,Medio Alto,Saludable,Endeudado
4199264,668451,213773,1042739,134409,1341848,51472,49072,435104,1871004,39888,10.36,44.56,Medio Alto,Saludable,Endeudado
4690873,494935,238247,954683,152935,1141608,42987,57723,366133,1850426,27141,7.81,39.45,Medio Alto,Saludable,Endeudado
4607802,531756,160717,913716,157919,1064327,69697,79485,364624,1086938,32528,7.91,23.59,Medio Alto,Saludable,Endeudado
5172322,712811,218792,966972,137236,523118,44142,105835,435833,2502763,47305,8.43,48.39,Medio Alto,Saludable,Endeudado
4627847,579394,234392,1042567,178424,1353441,30077,96196,552501,2098043,56514,11.94,45.34,Medio Alto,Saludable,Endeudado
4242525,609009,233646,1190424,141459,1186637,52847,67627,377176,1848669,54132,8.89,43.57,Medio Alto,Saludable,Endeudado
4423586,581897,176372,955965,128391,656110,59663,86047,385372,1915563,51220,8.71,43.3,Medio Alto,Saludable,Endeudado
4525196,649590,182372,1064299,151654,795792,45602,103164,330513,1073461,47456,7.3,23.72,Medio Alto,Saludable,Endeudado
4072204,607518,204852,955975,138953,611100,54726,80389,460349,1165809,33709,11.3,28.63,Medio Alto,Saludable,Endeudado
4529847,649145,234122,1102029,176596,1236227,40554,38204,503392,2290458,42672,11.11,50.56,Medio Alto,Saludable,Endeudado
5102057,648226,170985,832175,172370,744981,57701,60657,411515,1155315,44909,8.07,22.64,Medio Alto,Saludable,Endeudado
4975544,556881,188759,1030978,171267,789881,32002,111400,448768,1921931,46064,9.02,38.63,Medio Alto,Saludable,Endeudado
5266937,706755,209297,990094,123770,586141,30685,65798,616649,1117980,49692,11.71,21.23,Medio Alto,Saludable,Endeudado
4749394,643904,188189,1067175,162973,860995,66897,97664,398762,1453639,29035,8.4,30.61,Medio Alto,Saludable,Endeudado
4468457,612732,218277,1103302,139330,509259,74000,75667,376510,1857737,33664,8.43,41.57,Medio Alto,Saludable,Endeudado
4179434,693539,191506,1022115,126480,1416008,42471,74167,474470,1216992,72172,11.35,29.12,Medio Alto,Saludable,Endeudado
4477559,670899,173422,837907,123095,616739,41655,107751,430666,2511057,51899,9.62,56.08,Medio Alto,Saludable,Endeudado
4074856,631975,208387,876527,137115,794330,65522,78031,480731,1150334,57787,11.8,28.23,Medio Alto,Saludable,Endeudado
4178966,641909,222206,930855,124278,1132834,56143,85816,424330,2240462,35688,10.15,53.61,Medio Alto,Saludable,Endeudado
5073517,494113,197851,1179159,124971,1099053,42882,89629,358306,1683185,34483,7.06,33.18,Medio Alto,Saludable,Endeudado
4788732,515382,185114,1124446,169122,1321315,72081,80295,355282,2700167,55558,7.42,56.39,Medio Alto,Saludable,Endeudado
4679639,541766,163784,1109061,159701,821868,72966,98119,366477,1959534,40710,7.83,41.87,Medio Alto,Saludable,Endeudado
4759396,485706,187821,1093764,144892,1063731,27798,108263,439052,1264409,43725,9.22,26.57,Medio Alto,Saludable,Endeudado
5179922,682206,213317,830217,151509,680467,51416,38455,405256,1011635,66425,7.82,19.53,Medio Alto,Saludable,Endeudado
5037034,584932,166400,827886,179406,1318482,32049,65127,512564,2939394,65331,10.18,58.36,Medio Alto,Saludable,Endeudado
4493076,635543,213711,987644,137792,1059493,47371,99868,514918,2182462,55083,11.46,48.57,Medio Alto,Saludable,Endeudado
4640688,567151,232052,808055,127720,918573,61302,63008,496721,1248844,59765,10.7,26.91,Medio Alto,Saludable,Endeudado
6090594,715904,201052,1147995,160730,808165,66524,70062,588311,2407542,39038,9.66,39.53,Alto,Saludable,Endeudado
5737642,542108,198363,1142965,147007,970637,61336,41218,535591,2330068,46705,9.33,40.61,Alto,Saludable,Endeudado
5654672,577625,231534,922065,131473,1230966,60383,100415,417355,2051133,50226,7.38,36.27,Alto,Saludable,Endeudado
6020872,653199,167760,838366,162559,617767,40956,104414,644526,1798953,67717,10.7,29.88,Alto,Saludable,Endeudado
6511640,570834,237024,931024,169755,767713,44717,91153,599368,875777,41688,9.2,13.45,Alto,Saludable,Endeudado
6273014,604645,214571,1180917,144993,1043715,68270,91914,538353,1566838,74608,8.58,24.98,Alto,Saludable,Endeudado
5538550,683943,201170,1179704,138663,576538,52755,89425,460535,2853983,34637,8.32,51.53,Alto,Saludable,Endeudado
5895355,484925,206090,974789,167523,798822,65052,42438,668045,657882,30651,11.33,11.16,Alto,Saludable,Endeudado
5968681,558958,163394,1124047,141854,1470276,59968,79350,470042,2730939,35551,7.88,45.75,Alto,Saludable,Endeudado
5476625,691986,226621,1070479,138681,1175947,58393,99032,405308,1840252,41983,7.4,33.6,Alto,Saludable,Endeudado
5801856,506431,182621,1068468,169400,1446716,70126,65864,644093,2893878,74084,11.1,49.88,Alto,Saludable,Endeudado
5875577,487680,187418,1000424,126989,624414,69754,38539,553171,1393053,30688,9.41,23.71,Alto,Saludable,Endeudado
5735041,626979,229921,898640,177464,1209364,41953,94135,551698,1402428,67421,9.62,24.45,Alto,Saludable,Endeudado
5772727,659862,183052,1187811,141775,1327400,65261,65940,442451,1588820,54168,7.66,27.52,Alto,Saludable,Endeudado
6237579,612259,185141,921900,123516,1260176,50110,63131,449993,1680999,43544,7.21,26.95,Alto,Saludable,Endeudado
5921853,556556,192045,1082282,124845,1039749,69373,90280,709542,3087494,53894,11.98,52.14,Alto,Saludable,Endeudado
5505311,578107,161139,1138612,167555,647468,56322,80175,418517,3223678,56389,7.6,58.56,Alto,Saludable,Endeudado
6481966,639942,207896,989210,159982,1174559,47544,73222,672867,3350746,49606,10.38,51.69,Alto,Saludable,Endeudado
5796081,642638,232881,1082521,146224,727137,67729,40177,592395,619439,51906,10.22,10.69,Alto,Saludable,Endeudado
5732807,659732,226238,887308,157579,608561,45432,38492,441242,1332158,58191,7.7,23.24,Alto,Saludable,Endeudado
6491027,534215,236108,1148092,141680,1358930,42824,53317,601669,2483132,74472,9.27,38.25,Alto,Saludable,Endeudado
5442196,518199,187893,1085031,150114,1009261,56273,43856,452587,2662141,49546,8.32,48.92,Alto,Saludable,Endeudado
6189610,655508,161996,895290,133868,505522,65881,88533,500812,1787228,67341,8.09,28.87,Alto,Saludable,Endeudado
6145478,590955,213770,1147617,147468,832113,26029,85270,607687,1677366,30158,9.89,27.29,Alto,Saludable,Endeudado
5733403,531081,234482,927724,161022,1341098,70451,107830,523343,2159338,37575,9.13,37.66,Alto,Saludable,Endeudado
6299218,485495,185098,930842,133730,687402,55133,67314,582204,3562350,26246,9.24,56.55,Alto,Saludable,Endeudado
5952530,549397,224888,1121501,126122,1377348,66158,46706,578768,2388515,72778,9.72,40.13,Alto,Saludable,Endeudado
5623120,555561,168557,1047272,134364,1042039,26935,72120,405595,1447166,68084,7.21,25.74,Alto,Saludable,Endeudado
6480439,574716,165181,942066,156595,1358175,60004,64453,478815,3222408,55912,7.39,49.73,Alto,Saludable,Endeudado
5355415,626293,203255,935616,174811,1028056,34700,104234,540685,2880963,63614,10.1,53.8,Alto,Saludable,Endeudado
6080968,641363,186379,1048743,125014,870637,33805,43694,558930,2304724,59180,9.19,37.9,Alto,Saludable,Endeudado
6496342,484950,183609,808168,151872,805753,67950,58227,690474,3202386,40706,10.63,49.3,Alto,Saludable,Endeudado
5785632,579048,178435,829732,163159,1181359,55436,82888,463791,893244,67166,8.02,15.44,Alto,Saludable,Endeudado
6226656,616594,202263,1053931,129101,1420883,32061,71359,415993,3539734,61452,6.68,56.85,Alto,Saludable,Endeudado
5667263,644861,203238,928555,130687,1256945,32294,51118,648525,2143410,61536,11.44,37.82,Alto,Saludable,Endeudado
6017592,550632,177744,1185032,171117,702564,70744,82364,572540,1604208,50036,9.51,26.66,Alto,Saludable,Endeudado
5353905,565106,168367,987805,130534,1149633,49424,90343,517174,2600425,71924,9.66,48.57,Alto,Saludable,Endeudado
6295981,487638,166992,1042376,139405,1328147,29022,41217,728157,926126,45315,11.57,14.71,Alto,Saludable,Endeudado
6512520,503399,195320,880005,124191,980855,57048,105795,423591,2969337,74868,6.5,45.59,Alto,Saludable,Endeudado
6409110,637472,194122,1048379,124901,989411,34641,73360,479144,3231225,64948,7.48,50.42,Alto,Saludable,Endeudado
6230274,692245,197297,958093,153561,1471471,63105,47587,656566,3192057,71098,10.54,51.23,Alto,Saludable,Endeudado
5453274,662778,190422,1159753,127104,1302204,71158,100247,368022,2920073,45455,6.75,53.55,Alto,Saludable,Endeudado
5464667,599644,237233,852863,173445,547946,31580,102297,403547,2961043,71226,7.38,54.19,Alto,Saludable,Endeudado
6508365,531601,193475,950656,143720,1053233,35616,79839,455255,3072541,47270,6.99,47.21,Alto,Saludable,Endeudado
6126482,615687,185729,1115136,153606,1097275,38215,37832,673004,2230606,73290,10.99,36.41,Alto,Saludable,Endeudado
5302172,604210,229691,879662,136927,1136838,53412,94823,477191,2462942,26342,9.0,46.45,Alto,Saludable,Endeudado
5299745,540850,180455,905348,146946,1294643,39687,107799,550176,2126700,47060,10.38,40.13,Alto,Saludable,Endeudado
5620904,675607,214474,1172196,179722,752716,38155,47740,638089,3050313,47128,11.35,54.27,Alto,Saludable,Endeudado
6226047,623631,228839,1024290,164847,900970,68204,47707,638275,801452,52311,10.25,12.87,Alto,Saludable,Endeudado
5811591,671791,166169,887357,141684,1061636,37126,94995,495657,2574856,52569,8.53,44.31,Alto,Saludable,Endeudado
5994004,577765,238376,1189953,120028,788958,30204,107400,669251,1983485,36448,11.17,33.09,Alto,Saludable,Endeudado
5930058,499842,238933,953319,156263,1353419,72629,97098,605754,975987,54347,10.21,16.46,Alto,Saludable,Endeudado
9161956,686714,179017,968131,162556,1393144,65392,56322,924306,5174292,57087,10.09,56.48,Muy alto,Saludable,Endeudado
7666701,488195,198227,1127027,156884,1401653,61743,89778,687923,1756234,27358,8.97,22.91,Muy alto,Saludable,Endeudado
7728107,624415,239349,1005069,158259,1270156,41553,102874,882285,3971200,60320,11.42,51.39,Muy alto,Saludable,Endeudado
9641159,633655,228789,1111909,148628,1098131,69171,54347,684435,2688306,37982,7.1,27.88,Muy alto,Saludable,Endeudado
9201569,673774,230133,805258,170093,824178,38606,84585,1067124,2850366,70517,11.6,30.98,Muy alto,Saludable,Endeudado
7746627,632274,173483,1101214,162929,1496944,63429,71375,836021,2074318,72273,10.79,26.78,Muy alto,Saludable,Endeudado
9679109,694430,184507,959366,128635,1457470,33602,96606,1013956,2956506,73128,10.48,30.55,Muy alto,Saludable,Endeudado
7320871,668531,160857,1150715,175422,765774,64761,80474,786979,3327224,58953,10.75,45.45,Muy alto,Saludable,Endeudado
7449219,573671,171218,1086617,165419,1087427,55445,88405,825565,3235832,28780,11.08,43.44,Muy alto,Saludable,Endeudado
7435431,671158,238563,975438,148785,585522,53369,68972,888253,2084814,59864,11.95,28.04,Muy alto,Saludable,Endeudado
7799642,696748,213889,811464,164818,926374,39531,95720,656116,2589881,73301,8.41,33.21,Muy alto,Saludable,Endeudado
7874960,642354,230742,1012120,169010,858078,66454,67982,871741,3645836,44189,11.07,46.3,Muy alto,Saludable,Endeudado
8780569,552913,211414,855926,147255,570229,42534,70832,640820,3648504,59976,7.3,41.55,Muy alto,Saludable,Endeudado
7923131,511335,164272,829277,176324,787438,60988,85916,846629,4545330,32338,10.69,57.37,Muy alto,Saludable,Endeudado
8232819,583901,202498,805898,150419,1242897,36218,94729,832491,3491726,65686,10.11,42.41,Muy alto,Saludable,Endeudado
8007725,693472,180661,941702,166440,776234,74702,91847,928550,3893837,68728,11.6,48.63,Muy alto,Saludable,Endeudado
9826378,578322,213099,998600,163295,887355,47011,40271,1048443,4073789,40659,10.67,41.46,Muy alto,Saludable,Endeudado
7312070,504048,200833,1197139,172460,1210044,57563,62584,533092,3449407,51058,7.29,47.17,Muy alto,Saludable,Endeudado
8897754,610118,230368,979290,158349,1358158,38546,97625,660394,4788799,30715,7.42,53.82,Muy alto,Saludable,Endeudado
8871821,530876,225845,1197630,149701,638487,46492,70656,675291,1172310,69887,7.61,13.21,Muy alto,Saludable,Endeudado
9358053,514060,215556,991756,120849,984266,57361,46341,1008592,4796280,37096,10.78,51.25,Muy alto,Saludable,Endeudado
9104035,592341,194580,1052918,138022,556824,42974,39154,1025252,4489445,44833,11.26,49.31,Muy alto,Saludable,Endeudado
7629744,551703,238063,945273,134184,997648,66092,94376,810348,2353868,49135,10.62,30.85,Muy alto,Saludable,Endeudado
8680518,503611,161668,1090068,120805,659586,56069,65025,801991,3634655,57537,9.24,41.87,Muy alto,Saludable,Endeudado
7081318,642756,172755,914134,132341,1106879,44961,46751,689840,2276701,69011,9.74,32.15,Muy alto,Saludable,Endeudado
8854272,500765,206147,1080543,133272,1352370,35458,64007,721589,5269712,70140,8.15,59.52,Muy alto,Saludable,Endeudado
7933534,612295,237472,940612,143036,801329,52535,40019,908801,3176317,55171,11.46,40.04,Muy alto,Saludable,Endeudado
7984396,680643,237791,1067542,124351,548450,69380,61073,765745,3567102,28447,9.59,44.68,Muy alto,Saludable,Endeudado
9459504,532493,179745,956765,136100,781011,55161,99686,647629,4119313,63369,6.85,43.55,Muy alto,Saludable,Endeudado
7392220,636211,177468,910760,165020,1263200,47447,73607,619950,3445111,40026,8.39,46.6,Muy alto,Saludable,Endeudado
8800002,514062,228363,1095747,171265,1499200,67087,87074,936725,3802078,41874,10.64,43.21,Muy alto,Saludable,Endeudado
7510719,512741,196014,1110071,155400,726224,28969,75176,688873,2222292,55821,9.17,29.59,Muy alto,Saludable,Endeudado
9371379,565004,188196,1029246,158289,1098784,39472,63943,1122882,5194719,64384,11.98,55.43,Muy alto,Saludable,Endeudado
9148595,696239,187378,1038473,151956,1195957,64130,43152,842129,1596905,45146,9.21,17.46,Muy alto,Saludable,Endeudado
8977939,525345,163499,1023091,147545,515736,74716,80119,736329,4369996,29119,8.2,48.67,Muy alto,Saludable,Endeudado
8518498,575773,208660,1155263,152120,588499,28014,98213,569647,4476404,32077,6.69,52.55,Muy alto,Saludable,Endeudado
9520782,534136,165253,949412,172137,1122335,48707,79610,948823,2858488,58914,9.97,30.02,Muy alto,Saludable,Endeudado
9972851,623416,228885,851124,169497,709568,48077,62747,1058063,5447429,41521,10.61,54.62,Muy alto,Saludable,Endeudado
8886304,566311,173559,911864,168694,805472,67052,90528,935005,3867473,41850,10.52,43.52,Muy alto,Saludable,Endeudado
8747922,574021,215683,982266,148456,822979,25323,109491,803827,1846495,29847,9.19,21.11,Muy alto,Saludable,Endeudado
8358341,621862,178987,861417,151513,958530,32292,62654,717113,2787356,44004,8.58,33.35,Muy alto,Saludable,Endeudado
7424192,631461,190802,1039932,137849,1397228,69483,44069,483388,1292178,42005,6.51,17.4,Muy alto,Saludable,Endeudado
8740172,543966,209045,1062073,174838,672723,49356,69106,920697,5060618,31499,10.53,57.9,Muy alto,Saludable,Endeudado
8265588,716129,224934,1062192,121094,670347,55113,60674,945255,4218775,31032,11.44,51.04,Muy alto,Saludable,Endeudado
7325876,535165,235864,899650,128450,1221468,58981,63686,647150,1570467,36120,8.83,21.44,Muy alto,Saludable,Endeudado
9577896,633316,213843,1077659,166673,733581,59050,57442,717888,3611607,72947,7.5,37.71,Muy alto,Saludable,Endeudado
9931700,638314,238669,1069981,166072,1270894,67390,84322,766163,4658000,73273,7.71,46.9,Muy alto,Saludable,Endeudado
8663449,485294,220741,1120668,125382,641142,70493,106727,950094,4668184,26554,10.97,53.88,Muy alto,Saludable,Endeudado
9070120,578073,193231,1150011,125270,1436354,59252,102246,752949,4978748,74167,8.3,54.89,Muy alto,Saludable,Endeudado
7341271,490641,225317,913426,148183,774279,31709,98774,534862,2470658,35896,7.29,33.65,Muy alto,Saludable,Endeudado
8667308,654273,181512,1066550,179729,1493831,28784,77000,868755,5098149,27589,10.02,58.82,Muy alto,Saludable,Endeudado
7238070,555269,163289,912450,135517,616233,51423,48529,693731,2873398,39573,9.58,39.7,Muy alto,Saludable,Endeudado
1160657,572913,201195,1087734,125807,582443,92238,108813,170834,205586,94606,14.72,17.71,Bajo,Saludable,Equilibrado
1019073,581121,232537,872628,132147,1157828,94912,165446,118222,132845,99399,11.6,13.04,Bajo,Saludable,Equilibrado
867364,653688,234931,993684,123509,1040589,146123,199312,98202,184623,130906,11.32,21.29,Bajo,Saludable,Equilibrado
1243730,642055,175158,1199569,172103,639967,102072,181740,137254,252493,125423,11.04,20.3,Bajo,Saludable,Equilibrado
1147253,693245,227147,887198,134271,1367163,111512,136276,165930,340614,97078,14.46,29.69,Bajo,Saludable,Equilibrado
1249716,550620,183418,1039154,156309,1443337,126919,168607,151363,129360,145789,12.11,10.35,Bajo,Saludable,Equilibrado
939145,699699,220869,980942,159288,1401220,105503,144922,89281,385449,51373,9.51,41.04,Bajo,Saludable,Equilibrado
830175,517184,205013,809826,149370,882427,140930,121410,115238,145960,58484,13.88,17.58,Bajo,Saludable,Equilibrado
1326958,683592,234765,1192049,131009,1239798,56547,110445,113455,531023,113179,8.55,40.02,Bajo,Saludable,Equilibrado
1161716,716492,178352,1193367,158230,1009252,54015,87575,144557,451236,60876,12.44,38.84,Bajo,Saludable,Equilibrado
1572905,533504,175258,882478,131063,1325171,50760,95565,230409,625798,70602,14.65,39.79,Bajo,Saludable,Equilibrado
970991,510725,196064,939593,163137,736441,84393,188779,99971,82112,98522,10.3,8.46,Bajo,Saludable,Equilibrado
1025315,520059,198055,922527,147470,1370036,107931,224434,103300,281065,141851,10.07,27.41,Bajo,Saludable,Equilibrado
1234903,577344,213413,993517,169537,624739,99516,83635,151440,154826,87464,12.26,12.54,Bajo,Saludable,Equilibrado
1022185,646839,239106,1038262,125291,1398992,106609,192623,125515,249609,145700,12.28,24.42,Bajo,Saludable,Equilibrado
837433,668103,183600,1078015,151752,503785,144537,131712,117193,354221,53753,13.99,42.3,Bajo,Saludable,Equilibrado
1590648,571951,177145,904530,140041,714597,87047,129668,178833,598765,100531,11.24,37.64,Bajo,Saludable,Equilibrado
1367960,485028,236467,1048620,165652,1387710,124527,197405,152898,117356,136295,11.18,8.58,Bajo,Saludable,Equilibrado
1476919,714672,202494,1108215,154467,1143129,110116,80044,146233,435797,63105,9.9,29.51,Bajo,Saludable,Equilibrado
1042020,634260,207096,1061397,120190,856361,86186,112785,86133,277539,51605,8.27,26.63,Bajo,Saludable,Equilibrado
1236643,663612,162746,1006287,142023,1221633,115703,135863,150375,506300,102361,12.16,40.94,Bajo,Saludable,Equilibrado
1138938,560056,177458,843966,156226,789020,88311,110605,133654,179438,134908,11.73,15.75,Bajo,Saludable,Equilibrado
1349539,601496,235072,817836,165202,1328850,77583,189676,145520,196000,83833,10.78,14.52,Bajo,Saludable,Equilibrado
803127,510587,226064,1136231,140847,1143458,70943,210665,106167,143559,136586,13.22,17.88,Bajo,Saludable,Equilibrado
1300253,639834,226141,896806,159706,771971,88830,223927,188743,301763,96324,14.52,23.21,Bajo,Saludable,Equilibrado
880059,655134,205358,1138669,127814,859420,101983,140354,99811,341963,60080,11.34,38.86,Bajo,Saludable,Equilibrado
1406517,495002,200103,1019311,169972,1239449,93817,79773,147901,404459,97809,10.52,28.76,Bajo,Saludable,Equilibrado
1030848,546198,226155,1174424,178803,1408038,145507,179776,123493,236216,127055,11.98,22.91,Bajo,Saludable,Equilibrado
907202,507621,189416,930724,126991,831030,136006,189172,122440,175835,145111,13.5,19.38,Bajo,Saludable,Equilibrado
1525031,673062,206530,917698,149879,610184,134625,189368,165537,625133,63832,10.85,40.99,Bajo,Saludable,Equilibrado
1415269,712559,171760,940916,126969,1045509,105870,203783,125285,193829,137000,8.85,13.7,Bajo,Saludable,Equilibrado
901763,675084,209865,1090575,154892,500367,124950,184138,132057,151416,148953,14.64,16.79,Bajo,Saludable,Equilibrado
955230,660663,170951,912731,127500,1454993,118061,105794,140458,453902,92781,14.7,47.52,Bajo,Saludable,Equilibrado
1042292,616612,182427,1002858,127150,993773,146303,223811,87512,89551,70657,8.4,8.59,Bajo,Saludable,Equilibrado
802679,599842,230791,1161909,126495,818949,140322,80208,106623,172905,143324,13.28,21.54,Bajo,Saludable,Equilibrado
827802,540810,210504,1120426,153138,1464945,100732,155905,101515,293778,108954,12.26,35.49,Bajo,Saludable,Equilibrado
864765,603281,232414,960446,164208,865202,99678,110806,103643,363101,76713,11.99,41.99,Bajo,Saludable,Equilibrado
1002863,684902,179900,855078,168000,704087,96393,172746,124257,337286,105548,12.39,33.63,Bajo,Saludable,Equilibrado
1608977,545460,191430,1148986,179665,1372069,128706,215222,173402,439967,65382,10.78,27.34,Bajo,Saludable,Equilibrado
1081093,620199,160749,1160832,124018,705116,75263,132437,134305,114371,138536,12.42,10.58,Bajo,Saludable,Equilibrado
1347285,534991,212134,1093347,175879,930703,58453,164113,163240,171728,112186,12.12,12.75,Bajo,Saludable,Equilibrado
1282736,705603,195667,994035,172303,1466447,125765,115500,175766,597148,62182,13.7,46.55,Bajo,Saludable,Equilibrado
1410303,651188,192328,1010316,164637,1140352,83156,91008,138578,482308,130864,9.83,34.2,Bajo,Saludable,Equilibrado
1418119,712763,238986,900949,169068,976378,134365,140997,161923,525450,124127,11.42,37.05,Bajo,Saludable,Equilibrado
1513024,710277,189094,872197,176412,815616,123050,212596,224431,653316,51974,14.83,43.18,Bajo,Saludable,Equilibrado
1611546,668220,189046,986559,169761,1401008,51944,119855,174353,766734,117608,10.82,47.58,Bajo,Saludable,Equilibrado
1163621,502358,163385,895998,143872,1462632,65920,120633,160259,391013,52323,13.77,33.6,Bajo,Saludable,Equilibrado
1426364,573496,238044,868648,177191,506221,93867,184892,194053,238664,75155,13.6,16.73,Bajo,Saludable,Equilibrado
1189073,515078,236113,1197977,139605,1124432,85159,167879,173135,520407,116503,14.56,43.77,Bajo,Saludable,Equilibrado
1142670,544572,205162,929303,147357,1106659,105893,145522,118192,312716,138357,10.34,27.37,Bajo,Saludable,Equilibrado
1229145,558903,171803,915536,141219,1210158,121980,213739,160350,287137,123114,13.05,23.36,Bajo,Saludable,Equilibrado
1386680,520885,230424,1102930,157185,556658,85179,173565,164412,463342,139242,11.86,33.41,Bajo,Saludable,Equilibrado
1704372,628927,180105,983581,153395,1214007,105671,188135,218412,720799,142492,12.81,42.29,Medio Bajo,Saludable,Equilibrado
1841026,609261,181786,927465,153660,1362554,68756,85164,239397,346386,67324,13.0,18.81,Medio Bajo,Saludable,Equilibrado
2531324,664242,210801,896136,160916,805182,93963,143845,222560,710215,125575,8.79,28.06,Medio Bajo,Saludable,Equilibrado
2217336,516208,161745,1075507,150906,731057,80869,117771,220512,331266,117502,9.94,14.94,Medio Bajo,Saludable,Equilibrado
2790648,528571,183261,1071794,120768,765852,67408,209193,357773,357851,102856,12.82,12.82,Medio Bajo,Saludable,Equilibrado
2191607,662436,178058,1042307,157583,791142,55264,203253,281256,472177,100327,12.83,21.54,Medio Bajo,Saludable,Equilibrado
1929452,625148,232793,1146017,125634,1015585,124589,129876,162544,301621,62901,8.42,15.63,Medio Bajo,Saludable,Equilibrado
2357460,634753,201717,1159489,176730,1216065,70857,130059,210029,912366,126576,8.91,38.7,Medio Bajo,Saludable,Equilibrado
2763338,481799,224236,1023278,130248,943077,103348,223921,414161,410667,75308,14.99,14.86,Medio Bajo,Saludable,Equilibrado
1941174,702551,178425,1116439,153158,515503,80608,117676,290833,913286,78244,14.98,47.05,Medio Bajo,Saludable,Equilibrado
2353079,574698,187169,1174698,130827,821987,97094,114799,281896,989982,103513,11.98,42.07,Medio Bajo,Saludable,Equilibrado
2215870,708057,163510,927301,147451,1010179,98957,174389,241779,505626,96191,10.91,22.82,Medio Bajo,Saludable,Equilibrado
2364495,694904,179871,946624,140206,976985,79031,101834,289133,810917,143085,12.23,34.3,Medio Bajo,Saludable,Equilibrado
1815890,700252,222413,947620,127888,642670,68928,172784,171299,256226,127888,9.43,14.11,Medio Bajo,Saludable,Equilibrado
2084907,714675,180675,1033369,170754,1091176,126172,85730,232761,574119,123009,11.16,27.54,Medio Bajo,Saludable,Equilibrado
2437435,686542,201104,891213,172474,1111673,86440,171439,216858,641492,98118,8.9,26.32,Medio Bajo,Saludable,Equilibrado
2741321,516106,212162,1148698,156197,744882,85658,140176,289982,913026,116284,10.58,33.31,Medio Bajo,Saludable,Equilibrado
1735243,598018,175244,1087388,137408,716116,144655,224793,175961,406606,99285,10.14,23.43,Medio Bajo,Saludable,Equilibrado
1749610,578094,174697,1139040,147334,1055697,104979,104878,150293,180063,71262,8.59,10.29,Medio Bajo,Saludable,Equilibrado
2177592,576175,178961,984177,172360,542913,54614,135095,245341,749227,104841,11.27,34.41,Medio Bajo,Saludable,Equilibrado
1818004,621417,194769,1013702,144424,993524,103814,89765,245012,751605,89592,13.48,41.34,Medio Bajo,Saludable,Equilibrado
2819997,689370,191039,1188559,155674,527490,125605,178777,319378,814683,122684,11.33,28.89,Medio Bajo,Saludable,Equilibrado
2484380,592922,205468,960251,173438,1137268,56288,172876,205366,989152,51843,8.27,39.81,Medio Bajo,Saludable,Equilibrado
2167821,520746,217257,870390,146342,1462198,78810,102947,179303,990333,113036,8.27,45.68,Medio Bajo,Saludable,Equilibrado
2804111,493703,233710,1109127,146423,1388575,68856,90711,348414,541580,147094,12.43,19.31,Medio Bajo,Saludable,Equilibrado
2028321,549329,234338,1099443,154805,1470441,105320,194003,194885,726938,143875,9.61,35.84,Medio Bajo,Saludable,Equilibrado
1889954,603234,205431,1055730,172070,948930,87812,146650,212494,630496,132892,11.24,33.36,Medio Bajo,Saludable,Equilibrado
1788283,701322,221500,998573,121955,845441,112497,224527,266069,269119,55069,14.88,15.05,Medio Bajo,Saludable,Equilibrado
1870193,582932,231196,1137343,154176,1372994,70752,147459,254716,521247,127662,13.62,27.87,Medio Bajo,Saludable,Equilibrado
2561528,588527,181365,913282,175318,721983,79257,133957,345537,1021718,86739,13.49,39.89,Medio Bajo,Saludable,Equilibrado
2543625,482629,165113,1024601,166244,501948,103692,179547,290217,783520,112517,11.41,30.8,Medio Bajo,Saludable,Equilibrado
2597793,643158,167721,1013034,164611,1452874,50205,203528,319855,586257,127757,12.31,22.57,Medio Bajo,Saludable,Equilibrado
2170734,510471,201891,1145588,124868,611886,79898,188670,234226,448884,94519,10.79,20.68,Medio Bajo,Saludable,Equilibrado
1824198,560072,170608,803909,141219,1172420,142745,203270,158749,818832,93758,8.7,44.89,Medio Bajo,Saludable,Equilibrado
2811862,480445,198789,1038685,133103,781925,89675,119739,231342,1041124,122282,8.23,37.03,Medio Bajo,Saludable,Equilibrado
2138873,506907,164822,941694,124257,1243058,59994,181923,213346,530661,77920,9.97,24.81,Medio Bajo,Saludable,Equilibrado
1665999,613361,191663,921617,143317,1355313,122475,193263,197342,347272,135656,11.85,20.84,Medio Bajo,Saludable,Equilibrado
2460752,556497,192885,944561,163805,1071530,68576,93210,215976,1173389,76011,8.78,47.68,Medio Bajo,Saludable,Equilibrado
1983794,618079,190040,840183,137224,666110,132175,147326,170226,204300,56143,8.58,10.3,Medio Bajo,Saludable,Equilibrado
1977002,651908,221685,1060783,132506,1307513,83022,185332,202193,288566,100902,10.23,14.6,Medio Bajo,Saludable,Equilibrado
2480001,495145,229382,1040638,163013,1013279,52680,80028,201706,1095116,53290,8.13,44.16,Medio Bajo,Saludable,Equilibrado
2316714,647826,195342,1165037,154295,907263,53260,144749,253513,304242,69328,10.94,13.13,Medio Bajo,Saludable,Equilibrado
2461864,684943,196229,813849,141166,685473,144076,96128,214831,899796,97545,8.73,36.55,Medio Bajo,Saludable,Equilibrado
1982418,527231,219066,920392,129744,993000,137176,196379,171320,862260,123641,8.64,43.5,Medio Bajo,Saludable,Equilibrado
2735125,688629,239293,1038399,167585,900801,145134,87553,251886,618665,74096,9.21,22.62,Medio Bajo,Saludable,Equilibrado
1783076,680793,234047,1144699,143132,1005434,106482,127452,174561,300533,113084,9.79,16.85,Medio Bajo,Saludable,Equilibrado
1831132,511481,233427,932259,142661,633246,126014,169765,224463,787758,72054,12.26,43.02,Medio Bajo,Saludable,Equilibrado
2571596,524493,187534,804210,125097,1256485,118400,90199,357604,796264,126626,13.91,30.96,Medio Bajo,Saludable,Equilibrado
2233645,541253,231389,875120,125175,1101891,119148,104254,302955,305383,78164,13.56,13.67,Medio Bajo,Saludable,Equilibrado
2299626,687326,197443,1053831,138140,980898,64363,98138,256535,824402,110064,11.16,35.85,Medio Bajo,Saludable,Equilibrado
2440487,656974,217793,1145757,137119,1214896,62999,99976,338500,398002,90251,13.87,16.31,Medio Bajo,Saludable,Equilibrado
2104458,588637,172922,1191885,154293,894624,115236,126700,309021,598522,64808,14.68,28.44,Medio Bajo,Saludable,Equilibrado
3333193,481071,194094,991655,150035,1477935,122334,138656,367954,304134,109160,11.04,9.12,Medio,Saludable,Equilibrado
3907233,657070,175437,919240,155491,933488,123211,159424,512858,312997,73982,13.13,8.01,Medio,Saludable,Equilibrado
3282128,515454,165249,1131987,153822,687544,99509,205046,284538,1546755,83109,8.67,47.13,Medio,Saludable,Equilibrado
4016565,576294,225263,1196442,165957,1475843,106352,154957,488276,844998,94614,12.16,21.04,Medio,Saludable,Equilibrado
2927284,637439,193110,1031897,139001,752746,64146,214019,307868,469312,129892,10.52,16.03,Medio,Saludable,Equilibrado
3430657,696163,221244,1123471,164826,883142,110724,180651,474522,1539343,50868,13.83,44.87,Medio,Saludable,Equilibrado
3156530,709711,231270,951627,163133,1327211,53869,174451,360469,505478,118666,11.42,16.01,Medio,Saludable,Equilibrado
4008303,636985,200944,872254,159861,828422,146922,144370,327348,1473964,136406,8.17,36.77,Medio,Saludable,Equilibrado
3704987,526471,168067,897970,150073,1288557,53682,82364,428708,1305391,55286,11.57,35.23,Medio,Saludable,Equilibrado
2976132,716128,199445,922352,149299,1257792,104526,75570,375122,540824,94511,12.6,18.17,Medio,Saludable,Equilibrado
3194080,504164,179229,916590,158467,1490308,91446,111386,280776,1059003,83344,8.79,33.16,Medio,Saludable,Equilibrado
3296764,584202,229320,816394,159172,640884,66521,81778,441365,1053827,77499,13.39,31.97,Medio,Saludable,Equilibrado
3525217,683660,176445,1060977,156900,1290763,129489,178378,323777,1668385,75109,9.18,47.33,Medio,Saludable,Equilibrado
3992888,538870,191962,1093757,171241,1399728,72115,163865,536287,1069911,56932,13.43,26.8,Medio,Saludable,Equilibrado
4027482,540275,234755,1018015,174902,1133731,50010,220979,412794,1533374,149602,10.25,38.07,Medio,Saludable,Equilibrado
3613211,634381,206138,1000983,131735,820817,94059,138149,438277,1194252,89052,12.13,33.05,Medio,Saludable,Equilibrado
3454952,487003,206856,1182795,120516,531764,120924,165640,498580,1367880,70360,14.43,39.59,Medio,Saludable,Equilibrado
3077283,598771,166839,1147730,144587,1475775,61818,221271,334439,250258,80153,10.87,8.13,Medio,Saludable,Equilibrado
3269386,608629,170965,1029920,170636,1477568,129722,123312,425514,414090,53615,13.02,12.67,Medio,Saludable,Equilibrado
2940011,545192,206195,801151,126602,1088350,96516,222668,251489,458602,74732,8.55,15.6,Medio,Saludable,Equilibrado
2879555,550517,180703,1013068,145838,1117250,112840,105554,402322,813910,83060,13.97,28.27,Medio,Saludable,Equilibrado
3932978,557886,216737,1139995,154253,788953,73910,108212,547374,917119,64470,13.92,23.32,Medio,Saludable,Equilibrado
3657085,502350,190575,855920,179084,640486,121742,117387,466003,1446831,112608,12.74,39.56,Medio,Saludable,Equilibrado
3707502,522781,175178,1127360,126012,904254,82617,166101,454427,1028449,136199,12.26,27.74,Medio,Saludable,Equilibrado
2929004,628633,238206,1197093,170065,785394,141449,210781,312777,654932,124172,10.68,22.36,Medio,Saludable,Equilibrado
2918675,593418,239524,1146934,147016,1338341,139670,198600,433791,557111,106884,14.86,19.09,Medio,Saludable,Equilibrado
2883514,604013,163167,1071895,148329,1302668,91406,170648,332941,1061586,127746,11.55,36.82,Medio,Saludable,Equilibrado
3622808,704384,202824,1026584,123909,587850,124941,79675,292619,346602,84654,8.08,9.57,Medio,Saludable,Equilibrado
3126569,617310,237957,1165935,143394,948299,76637,200828,365050,1098145,124837,11.68,35.12,Medio,Saludable,Equilibrado
3247756,616472,203327,911634,143115,1230334,65426,81349,375149,438093,116187,11.55,13.49,Medio,Saludable,Equilibrado
3827391,484046,212181,991130,170005,1326141,131230,88566,459541,1076248,132145,12.01,28.12,Medio,Saludable,Equilibrado
2891560,568991,200260,1143566,142355,617655,57481,117534,426615,500433,50941,14.75,17.31,Medio,Saludable,Equilibrado
3401396,553532,204778,1133774,175105,695799,109500,220402,311512,1570873,95758,9.16,46.18,Medio,Saludable,Equilibrado
3049066,682784,206238,825706,148232,1421224,93419,128224,409030,348211,105272,13.41,11.42,Medio,Saludable,Equilibrado
3976411,487857,205377,1144248,136775,528230,139209,148147,529864,892091,120009,13.33,22.43,Medio,Saludable,Equilibrado
3642076,482192,182787,1144165,169548,733694,122242,114849,464255,1549411,132891,12.75,42.54,Medio,Saludable,Equilibrado
3064727,711232,230389,964320,129602,1134040,149060,208660,404287,531599,148415,13.19,17.35,Medio,Saludable,Equilibrado
2907216,715867,201099,1102498,130202,635096,103628,106930,365003,347725,65254,12.56,11.96,Medio,Saludable,Equilibrado
4036645,584920,203647,870084,134384,1456386,57016,177340,486541,1467819,53184,12.05,36.36,Medio,Saludable,Equilibrado
3176854,537269,200388,975055,131683,1204385,79020,207625,303003,1080363,56443,9.54,34.01,Medio,Saludable,Equilibrado
3250664,559099,203148,942487,136307,1481077,137730,87297,426395,912839,124864,13.12,28.08,Medio,Saludable,Equilibrado
3000652,590312,175997,869145,158074,928823,52360,117918,393812,841909,130533,13.12,28.06,Medio,Saludable,Equilibrado
3425515,662565,194348,1054322,135506,1222742,84233,102109,333635,1302252,130552,9.74,38.02,Medio,Saludable,Equilibrado
3227721,546451,193954,910280,152954,605626,99710,175114,315037,499211,95689,9.76,15.47,Medio,Saludable,Equilibrado
3883954,578947,168139,933207,134290,812457,130409,218696,366325,1696926,93757,9.43,43.69,Medio,Saludable,Equilibrado
3667638,621519,226336,1175413,145792,1284537,102619,76304,368207,1626771,118081,10.04,44.35,Medio,Saludable,Equilibrado
4004797,635291,209958,1115006,171781,590033,80879,106534,321658,1473038,119888,8.03,36.78,Medio,Saludable,Equilibrado
3334152,628679,229237,806961,146339,1053935,65023,176407,369959,780324,121919,11.1,23.4,Medio,Saludable,Equilibrado
3924837,699928,209299,1048887,122555,899238,78594,169321,320149,414870,100820,8.16,10.57,Medio,Saludable,Equilibrado
3386993,613983,238538,1102429,174498,1231958,101886,205756,287765,1523542,110845,8.5,44.98,Medio,Saludable,Equilibrado
3644417,618508,222948,1183751,151033,1003605,53086,195209,429149,1337786,100474,11.78,36.71,Medio,Saludable,Equilibrado
3621359,673525,236574,1169048,171793,1429537,72712,142743,314107,1002920,121934,8.67,27.69,Medio,Saludable,Equilibrado
4936611,646179,166575,946398,174137,1267569,98530,148045,425634,1496044,86513,8.62,30.31,Medio Alto,Saludable,Equilibrado
5139570,584855,198467,1108350,163743,1492530,130192,116232,509660,815255,68219,9.92,15.86,Medio Alto,Saludable,Equilibrado
4649855,494670,182426,1127386,150780,950485,133973,182812,466801,1288901,61077,10.04,27.72,Medio Alto,Saludable,Equilibrado
4827546,678105,219603,918850,173219,568468,69008,112322,575511,2075232,78450,11.92,42.99,Medio Alto,Saludable,Equilibrado
4735539,530674,219891,808852,169162,1418190,62276,205096,680988,1980708,114313,14.38,41.83,Medio Alto,Saludable,Equilibrado
4450379,552050,168615,941228,120971,1425097,139941,127860,656162,1110807,100131,14.74,24.96,Medio Alto,Saludable,Equilibrado
5153000,603167,239785,1143981,125041,1088699,98370,170871,593555,914935,128609,11.52,17.76,Medio Alto,Saludable,Equilibrado
4451465,630122,168908,924480,133440,970973,143938,121627,356185,778367,146936,8.0,17.49,Medio Alto,Saludable,Equilibrado
4420227,575612,212883,812895,173672,635173,61961,169347,523322,1309195,63572,11.84,29.62,Medio Alto,Saludable,Equilibrado
4430221,685671,187654,1133288,122689,1134661,146505,104418,518081,1900030,67098,11.69,42.89,Medio Alto,Saludable,Equilibrado
4931096,508899,181833,1172453,135173,1101551,114932,127311,541557,2325373,111713,10.98,47.16,Medio Alto,Saludable,Equilibrado
4363284,697926,225877,877079,167247,1333409,76496,197166,548553,476339,128709,12.57,10.92,Medio Alto,Saludable,Equilibrado
5253112,601348,200990,823245,164745,576212,143727,190590,710893,2018464,57660,13.53,38.42,Medio Alto,Saludable,Equilibrado
4848037,680089,199990,1137289,179297,1288718,121710,214535,415691,1894964,123301,8.57,39.09,Medio Alto,Saludable,Equilibrado
4628996,697557,167878,1013877,124554,577987,144133,107447,507867,2007001,78735,10.97,43.36,Medio Alto,Saludable,Equilibrado
5174940,608956,202532,1059151,158746,1433416,141781,89433,490190,1301830,80225,9.47,25.16,Medio Alto,Saludable,Equilibrado
4979056,603681,194674,1170203,133499,1389372,136221,173179,515439,1544163,73727,10.35,31.01,Medio Alto,Saludable,Equilibrado
4486081,561711,177479,1095234,122187,1087405,64986,160020,371448,1179003,126441,8.28,26.28,Medio Alto,Saludable,Equilibrado
4792681,617226,237262,1162318,167878,776823,137969,191478,547905,1245050,133890,11.43,25.98,Medio Alto,Saludable,Equilibrado
5044436,713308,162331,960827,167677,1055401,98713,191959,656844,2247146,144607,13.02,44.55,Medio Alto,Saludable,Equilibrado
4620216,697526,221190,1157238,155408,566631,130037,144744,658735,1720114,74697,14.26,37.23,Medio Alto,Saludable,Equilibrado
4881228,529126,174921,1128178,160613,900452,98548,140200,685167,2227657,120015,14.04,45.64,Medio Alto,Saludable,Equilibrado
4663739,526068,235052,1002459,140628,511721,142635,109293,684123,1403434,132833,14.67,30.09,Medio Alto,Saludable,Equilibrado
4639045,664338,191342,1071108,153927,540900,68123,224936,517165,2034022,148240,11.15,43.85,Medio Alto,Saludable,Equilibrado
4220381,668825,190158,849466,128006,976875,125193,185949,478506,659952,93782,11.34,15.64,Medio Alto,Saludable,Equilibrado
4208120,708519,195161,1086535,154306,510909,107454,177671,532619,740678,124280,12.66,17.6,Medio Alto,Saludable,Equilibrado
4114820,715824,228569,973831,143839,600014,80647,103137,587467,369832,135139,14.28,8.99,Medio Alto,Saludable,Equilibrado
4321469,599420,199883,820202,172400,803941,128298,114267,572903,625894,108208,13.26,14.48,Medio Alto,Saludable,Equilibrado
5106142,522691,209782,904568,156878,890888,79279,95883,613231,1959315,142004,12.01,38.37,Medio Alto,Saludable,Equilibrado
4547889,693712,196622,1191284,141453,917503,68191,102026,374650,2001594,84467,8.24,44.01,Medio Alto,Saludable,Equilibrado
4827943,634469,180283,946110,128735,665538,100725,183111,405315,1918153,148874,8.4,39.73,Medio Alto,Saludable,Equilibrado
4155621,485282,183009,957314,125221,802455,85141,184188,496078,1081933,92303,11.94,26.04,Medio Alto,Saludable,Equilibrado
4538779,707675,185020,1011623,137291,1265729,115390,146234,626168,1428052,68406,13.8,31.46,Medio Alto,Saludable,Equilibrado
4201905,647451,210214,1015720,171250,523912,86542,219543,482683,566484,114721,11.49,13.48,Medio Alto,Saludable,Equilibrado
4634284,507154,204341,1080936,123826,1024015,92760,75328,565551,1639599,148929,12.2,35.38,Medio Alto,Saludable,Equilibrado
4940025,582834,230682,1010440,145698,1007180,130683,219761,599858,1555366,107792,12.14,31.48,Medio Alto,Saludable,Equilibrado
4814400,689142,169673,1061347,156614,1425549,89029,121227,511250,1468000,104721,10.62,30.49,Medio Alto,Saludable,Equilibrado
5039928,625385,209875,803462,131784,1427990,132656,212108,716572,1824931,92694,14.22,36.21,Medio Alto,Saludable,Equilibrado
4691859,552546,199498,1099076,168837,741836,111405,90396,425624,406824,73787,9.07,8.67,Medio Alto,Saludable,Equilibrado
4576337,699183,161001,1010060,152149,924757,121272,86036,498036,1566240,137351,10.88,34.22,Medio Alto,Saludable,Equilibrado
5128503,521279,197240,885954,172768,1042901,116736,132506,681821,1074238,58562,13.29,20.95,Medio Alto,Saludable,Equilibrado
4789335,608495,188710,813318,166020,1065689,69796,146084,414797,2113725,113002,8.66,44.13,Medio Alto,Saludable,Equilibrado
4206947,521680,235963,846902,148411,881205,50759,156117,416624,598809,147775,9.9,14.23,Medio Alto,Saludable,Equilibrado
4690391,718173,184113,1146272,135219,1093002,124613,184614,682230,1263355,91490,14.55,26.93,Medio Alto,Saludable,Equilibrado
4467233,655652,226031,806511,121618,988300,68991,107941,443917,378856,131876,9.94,8.48,Medio Alto,Saludable,Equilibrado
5202349,679251,161219,949494,122415,1149685,92200,178108,760287,477854,89054,14.61,9.19,Medio Alto,Saludable,Equilibrado
4536272,534282,227283,859533,161032,780957,140221,145413,392679,1382220,83835,8.66,30.47,Medio Alto,Saludable,Equilibrado
4428079,632709,236089,812057,174812,900557,121482,190810,577799,2090140,136519,13.05,47.2,Medio Alto,Saludable,Equilibrado
4646648,672659,209636,923686,167894,1243017,83683,140374,449574,743363,86017,9.68,16.0,Medio Alto,Saludable,Equilibrado
4978857,640346,187548,988622,125044,758709,114354,81415,703025,1917079,121096,14.12,38.5,Medio Alto,Saludable,Equilibrado
5091771,628103,176988,1106229,140760,1324566,140594,132439,423044,488163,67216,8.31,9.59,Medio Alto,Saludable,Equilibrado
4608940,637302,201147,880990,120032,806505,65090,200746,650974,1998282,97430,14.12,43.36,Medio Alto,Saludable,Equilibrado
5357032,562845,233152,1143820,164671,883718,126748,77086,678942,479496,60096,12.67,8.95,Alto,Saludable,Equilibrado
5564689,639495,187600,854863,129509,982651,79559,143871,516456,2426893,74672,9.28,43.61,Alto,Saludable,Equilibrado
5900394,638316,212383,898779,179436,527625,53266,120634,533766,1098740,149447,9.05,18.62,Alto,Saludable,Equilibrado
6215761,667354,174165,1140751,148101,1499672,134496,162765,516962,2375330,113059,8.32,38.21,Alto,Saludable,Equilibrado
6159353,543107,182608,851319,129895,768542,133480,109672,891266,493563,120434,14.47,8.01,Alto,Saludable,Equilibrado
5455366,575047,210099,1001629,142309,823700,118109,210194,555360,1746268,137372,10.18,32.01,Alto,Saludable,Equilibrado
5802182,692846,232495,983766,132700,1238802,126476,126032,655518,1809357,134711,11.3,31.18,Alto,Saludable,Equilibrado
5920278,644384,224402,1181552,139316,1236684,101586,185157,793544,1919365,81567,13.4,32.42,Alto,Saludable,Equilibrado
6060230,670144,203417,1121899,139830,581182,63036,136410,541790,2615367,117857,8.94,43.16,Alto,Saludable,Equilibrado
5548957,683427,190436,850011,152980,675302,72423,210353,589399,677630,65747,10.62,12.21,Alto,Saludable,Equilibrado
6308730,497617,223110,1097556,152090,1086824,89843,118908,719515,2159559,117273,11.41,34.23,Alto,Saludable,Equilibrado
6438607,542829,178756,1114353,141665,1326875,83433,123960,557027,2667948,124713,8.65,41.44,Alto,Saludable,Equilibrado
5631269,514582,193688,1172750,124335,1383554,77266,209371,488040,1115098,123153,8.67,19.8,Alto,Saludable,Equilibrado
5895458,575248,222839,1025254,151451,977528,71003,96896,736260,1698094,78298,12.49,28.8,Alto,Saludable,Equilibrado
5497250,492535,220611,1143854,160792,1338685,77754,83950,717367,526829,114571,13.05,9.58,Alto,Saludable,Equilibrado
5418547,667975,196354,1147810,120337,1238369,56422,86103,809949,499733,72997,14.95,9.22,Alto,Saludable,Equilibrado
5894015,602580,200432,1157997,146923,1167424,91543,191375,519983,1066471,68439,8.82,18.09,Alto,Saludable,Equilibrado
5542729,676161,227528,1026273,177653,1418714,125788,187113,793944,808531,102231,14.32,14.59,Alto,Saludable,Equilibrado
6269565,716763,208671,1097527,129909,1479442,90876,213011,663962,1162347,106759,10.59,18.54,Alto,Saludable,Equilibrado
6031418,704296,212180,1128485,158728,931587,130483,80556,673746,2331463,68418,11.17,38.66,Alto,Saludable,Equilibrado
5911798,659877,163082,1062980,174176,1453942,112048,147328,567782,865184,78736,9.6,14.63,Alto,Saludable,Equilibrado
6484910,550812,195965,1082960,147708,1425759,65972,211748,917599,728830,68522,14.15,11.24,Alto,Saludable,Equilibrado
5871505,603697,188139,1006216,135407,1396136,58325,116374,734620,2724610,120065,12.51,46.4,Alto,Saludable,Equilibrado
6161687,670324,183581,984543,137872,1484609,57341,113890,556712,1984957,100227,9.04,32.21,Alto,Saludable,Equilibrado
6192010,575118,215033,859689,175276,861340,102549,110292,640037,2250581,147885,10.34,36.35,Alto,Saludable,Equilibrado
6499561,663719,178233,981996,121565,1228506,88665,194420,629117,2306166,74906,9.68,35.48,Alto,Saludable,Equilibrado
5572065,498811,195640,1032228,131655,1187514,113094,171949,612983,1893521,50378,11.0,33.98,Alto,Saludable,Equilibrado
5304218,625893,204521,1053794,137418,1071354,130726,131937,467415,2112514,148558,8.81,39.83,Alto,Saludable,Equilibrado
5830627,485330,233660,932665,127694,1387854,67971,150624,648151,1812311,145249,11.12,31.08,Alto,Saludable,Equilibrado
5868880,617369,212379,1069913,131413,909559,58491,194479,777625,2706329,100607,13.25,46.11,Alto,Saludable,Equilibrado
5748793,504436,225394,1029941,163132,1486054,107169,174054,599500,2680382,98252,10.43,46.63,Alto,Saludable,Equilibrado
5608751,553802,231071,841258,163210,684702,90769,222432,616419,1008176,62507,10.99,17.98,Alto,Saludable,Equilibrado
5495829,600122,180533,909054,137200,1321900,98322,203554,605258,619877,133790,11.01,11.28,Alto,Saludable,Equilibrado
5696164,502298,208486,976905,164622,946457,106421,208447,537900,2724835,51247,9.44,47.84,Alto,Saludable,Equilibrado
5620076,579509,160724,972757,160755,1378911,82616,162344,618770,732692,80634,11.01,13.04,Alto,Saludable,Equilibrado
5747910,665807,224124,1136144,157850,750403,60006,168056,818362,1639829,55188,14.24,28.53,Alto,Saludable,Equilibrado
6418093,701080,164315,895193,122633,943318,75968,143296,534378,1805518,58865,8.33,28.13,Alto,Saludable,Equilibrado
5780127,695763,203171,1144755,149235,1181627,58468,197154,552090,494106,134239,9.55,8.55,Alto,Saludable,Equilibrado
5766713,646295,205672,899918,158316,743020,77682,185878,552235,1934325,56174,9.58,33.54,Alto,Saludable,Equilibrado
6110366,579808,164627,918905,168082,763638,61263,100232,577477,809081,50234,9.45,13.24,Alto,Saludable,Equilibrado
5467769,556437,179985,1137152,159658,574598,51016,195622,505564,2617551,66506,9.25,47.87,Alto,Saludable,Equilibrado
5867659,660594,170314,1046419,163476,1309858,130196,89421,631432,2727724,73459,10.76,46.49,Alto,Saludable,Equilibrado
6377955,712422,212166,875376,133710,1465257,117511,219261,740684,1684014,115504,11.61,26.4,Alto,Saludable,Equilibrado
5787142,590736,169984,956636,162200,1255928,93820,206129,690594,1272087,130915,11.93,21.98,Alto,Saludable,Equilibrado
6139012,699145,187855,1191010,166681,1053310,89329,120670,590163,632582,116955,9.61,10.3,Alto,Saludable,Equilibrado
5559430,604496,216800,860910,138887,826859,57231,122455,554756,2536245,101717,9.98,45.62,Alto,Saludable,Equilibrado
5979837,490043,163407,908728,126363,606428,133854,124084,559029,1032704,54514,9.35,17.27,Alto,Saludable,Equilibrado
5401046,638410,230942,1044543,171458,999031,101227,78671,609473,2524897,50180,11.28,46.75,Alto,Saludable,Equilibrado
6210361,687589,238467,1055991,147559,1425267,111034,96587,756468,1626287,77398,12.18,26.19,Alto,Saludable,Equilibrado
5368313,545834,200598,1044262,162170,782451,83455,154162,500163,712251,60661,9.32,13.27,Alto,Saludable,Equilibrado
5948132,537252,228995,915863,178082,1001048,140747,110768,778040,1344923,53630,13.08,22.61,Alto,Saludable,Equilibrado
6068801,585583,205584,1127327,163102,844557,93453,156840,858214,2630176,85732,14.14,43.34,Alto,Saludable,Equilibrado
8377429,554074,210443,1089190,179686,679428,74686,106344,1043393,3595600,80800,12.45,42.92,Muy alto,Saludable,Equilibrado
8402556,529925,217590,1014060,142296,902644,106812,183483,763465,1515254,59032,9.09,18.03,Muy alto,Saludable,Equilibrado
6683891,488898,225495,828811,140875,540863,83577,91589,907908,1830956,121615,13.58,27.39,Muy alto,Saludable,Equilibrado
9791111,628499,199823,986765,140161,994508,50279,193305,961927,1163847,86490,9.82,11.89,Muy alto,Saludable,Equilibrado
9681949,683610,181857,942058,179814,1277190,51322,164689,936627,4197871,134196,9.67,43.36,Muy alto,Saludable,Equilibrado
8717576,561149,220716,1106928,174787,1375632,76436,87227,700656,3573580,109470,8.04,40.99,Muy alto,Saludable,Equilibrado
8849437,569685,207089,822374,127555,1183337,109669,97095,965366,963850,108788,10.91,10.89,Muy alto,Saludable,Equilibrado
7347216,615085,176283,846897,158766,653476,87918,122196,776459,1444461,71749,10.57,19.66,Muy alto,Saludable,Equilibrado
8127009,484529,171423,946137,120401,577511,119609,139518,720221,2704587,133935,8.86,33.28,Muy alto,Saludable,Equilibrado
7709391,495582,202927,984945,149130,1100573,82423,224202,824113,2684676,113393,10.69,34.82,Muy alto,Saludable,Equilibrado
9589285,586768,230559,1051880,123812,746465,105684,114492,1052999,989704,63414,10.98,10.32,Muy alto,Saludable,Equilibrado
8812214,641742,171023,1021919,127984,526565,114584,87088,1306492,3851292,130325,14.83,43.7,Muy alto,Saludable,Equilibrado
9498674,482363,198345,1168622,124650,1211673,132067,139223,997857,3606753,60069,10.51,37.97,Muy alto,Saludable,Equilibrado
7662392,688805,195253,1145954,130937,1220404,112254,150862,635915,1590014,81415,8.3,20.75,Muy alto,Saludable,Equilibrado
7116403,528328,163598,1126844,133424,570594,120923,132627,1051548,3386918,127713,14.78,47.59,Muy alto,Saludable,Equilibrado
7311418,605909,193060,1161557,146144,616277,143288,133828,737793,1949330,102141,10.09,26.66,Muy alto,Saludable,Equilibrado
9262692,571545,171364,1061179,134266,576958,69227,219981,766321,1461357,132404,8.27,15.78,Muy alto,Saludable,Equilibrado
7352353,637471,206725,1184446,150382,1424210,89897,215445,1089656,898688,73715,14.82,12.22,Muy alto,Saludable,Equilibrado
7210159,670026,200032,1159527,149403,1278286,62151,194938,652706,1832283,54883,9.05,25.41,Muy alto,Saludable,Equilibrado
7558251,627317,207736,803543,134604,1494825,127944,102589,740474,2851491,127075,9.8,37.73,Muy alto,Saludable,Equilibrado
7592849,601823,196281,883346,137040,629005,144033,109387,894564,1005503,89428,11.78,13.24,Muy alto,Saludable,Equilibrado
8094353,504439,233263,938785,127555,525863,102711,145673,1167020,2131895,125784,14.42,26.34,Muy alto,Saludable,Equilibrado
8186043,668487,172426,953868,156412,1160309,128907,91893,1188729,705758,103322,14.52,8.62,Muy alto,Saludable,Equilibrado
9597911,655219,176484,1058305,150371,523780,134172,174593,1211035,1414208,109851,12.62,14.73,Muy alto,Saludable,Equilibrado
8505691,678165,163890,887596,173255,711486,58637,144214,775984,863628,96042,9.12,10.15,Muy alto,Saludable,Equilibrado
7610946,650473,232317,1160532,128537,992019,62644,102749,1036686,2203175,53422,13.62,28.95,Muy alto,Saludable,Equilibrado
7798480,666553,234742,1157814,132635,1039016,58692,193657,714726,3513513,57461,9.16,45.05,Muy alto,Saludable,Equilibrado
6982697,611787,211472,842598,176943,1300542,65084,90682,926872,938854,131560,13.27,13.45,Muy alto,Saludable,Equilibrado
6854776,536387,177515,977734,144787,962752,145187,89618,988893,1499075,137989,14.43,21.87,Muy alto,Saludable,Equilibrado
8986302,662086,198006,1140898,178092,1032913,76216,134130,1241075,957468,54424,13.81,10.65,Muy alto,Saludable,Equilibrado
9569810,503421,168260,1136179,173715,1037474,50409,199802,835685,2717693,147073,8.73,28.4,Muy alto,Saludable,Equilibrado
6636687,529172,187013,858840,130507,1002073,121860,125351,957914,1878613,113823,14.43,28.31,Muy alto,Saludable,Equilibrado
6569044,641581,236118,931707,153639,560439,110435,98880,577827,1209370,123156,8.8,18.41,Muy alto,Saludable,Equilibrado
7243287,597697,178324,1155639,150132,572894,107066,136973,969371,1772800,61925,13.38,24.48,Muy alto,Saludable,Equilibrado
9423292,606692,168223,1084421,154402,1210640,142899,222552,1326623,3633074,125826,14.08,38.55,Muy alto,Saludable,Equilibrado
7103742,639659,234647,818723,127543,1494442,84890,154708,852944,2417956,110365,12.01,34.04,Muy alto,Saludable,Equilibrado
8065745,523329,239014,1045174,163939,863486,64319,196048,833215,906923,51989,10.33,11.24,Muy alto,Saludable,Equilibrado
7918054,584157,202051,825842,170640,905352,138623,178955,1150709,1214238,86295,14.53,15.34,Muy alto,Saludable,Equilibrado
8729563,667576,167141,1114886,143048,1076495,59775,152453,1247223,1091665,70873,14.29,12.51,Muy alto,Saludable,Equilibrado
8938733,546547,191891,917158,152374,811993,59406,98758,752659,2441775,128005,8.42,27.32,Muy alto,Saludable,Equilibrado
6987473,653559,197141,975341,143822,617217,119513,166392,879743,1757478,109321,12.59,25.15,Muy alto,Saludable,Equilibrado
9550281,673960,168612,855755,168997,1123742,96274,105231,868658,3674448,138187,9.1,38.47,Muy alto,Saludable,Equilibrado
8848632,656003,230375,1021822,149812,1447535,138135,221434,1141087,2333878,137379,12.9,26.38,Muy alto,Saludable,Equilibrado
7706992,557615,210207,873237,158915,1494587,50164,136147,776169,1627327,88594,10.07,21.11,Muy alto,Saludable,Equilibrado
8662255,631563,210724,1152927,156158,1291955,140276,125825,846654,1652166,102977,9.77,19.07,Muy alto,Saludable,Equilibrado
8227727,646615,170924,1043065,152845,1257936,122812,204934,959507,3573116,106002,11.66,43.43,Muy alto,Saludable,Equilibrado
7487394,632944,236206,817886,154522,1471359,66468,176266,1072411,2832229,128546,14.32,37.83,Muy alto,Saludable,Equilibrado
7737444,609779,202667,1167947,145110,1126640,142258,212699,660595,1696537,109231,8.54,21.93,Muy alto,Saludable,Equilibrado
6718358,515763,208379,1038596,179390,552961,120094,159424,899205,2828570,61517,13.38,42.1,Muy alto,Saludable,Equilibrado
7105513,614780,175794,868451,122503,1331426,87627,92876,1016596,3271557,71886,14.31,46.04,Muy alto,Saludable,Equilibrado
9320390,613687,169015,1107827,179405,732075,87842,93625,1319822,1585659,110480,14.16,17.01,Muy alto,Saludable,Equilibrado
8109905,550638,204647,889746,175230,1294080,133840,209570,893115,1802351,50036,11.01,22.22,Muy alto,Saludable,Equilibrado
850689,497899,222870,858967,159253,1484284,37026,62686,150033,298723,31299,17.64,35.12,Bajo,Aceptable,Ahorrador
1446088,695227,199600,1098122,149125,706188,38957,79897,258316,315624,51747,17.86,21.83,Bajo,Aceptable,Ahorrador
1516499,659018,178992,1123906,137815,822531,50043,52913,208585,216983,60228,13.75,14.31,Bajo,Aceptable,Ahorrador
1438768,590894,170729,1008982,134173,1332839,58464,69280,250264,610600,44390,17.39,42.44,Bajo,Aceptable,Ahorrador
1041284,491995,229342,850240,134335,563069,35544,46676,104505,474327,70301,10.04,45.55,Bajo,Aceptable,Ahorrador
1539011,584330,216397,984022,170794,1224673,41245,84736,255913,644437,74980,16.63,41.87,Bajo,Aceptable,Ahorrador
1052026,628084,234663,919093,126316,766635,65438,65021,126847,345925,49736,12.06,32.88,Bajo,Aceptable,Ahorrador
1091200,671614,166426,843859,127176,1104761,60572,82996,188248,95680,32452,17.25,8.77,Bajo,Aceptable,Ahorrador
1366400,684480,165144,840962,158935,837119,32153,62115,186423,349056,26351,13.64,25.55,Bajo,Aceptable,Ahorrador
834920,533218,231124,844570,174630,715685,64481,50960,149548,195085,51861,17.91,23.37,Bajo,Aceptable,Ahorrador
1142832,543397,238226,934406,132163,782726,55137,76766,143493,197874,54252,12.56,17.31,Bajo,Aceptable,Ahorrador
1361399,595576,222174,879117,134458,716776,73983,91239,156507,562784,59050,11.5,41.34,Bajo,Aceptable,Ahorrador
1231849,580117,185123,859980,130822,1073617,44081,77595,152688,209509,50345,12.4,17.01,Bajo,Aceptable,Ahorrador
1246524,706186,169993,859171,139256,1283662,30227,92363,122453,336944,63781,9.82,27.03,Bajo,Aceptable,Ahorrador
1349998,624236,191106,1154481,173838,989568,48342,64356,135922,488451,40364,10.07,36.18,Bajo,Aceptable,Ahorrador
920355,629281,203309,1104210,151071,1230440,38039,95931,116748,246387,45575,12.69,26.77,Bajo,Aceptable,Ahorrador
1242469,629798,187925,821244,164227,1254210,36097,90708,201176,592911,65343,16.19,47.72,Bajo,Aceptable,Ahorrador
1218361,619340,212775,1103641,172702,1240531,31869,65330,183397,149107,26768,15.05,12.24,Bajo,Aceptable,Ahorrador
1069119,565371,161149,941479,174631,791375,70100,83384,147634,431896,28037,13.81,40.4,Bajo,Aceptable,Ahorrador
1092401,576317,229961,1170403,121830,639238,30285,47447,137827,213274,32279,12.62,19.52,Bajo,Aceptable,Ahorrador
1231949,640914,172370,1111578,131745,1399121,32720,37880,178886,564073,28566,14.52,45.79,Bajo,Aceptable,Ahorrador
1314179,676809,166630,839171,167675,924067,67699,93711,188642,465066,50217,14.35,35.39,Bajo,Aceptable,Ahorrador
1317320,481522,219543,901894,154231,747976,58494,46270,195767,262381,43419,14.86,19.92,Bajo,Aceptable,Ahorrador
1399061,484556,230575,1185419,173380,1476544,49570,69495,205145,116056,50651,14.66,8.3,Bajo,Aceptable,Ahorrador
1192999,549694,165636,1115019,131365,1305488,67627,42419,156680,465133,49363,13.13,38.99,Bajo,Aceptable,Ahorrador
1100045,615271,170848,1138962,176999,1229648,34552,50991,196312,152206,50774,17.85,13.84,Bajo,Aceptable,Ahorrador
845555,692614,225906,1188958,148996,709240,45942,86415,124257,257594,51793,14.7,30.46,Bajo,Aceptable,Ahorrador
1365983,692787,212061,1060975,173435,1269627,52837,67431,234472,112644,50393,17.17,8.25,Bajo,Aceptable,Ahorrador
894134,589917,236458,895886,174163,506655,51996,64954,123488,117446,30049,13.81,13.14,Bajo,Aceptable,Ahorrador
1528642,488888,192797,1163840,178292,558585,41174,71013,173746,237510,41810,11.37,15.54,Bajo,Aceptable,Ahorrador
1194182,706152,236595,806248,177870,1333535,46765,84743,137465,568704,67923,11.51,47.62,Bajo,Aceptable,Ahorrador
1088485,529999,190556,1029120,132840,676092,46453,60261,131193,432061,27107,12.05,39.69,Bajo,Aceptable,Ahorrador
1189259,500824,202672,808501,176924,1463308,65096,95694,145712,436316,32273,12.25,36.69,Bajo,Aceptable,Ahorrador
1378605,500614,212961,938224,167524,729659,44069,88326,209433,490462,30421,15.19,35.58,Bajo,Aceptable,Ahorrador
1550821,692961,166362,898453,133096,504409,33551,102798,277322,230760,58876,17.88,14.88,Bajo,Aceptable,Ahorrador
1259607,599515,235891,1112423,161055,1430444,67767,79457,143197,335318,72053,11.37,26.62,Bajo,Aceptable,Ahorrador
1227248,635430,222838,999129,143419,1498608,58765,43644,177558,186855,32479,14.47,15.23,Bajo,Aceptable,Ahorrador
1597471,587579,216755,1133881,145265,1381360,55871,112132,265047,480588,40440,16.59,30.08,Bajo,Aceptable,Ahorrador
1175848,515184,212633,948124,132954,1076651,48487,90475,151188,160965,62024,12.86,13.69,Bajo,Aceptable,Ahorrador
1398307,651185,203677,1120473,174715,568293,73271,55226,244157,263500,52520,17.46,18.84,Bajo,Aceptable,Ahorrador
1344551,534236,167804,868919,143285,1482733,53512,90593,225439,622870,37621,16.77,46.33,Bajo,Aceptable,Ahorrador
807436,629404,231949,866180,122699,580356,64654,71624,142327,363989,37761,17.63,45.08,Bajo,Aceptable,Ahorrador
1325658,682480,187622,1063783,129575,518886,49553,55556,182378,433032,64671,13.76,32.67,Bajo,Aceptable,Ahorrador
844521,566905,189092,1104800,170051,1315358,54917,60350,110996,355866,36467,13.14,42.14,Bajo,Aceptable,Ahorrador
1587065,618361,214426,1018573,154248,1197498,73650,87129,273379,221026,61255,17.23,13.93,Bajo,Aceptable,Ahorrador
1211082,547126,171318,846848,178257,1376967,36403,79597,180233,453783,72026,14.88,37.47,Bajo,Aceptable,Ahorrador
1587706,523430,164658,1071157,168500,1334507,45177,81500,221175,451267,37702,13.93,28.42,Bajo,Aceptable,Ahorrador
1520698,569040,172080,1126549,167232,867608,52408,95190,241774,475400,64874,15.9,31.26,Bajo,Aceptable,Ahorrador
1314355,526570,188271,1082695,129226,963915,74893,86947,180459,142574,31841,13.73,10.85,Bajo,Aceptable,Ahorrador
879436,570183,168391,1070031,128587,1201561,27184,40298,85692,134505,68357,9.74,15.29,Bajo,Aceptable,Ahorrador
1120842,497713,231520,945679,172365,982712,54653,86803,137572,281051,51228,12.27,25.07,Bajo,Aceptable,Ahorrador
1221846,528147,184808,892466,128579,743467,64942,102594,170675,341501,52827,13.97,27.95,Bajo,Aceptable,Ahorrador
2462617,689512,198978,1000873,134064,716017,37332,99924,327063,570450,33537,13.28,23.16,Medio Bajo,Aceptable,Ahorrador
2264806,490490,188918,1117706,176038,956108,47426,91202,271566,603930,45454,11.99,26.67,Medio Bajo,Aceptable,Ahorrador
2072702,620442,210857,922098,142629,925703,27368,45567,215726,732129,59935,10.41,35.32,Medio Bajo,Aceptable,Ahorrador
1775929,558492,178347,942817,172178,1212732,30224,87233,311433,589594,43149,17.54,33.2,Medio Bajo,Aceptable,Ahorrador
2625267,660884,177560,1129867,168608,982243,60298,92165,459230,1063293,64693,17.49,40.5,Medio Bajo,Aceptable,Ahorrador
1718648,501564,164977,841032,123017,1194738,70725,92368,171938,823122,25653,10.0,47.89,Medio Bajo,Aceptable,Ahorrador
1672294,515140,226741,1116220,133602,1134900,44581,80266,298620,268362,44384,17.86,16.05,Medio Bajo,Aceptable,Ahorrador
2453790,599039,210324,821517,120421,532071,30481,95850,369988,511970,54572,15.08,20.86,Medio Bajo,Aceptable,Ahorrador
2662609,508699,193599,1013490,135304,842291,72563,42276,421329,1276145,38885,15.82,47.93,Medio Bajo,Aceptable,Ahorrador
2718703,703046,201108,1149873,150071,653653,45981,59530,406294,1295721,38694,14.94,47.66,Medio Bajo,Aceptable,Ahorrador
2418991,660214,173575,914239,173810,798043,52465,104928,299300,1010760,66151,12.37,41.78,Medio Bajo,Aceptable,Ahorrador
1636110,487499,216043,933815,140558,560412,66234,59634,215204,516070,74158,13.15,31.54,Medio Bajo,Aceptable,Ahorrador
2677197,667793,164168,1132228,164087,1116076,53521,50005,303158,1130656,50521,11.32,42.23,Medio Bajo,Aceptable,Ahorrador
1919587,551185,225884,891436,129230,721578,34823,71209,280513,257056,33579,14.61,13.39,Medio Bajo,Aceptable,Ahorrador
2837714,654448,189443,893562,169757,809872,40187,84119,360860,1177936,42903,12.72,41.51,Medio Bajo,Aceptable,Ahorrador
2809264,633171,163108,1064606,178455,1358386,25433,96793,430752,285223,60908,15.33,10.15,Medio Bajo,Aceptable,Ahorrador
2193159,699287,184856,821156,171472,1127356,74547,72680,308930,451048,56958,14.09,20.57,Medio Bajo,Aceptable,Ahorrador
2314640,544145,197364,1118840,148139,1484239,30656,45826,302542,327401,53290,13.07,14.14,Medio Bajo,Aceptable,Ahorrador
2691852,664962,236012,1035672,151972,976413,64744,39891,269857,588964,53834,10.02,21.88,Medio Bajo,Aceptable,Ahorrador
2468351,536766,214459,908781,152509,1012728,39396,50281,419747,285977,27945,17.01,11.59,Medio Bajo,Aceptable,Ahorrador
2092436,702653,199603,1044690,140051,1040610,60351,87938,277686,921881,31114,13.27,44.06,Medio Bajo,Aceptable,Ahorrador
2422029,591138,230773,956353,172978,553032,41798,78446,261762,574536,35601,10.81,23.72,Medio Bajo,Aceptable,Ahorrador
2582656,554439,216720,815566,175986,1367869,30384,40077,379029,927902,25002,14.68,35.93,Medio Bajo,Aceptable,Ahorrador
2425097,536538,166007,806837,179747,660268,39076,98002,238056,1150207,73175,9.82,47.43,Medio Bajo,Aceptable,Ahorrador
1800959,704594,168637,1178231,136284,600347,61735,81536,199242,223597,32707,11.06,12.42,Medio Bajo,Aceptable,Ahorrador
2616602,646692,232587,1013652,178796,884307,44654,110313,413449,770608,72652,15.8,29.45,Medio Bajo,Aceptable,Ahorrador
1817204,519946,234687,1154596,132802,1220818,73923,86337,277636,289906,34695,15.28,15.95,Medio Bajo,Aceptable,Ahorrador
2377765,700614,230884,1079123,161002,1177266,73198,61852,231480,1036617,32610,9.74,43.6,Medio Bajo,Aceptable,Ahorrador
2692429,639714,179750,908479,150633,1118991,50099,90472,304399,309885,31286,11.31,11.51,Medio Bajo,Aceptable,Ahorrador
2664498,695849,190731,1051024,171208,657151,64778,56139,294702,444892,48569,11.06,16.7,Medio Bajo,Aceptable,Ahorrador
2048702,699239,232207,1022232,126515,1292740,38131,96845,350258,804011,51461,17.1,39.24,Medio Bajo,Aceptable,Ahorrador
1841021,595716,186617,914396,129222,1149334,72680,84812,309663,544984,42338,16.82,29.6,Medio Bajo,Aceptable,Ahorrador
2719490,529224,179686,971474,152555,675118,28219,51794,435965,1203835,42336,16.03,44.27,Medio Bajo,Aceptable,Ahorrador
2468400,535087,187975,871241,178715,845071,43332,66238,295406,570769,34839,11.97,23.12,Medio Bajo,Aceptable,Ahorrador
2502444,552260,195085,966983,137230,1133331,37221,75351,347644,410956,44219,13.89,16.42,Medio Bajo,Aceptable,Ahorrador
1662456,572077,191708,1096005,142729,1144738,35945,110035,232017,795769,74582,13.96,47.87,Medio Bajo,Aceptable,Ahorrador
1816413,554543,198384,1119646,151233,1288885,66684,74537,257713,386008,60218,14.19,21.25,Medio Bajo,Aceptable,Ahorrador
2344958,621812,236339,1017369,155912,623675,33355,87165,384509,898032,37229,16.4,38.3,Medio Bajo,Aceptable,Ahorrador
2801853,489532,220575,929746,134268,1079859,71645,103454,316400,1299410,32458,11.29,46.38,Medio Bajo,Aceptable,Ahorrador
2614267,586394,206059,1139299,144860,584300,25359,77953,312005,435631,50576,11.93,16.66,Medio Bajo,Aceptable,Ahorrador
1736661,672961,164597,1047790,173770,1430409,45421,111331,180453,368895,36020,10.39,21.24,Medio Bajo,Aceptable,Ahorrador
2420157,501801,239079,1085202,157046,534592,71068,68203,237940,1071021,51579,9.83,44.25,Medio Bajo,Aceptable,Ahorrador
1942093,528717,235712,815413,168521,963865,74696,43387,269508,866309,50607,13.88,44.61,Medio Bajo,Aceptable,Ahorrador
1745363,611473,205490,1151227,171695,880876,54129,70373,207577,536153,28922,11.89,30.72,Medio Bajo,Aceptable,Ahorrador
1729718,645002,204842,942375,179326,943111,74643,48838,279614,180097,58611,16.17,10.41,Medio Bajo,Aceptable,Ahorrador
1916822,656594,192592,830133,160248,1379408,63551,40779,264739,717174,67997,13.81,37.41,Medio Bajo,Aceptable,Ahorrador
1748081,496679,187309,842486,123864,1377414,29677,70038,188415,536273,27177,10.78,30.68,Medio Bajo,Aceptable,Ahorrador
2581498,665694,195417,839590,145981,1312625,69772,84685,446535,404349,68718,17.3,15.66,Medio Bajo,Aceptable,Ahorrador
2681786,576785,187085,970905,175223,716556,56102,100784,431714,960741,39858,16.1,35.82,Medio Bajo,Aceptable,Ahorrador
2520124,633884,179071,982077,148996,507208,53318,99823,313809,242686,33874,12.45,9.63,Medio Bajo,Aceptable,Ahorrador
1959638,602562,224337,1139848,179523,1369260,54664,49766,201713,158396,28653,10.29,8.08,Medio Bajo,Aceptable,Ahorrador
2155127,534073,204163,1126813,127843,1163923,33811,100103,280162,817746,54971,13.0,37.94,Medio Bajo,Aceptable,Ahorrador
3385743,674620,187603,997462,179815,754577,45862,70328,366111,847163,41535,10.81,25.02,Medio,Aceptable,Ahorrador
3781729,672669,184608,1118299,142817,1061148,44407,51411,461352,1110727,68152,12.2,29.37,Medio,Aceptable,Ahorrador
3440693,613014,169405,946458,121595,1463178,43336,63621,334345,567896,71187,9.72,16.51,Medio,Aceptable,Ahorrador
3507837,639151,177779,961500,128493,946618,65397,42741,341992,821584,34377,9.75,23.42,Medio,Aceptable,Ahorrador
2881017,562731,188806,1019621,165997,1436016,53480,103492,346507,1361390,67235,12.03,47.25,Medio,Aceptable,Ahorrador
3080009,651633,186301,1133389,133274,1104728,32220,100417,461164,1334335,54979,14.97,43.32,Medio,Aceptable,Ahorrador
4055146,523416,161494,1046362,151586,1174450,47334,57312,447276,668514,74146,11.03,16.49,Medio,Aceptable,Ahorrador
4032222,527302,215400,870775,139193,1041643,34826,82748,709241,1655244,36636,17.59,41.05,Medio,Aceptable,Ahorrador
3998894,532379,209410,901479,158774,808503,26336,63721,537780,1172522,32562,13.45,29.32,Medio,Aceptable,Ahorrador
3900414,574544,234215,978852,153780,686316,29966,64937,616645,1038457,55716,15.81,26.62,Medio,Aceptable,Ahorrador
3825289,630357,190345,832785,177067,566461,67259,47462,536497,659128,40522,14.03,17.23,Medio,Aceptable,Ahorrador
2851309,620313,222461,837228,128788,836584,51587,69407,296222,704454,50868,10.39,24.71,Medio,Aceptable,Ahorrador
3735594,630679,167266,822301,155212,645193,41508,81477,466778,1558242,65169,12.5,41.71,Medio,Aceptable,Ahorrador
3107599,674747,166334,906771,144297,713474,34199,71469,414679,1286040,57052,13.34,41.38,Medio,Aceptable,Ahorrador
3035752,498313,200553,1194593,159733,527434,46424,82495,384784,407658,67442,12.68,13.43,Medio,Aceptable,Ahorrador
3749190,615002,213066,895098,154249,677365,28444,93897,613368,915240,71774,16.36,24.41,Medio,Aceptable,Ahorrador
3873839,574752,160246,1019332,131167,930057,56125,59206,451181,653218,33622,11.65,16.86,Medio,Aceptable,Ahorrador
3003640,567885,238787,1162073,158157,1371167,44883,57318,401649,681397,36408,13.37,22.69,Medio,Aceptable,Ahorrador
3587619,496130,239853,839527,155177,1182260,54431,70265,628156,292508,58879,17.51,8.15,Medio,Aceptable,Ahorrador
3946515,595113,160821,848451,121962,1313994,62795,70199,528432,1491210,66087,13.39,37.79,Medio,Aceptable,Ahorrador
2969848,639012,163158,908426,162473,1373019,33766,70591,350994,1094385,58198,11.82,36.85,Medio,Aceptable,Ahorrador
3418104,587403,165628,1103650,159775,744401,53819,108466,467191,1349661,74086,13.67,39.49,Medio,Aceptable,Ahorrador
4059550,709240,211112,1055167,130286,834182,56165,44931,577025,408881,58926,14.21,10.07,Medio,Aceptable,Ahorrador
2907539,675214,209984,999608,144598,731640,53579,58201,339634,733956,51597,11.68,25.24,Medio,Aceptable,Ahorrador
4015833,709277,213562,809496,127137,1230555,42812,103761,641463,737736,45425,15.97,18.37,Medio,Aceptable,Ahorrador
3920398,630170,221786,954231,145796,1202003,35544,45060,399032,1061783,69587,10.18,27.08,Medio,Aceptable,Ahorrador
3434832,505607,194274,1005740,136151,1126938,48250,86577,416752,1318874,43600,12.13,38.4,Medio,Aceptable,Ahorrador
3125701,655038,205136,1152329,134235,1397097,33017,80222,434913,1203733,25248,13.91,38.51,Medio,Aceptable,Ahorrador
3747488,704898,202962,1183622,129704,785460,48142,97024,394073,1143594,27482,10.52,30.52,Medio,Aceptable,Ahorrador
4053219,629958,201550,991464,156327,1275490,74869,100680,594739,885077,56647,14.67,21.84,Medio,Aceptable,Ahorrador
2883148,681475,183620,967946,150689,900437,46113,82605,297132,488247,57827,10.31,16.93,Medio,Aceptable,Ahorrador
3144982,552349,165384,856362,126826,1125882,27302,94096,553208,816851,58747,17.59,25.97,Medio,Aceptable,Ahorrador
2908160,662763,219048,1175958,130228,1414339,33205,74995,500427,1375170,27447,17.21,47.29,Medio,Aceptable,Ahorrador
3936130,531602,231278,1069916,178508,1217360,72734,78076,390698,1679433,55032,9.93,42.67,Medio,Aceptable,Ahorrador
3163876,523481,224201,1134643,176088,1350464,65510,69915,548192,1053320,73729,17.33,33.29,Medio,Aceptable,Ahorrador
3564897,485631,171415,942137,167956,1150142,47541,95232,632031,944510,33167,17.73,26.49,Medio,Aceptable,Ahorrador
2859288,501132,214262,963661,162026,1215688,59900,40498,361816,800759,66543,12.65,28.01,Medio,Aceptable,Ahorrador
3789444,511408,195226,1054072,123333,1107016,61155,65839,443581,1310071,51646,11.71,34.57,Medio,Aceptable,Ahorrador
3769800,624395,215243,1195965,172558,1137846,33242,96217,650938,420504,67312,17.27,11.15,Medio,Aceptable,Ahorrador
3944755,546295,230748,961339,122178,1386040,63281,90640,689175,443554,47902,17.47,11.24,Medio,Aceptable,Ahorrador
2897188,608122,228361,885898,126918,1033167,48068,48305,290891,963011,56613,10.04,33.24,Medio,Aceptable,Ahorrador
2848180,708693,235175,862890,166386,1084970,42160,89519,497439,957757,37573,17.47,33.63,Medio,Aceptable,Ahorrador
3877175,712240,227663,894421,122915,1434614,56818,90573,386319,1803436,25209,9.96,46.51,Medio,Aceptable,Ahorrador
3908595,709703,180689,815952,179955,1408821,35381,56159,404794,775405,32563,10.36,19.84,Medio,Aceptable,Ahorrador
3661323,707035,205928,853358,157783,964618,50926,109760,428777,783506,46663,11.71,21.4,Medio,Aceptable,Ahorrador
3271763,685374,200366,896403,156074,976785,46773,54908,336946,446279,31875,10.3,13.64,Medio,Aceptable,Ahorrador
3879570,671543,228071,1146565,179702,772618,49591,41825,697515,1024530,37616,17.98,26.41,Medio,Aceptable,Ahorrador
2989429,512873,172596,924201,136070,860510,39341,109576,339090,302861,61548,11.34,10.13,Medio,Aceptable,Ahorrador
3276528,693796,171396,1124813,157244,1076647,59195,44177,318729,984420,50124,9.73,30.04,Medio,Aceptable,Ahorrador
3879469,567586,205758,930198,136453,913508,34334,58020,506633,1651659,30134,13.06,42.57,Medio,Aceptable,Ahorrador
3481278,662501,161705,999739,168788,564182,63574,48176,562561,1239641,28823,16.16,35.61,Medio,Aceptable,Ahorrador
3072536,680309,160477,858844,129017,1059949,72082,44045,296217,1115982,39753,9.64,36.32,Medio,Aceptable,Ahorrador
4954433,614107,163404,913156,137605,1328646,34473,86351,781345,1445729,25093,15.77,29.18,Medio Alto,Aceptable,Ahorrador
4491104,710638,228274,991387,174934,717793,51463,45567,442464,1666699,69567,9.85,37.11,Medio Alto,Aceptable,Ahorrador
4637983,583094,176511,1159557,149541,1442560,42370,65129,480075,1811170,36300,10.35,39.05,Medio Alto,Aceptable,Ahorrador
5063871,524276,218740,1138922,176940,760982,32707,80659,797974,1989772,57001,15.76,39.29,Medio Alto,Aceptable,Ahorrador
4826426,700421,236411,1184738,158303,877608,53761,85432,576944,559616,46368,11.95,11.59,Medio Alto,Aceptable,Ahorrador
4622786,559689,188732,880631,120902,1364917,30661,44637,793411,1251751,29485,17.16,27.08,Medio Alto,Aceptable,Ahorrador
4400507,579778,170466,812644,123603,735942,53411,101840,676756,1397747,34154,15.38,31.76,Medio Alto,Aceptable,Ahorrador
4705099,600509,212562,1119089,123874,1070487,26493,42087,565179,1761541,45120,12.01,37.44,Medio Alto,Aceptable,Ahorrador
5225403,535077,165806,888627,160422,939776,71210,72513,871683,853353,72748,16.68,16.33,Medio Alto,Aceptable,Ahorrador
4193873,517084,211747,1127079,149794,528850,39842,86439,676069,1276714,35100,16.12,30.44,Medio Alto,Aceptable,Ahorrador
5134211,668215,185483,1155414,161366,1405093,25401,102275,875081,1555856,51702,17.04,30.3,Medio Alto,Aceptable,Ahorrador
4254555,693615,204032,864389,141178,795232,26359,72998,434922,1423750,60294,10.22,33.46,Medio Alto,Aceptable,Ahorrador
4073108,704825,162909,1090843,123089,598367,66471,69515,416399,1546731,60600,10.22,37.97,Medio Alto,Aceptable,Ahorrador
4082599,715450,182082,1128348,128259,877337,68178,74158,539731,883154,58235,13.22,21.63,Medio Alto,Aceptable,Ahorrador
4293673,551041,166587,1110922,165929,1497832,51941,85509,766985,1006265,36162,17.86,23.44,Medio Alto,Aceptable,Ahorrador
4667164,578270,201805,1111625,120540,1098562,47000,80679,723716,703883,38707,15.51,15.08,Medio Alto,Aceptable,Ahorrador
4787428,657686,228588,1142580,172884,670079,70108,52500,754926,1670508,43776,15.77,34.89,Medio Alto,Aceptable,Ahorrador
4912875,651054,161181,1043027,149649,1228418,68262,58865,825764,2341244,49189,16.81,47.66,Medio Alto,Aceptable,Ahorrador
5202198,500177,191584,1141346,174283,673730,38115,57865,692455,1512475,56638,13.31,29.07,Medio Alto,Aceptable,Ahorrador
4485269,686073,167309,822034,171463,567675,51530,92121,472307,637401,73072,10.53,14.21,Medio Alto,Aceptable,Ahorrador
5290122,557079,224386,886916,132213,634305,35319,64937,901852,455195,47991,17.05,8.6,Medio Alto,Aceptable,Ahorrador
4181839,707049,160024,931850,165241,975505,46736,60958,631850,1465833,34422,15.11,35.05,Medio Alto,Aceptable,Ahorrador
4501834,552523,171168,1047664,162543,1472923,50632,97779,541986,518883,37642,12.04,11.53,Medio Alto,Aceptable,Ahorrador
4684361,551917,226530,1072142,154042,1046504,53707,89851,747036,2170520,46354,15.95,46.34,Medio Alto,Aceptable,Ahorrador
4256561,651715,231297,927638,139742,660144,65346,105602,748734,1381932,70212,17.59,32.47,Medio Alto,Aceptable,Ahorrador
5211988,517115,227095,901529,159011,832457,26456,79320,507766,1392552,61564,9.74,26.72,Medio Alto,Aceptable,Ahorrador
4395703,717568,192494,919765,158851,976084,28349,42316,444044,702688,56842,10.1,15.99,Medio Alto,Aceptable,Ahorrador
4329049,589365,184547,889827,174988,785058,66909,87925,592353,1549259,28721,13.68,35.79,Medio Alto,Aceptable,Ahorrador
4813873,563017,180134,822715,122425,742242,63276,43932,759555,391377,43931,15.78,8.13,Medio Alto,Aceptable,Ahorrador
4566523,587196,236211,949501,167375,899574,31267,38694,807513,1305483,47716,17.68,28.59,Medio Alto,Aceptable,Ahorrador
4588449,596543,187988,826352,136703,1079458,33123,55060,635490,1094999,30365,13.85,23.86,Medio Alto,Aceptable,Ahorrador
4679635,657770,199852,1187160,134517,1083544,42176,94288,744123,600336,60674,15.9,12.83,Medio Alto,Aceptable,Ahorrador
4980146,627420,233109,830178,175601,1472499,62652,43386,622570,1417481,51200,12.5,28.46,Medio Alto,Aceptable,Ahorrador
5176268,552097,238350,1131637,171167,768470,29332,90177,928472,767853,72126,17.94,14.83,Medio Alto,Aceptable,Ahorrador
4080662,547622,215105,992047,146293,1000758,31151,100571,565370,1104861,30400,13.85,27.08,Medio Alto,Aceptable,Ahorrador
4258027,604857,226477,828256,170409,932876,62238,86899,730456,1384516,73441,17.15,32.52,Medio Alto,Aceptable,Ahorrador
4752195,688165,211794,895499,126843,1021208,31956,89553,465259,2102140,60397,9.79,44.24,Medio Alto,Aceptable,Ahorrador
4071511,627300,199156,1013158,174660,1171756,59428,69370,421623,1428048,57629,10.36,35.07,Medio Alto,Aceptable,Ahorrador
5257170,596215,233291,944618,163322,1348640,31045,80502,728323,561953,33312,13.85,10.69,Medio Alto,Aceptable,Ahorrador
4159860,670535,195355,947323,157657,1439056,38434,96240,740431,663870,48982,17.8,15.96,Medio Alto,Aceptable,Ahorrador
5089103,619823,194420,1199771,155555,525752,50899,96067,882095,763401,56930,17.33,15.0,Medio Alto,Aceptable,Ahorrador
4600677,525564,164646,891056,135123,1150041,29567,40284,660229,2119994,41999,14.35,46.08,Medio Alto,Aceptable,Ahorrador
4705946,635614,218317,1108345,136876,639260,25879,87998,543283,1082589,28987,11.54,23.0,Medio Alto,Aceptable,Ahorrador
4796505,598477,168537,1010034,122804,968676,28963,76462,475410,1722038,43546,9.91,35.9,Medio Alto,Aceptable,Ahorrador
4430914,572839,223056,1077340,162134,1147189,66844,93904,558773,448079,54965,12.61,10.11,Medio Alto,Aceptable,Ahorrador
4331289,612658,183254,976147,136725,1402775,46927,50805,539023,1164660,49851,12.44,26.89,Medio Alto,Aceptable,Ahorrador
4813446,491277,173580,1141812,129908,1243418,73363,59047,666314,533865,48450,13.84,11.09,Medio Alto,Aceptable,Ahorrador
4882359,576389,179434,807110,130485,1026144,49623,68530,742882,1852781,68428,15.22,37.95,Medio Alto,Aceptable,Ahorrador
4843096,584836,172753,1194187,154873,891453,69954,86519,743259,1567611,67642,15.35,32.37,Medio Alto,Aceptable,Ahorrador
5023107,635174,162582,1035457,145064,938332,36053,41824,516627,482587,62856,10.29,9.61,Medio Alto,Aceptable,Ahorrador
5156562,626595,196572,1180397,153389,878619,33736,78946,765731,1231528,54770,14.85,23.88,Medio Alto,Aceptable,Ahorrador
4904598,509303,212982,984598,172296,661915,58279,72668,851728,1872553,47676,17.37,38.18,Medio Alto,Aceptable,Ahorrador
5854024,665645,177385,1194803,153504,1476252,61540,59955,863112,2481122,47944,14.74,42.38,Alto,Aceptable,Ahorrador
6437911,595623,197569,1160603,157560,1380891,41854,73053,722508,3030968,37121,11.22,47.08,Alto,Aceptable,Ahorrador
5396770,663447,177423,1013132,179348,610497,42348,59366,553781,2386164,53612,10.26,44.21,Alto,Aceptable,Ahorrador
5523054,519721,185101,1143972,145135,562393,57769,109136,698380,2340247,31416,12.64,42.37,Alto,Aceptable,Ahorrador
5780474,663487,206081,833134,179883,1137379,70235,101081,1001965,2137786,30037,17.33,36.98,Alto,Aceptable,Ahorrador
5873712,694273,183797,846134,157012,1021260,56123,84337,1034328,626416,67645,17.61,10.66,Alto,Aceptable,Ahorrador
5366180,603238,221484,888256,143034,665123,73951,96761,925697,1620732,48749,17.25,30.2,Alto,Aceptable,Ahorrador
5564055,548957,162487,964887,142333,1257227,47850,104904,570547,902053,56264,10.25,16.21,Alto,Aceptable,Ahorrador
5300748,714659,227547,897523,179682,614243,26055,101453,619091,1093689,39451,11.68,20.63,Alto,Aceptable,Ahorrador
5409894,509943,170305,1142746,162711,872115,42970,103848,609397,658154,47230,11.26,12.17,Alto,Aceptable,Ahorrador
5350376,592600,198971,1111616,158446,647319,36633,67534,707664,1316938,31597,13.23,24.61,Alto,Aceptable,Ahorrador
6498104,673976,208891,1117234,155644,519507,66157,101677,853690,874394,43211,13.14,13.46,Alto,Aceptable,Ahorrador
5698007,576237,199642,902004,129606,1036831,43156,80349,680909,1290393,36944,11.95,22.65,Alto,Aceptable,Ahorrador
6419661,623088,205777,1188076,145438,867973,56128,99815,971673,2383015,32273,15.14,37.12,Alto,Aceptable,Ahorrador
6510111,584897,198704,855032,147961,813952,34280,98545,1057985,1585433,26848,16.25,24.35,Alto,Aceptable,Ahorrador
6044408,690256,219075,834191,167498,1459890,54582,93168,678318,1604594,62744,11.22,26.55,Alto,Aceptable,Ahorrador
6124611,687393,207706,900238,121807,1276230,39939,84243,811898,2144714,53449,13.26,35.02,Alto,Aceptable,Ahorrador
6290312,695560,215305,1170356,120843,918112,65330,102095,1075176,1117191,44495,17.09,17.76,Alto,Aceptable,Ahorrador
5893378,586146,185701,960961,148375,1448804,35657,60590,801617,1979398,61648,13.6,33.59,Alto,Aceptable,Ahorrador
5930880,675882,167561,937849,157342,840709,39872,55149,1062393,578820,36587,17.91,9.76,Alto,Aceptable,Ahorrador
5844090,666609,185465,1141782,164562,731137,51347,39145,907659,1726628,72725,15.53,29.54,Alto,Aceptable,Ahorrador
5637613,630443,233557,1122481,138753,855549,43169,95079,606352,1979889,66348,10.76,35.12,Alto,Aceptable,Ahorrador
6312321,547743,230990,894558,146023,922732,50174,41777,781725,1482164,66959,12.38,23.48,Alto,Aceptable,Ahorrador
5888805,652747,229012,1171607,164385,1076384,32226,55006,995062,2143132,36517,16.9,36.39,Alto,Aceptable,Ahorrador
5839370,624382,183284,1130782,140658,1431369,64411,94047,697494,2618221,40955,11.94,44.84,Alto,Aceptable,Ahorrador
6232274,599143,216816,1022241,125960,1165458,50301,78703,1096226,1566619,41143,17.59,25.14,Alto,Aceptable,Ahorrador
6160995,591815,196880,804056,134752,1272478,60219,105423,1007171,2765702,56641,16.35,44.89,Alto,Aceptable,Ahorrador
6500048,546766,165661,882257,163518,1191638,45848,87253,682364,610912,74497,10.5,9.4,Alto,Aceptable,Ahorrador
5533953,693879,162841,849648,176548,680617,33885,101432,705110,2197352,49528,12.74,39.71,Alto,Aceptable,Ahorrador
5295443,570250,170960,1026193,179924,610059,48255,72356,622279,435689,37121,11.75,8.23,Alto,Aceptable,Ahorrador
5561801,595580,227263,933172,124889,537277,36574,63318,840206,1948387,63406,15.11,35.03,Alto,Aceptable,Ahorrador
6048499,680274,214363,992278,132144,1249434,53096,45654,717624,2798276,42214,11.86,46.26,Alto,Aceptable,Ahorrador
5724530,534056,236572,904999,164061,822475,39933,111842,551190,778496,48765,9.63,13.6,Alto,Aceptable,Ahorrador
6235831,707728,178445,971585,147417,1281563,48014,111344,828393,2812247,46911,13.28,45.1,Alto,Aceptable,Ahorrador
5478097,632271,223446,974356,120911,1425524,35297,102828,529300,2259336,66849,9.66,41.24,Alto,Aceptable,Ahorrador
5635739,665300,233123,1006055,148686,1318901,68899,104168,551106,2558853,70275,9.78,45.4,Alto,Aceptable,Ahorrador
5770276,612587,231708,1042673,120743,1000168,58476,59355,1008219,1102282,52484,17.47,19.1,Alto,Aceptable,Ahorrador
6013864,605883,217535,960700,132282,1407652,69661,67669,854135,2209934,55674,14.2,36.75,Alto,Aceptable,Ahorrador
5731824,503808,226201,1034245,158902,1312365,33824,38915,982725,857796,40394,17.15,14.97,Alto,Aceptable,Ahorrador
6142548,638179,231403,837638,126524,1449419,38061,110578,818202,1721483,30623,13.32,28.03,Alto,Aceptable,Ahorrador
5775504,626127,165422,855666,133578,965982,65764,75070,945323,2171747,71482,16.37,37.6,Alto,Aceptable,Ahorrador
6184443,500810,229050,814492,168487,1069873,67576,52921,882261,1901850,31912,14.27,30.75,Alto,Aceptable,Ahorrador
6010313,506100,195322,1110266,145170,930758,64706,110562,933582,2877365,53009,15.53,47.87,Alto,Aceptable,Ahorrador
6067884,547807,169922,1029478,169667,1425810,73146,109301,948430,2527128,30181,15.63,41.65,Alto,Aceptable,Ahorrador
5558397,631840,193655,969196,140930,1280713,39824,52052,536462,1954674,61926,9.65,35.17,Alto,Aceptable,Ahorrador
6517317,709110,231613,926740,122056,1291440,30939,82795,1004155,3123516,55553,15.41,47.93,Alto,Aceptable,Ahorrador
5683170,581599,201582,982772,143078,827094,68155,77411,905655,1517049,31903,15.94,26.69,Alto,Aceptable,Ahorrador
5534830,555873,195717,803929,174088,522231,53436,95368,995334,1340287,45442,17.98,24.22,Alto,Aceptable,Ahorrador
6264814,531824,222231,1040358,143847,1378878,71578,60518,1103212,1345614,47524,17.61,21.48,Alto,Aceptable,Ahorrador
6247771,602998,181626,891006,136125,1209915,43691,105215,621744,1461043,34706,9.95,23.39,Alto,Aceptable,Ahorrador
5922201,581572,209297,977619,149476,1099169,57511,88266,1043398,1778101,69350,17.62,30.02,Alto,Aceptable,Ahorrador
6085592,533639,212239,1051871,146188,1263489,42531,79970,708153,1380865,50045,11.64,22.69,Alto,Aceptable,Ahorrador
7238984,702530,198981,1067278,155182,1197162,33683,60570,998491,1531890,32993,13.79,21.16,Muy alto,Aceptable,Ahorrador
6710610,573111,234527,826795,156253,1100109,55645,60739,739488,2303324,72152,11.02,34.32,Muy alto,Aceptable,Ahorrador
9725572,536379,218761,1113287,133024,717107,27499,111896,1022195,2590689,60122,10.51,26.64,Muy alto,Aceptable,Ahorrador
8786164,714779,221423,912684,121232,592870,43857,80393,1497091,2737214,59204,17.04,31.15,Muy alto,Aceptable,Ahorrador
6542628,639909,225800,932122,138391,788150,41267,104976,658969,2577905,65479,10.07,39.4,Muy alto,Aceptable,Ahorrador
7668577,685338,202928,916453,123933,1186480,71667,39841,782704,1396198,38955,10.21,18.21,Muy alto,Aceptable,Ahorrador
9546154,700631,221982,1078907,152064,623409,27797,44839,1617362,1375005,68136,16.94,14.4,Muy alto,Aceptable,Ahorrador
9081397,607040,224541,1075395,157526,1303029,29541,49607,1109708,2245276,37208,12.22,24.72,Muy alto,Aceptable,Ahorrador
7789365,621330,181580,1024818,120398,650437,29630,84779,1202460,656906,30040,15.44,8.43,Muy alto,Aceptable,Ahorrador
9639340,654427,180423,1031712,126924,952966,32751,110233,1644398,4610660,59203,17.06,47.83,Muy alto,Aceptable,Ahorrador
7682064,568288,214376,910216,166936,1462152,38743,57832,792805,1137530,36196,10.32,14.81,Muy alto,Aceptable,Ahorrador
8818693,501720,161027,1056907,128183,1001417,29535,66924,1452256,1218423,55937,16.47,13.82,Muy alto,Aceptable,Ahorrador
7598440,519321,238266,994334,161497,1027365,53508,104529,1230082,3070897,48798,16.19,40.41,Muy alto,Aceptable,Ahorrador
9009000,581622,185796,1045438,146615,658602,29676,79860,1564589,1650153,40985,17.37,18.32,Muy alto,Aceptable,Ahorrador
8072547,693319,206993,800872,140975,1272042,69876,112072,1343963,2884720,48489,16.65,35.73,Muy alto,Aceptable,Ahorrador
7386923,529759,167491,870056,174074,1441059,49870,67795,765293,1915386,67136,10.36,25.93,Muy alto,Aceptable,Ahorrador
8021703,583692,223249,802718,140677,682842,66539,70069,1392881,1848035,70820,17.36,23.04,Muy alto,Aceptable,Ahorrador
7781909,642981,221395,1052368,173620,1466361,39264,71460,872290,1852434,34256,11.21,23.8,Muy alto,Aceptable,Ahorrador
7335053,621228,235310,934005,144202,1187956,37742,91315,747277,1726592,36273,10.19,23.54,Muy alto,Aceptable,Ahorrador
9810086,601379,184470,1168764,126443,881868,44644,58015,1389019,2920221,73713,14.16,29.77,Muy alto,Aceptable,Ahorrador
8263480,666194,203121,1123834,131073,1318155,74565,89304,1043358,1512533,42031,12.63,18.3,Muy alto,Aceptable,Ahorrador
7368249,554588,186047,1013529,127727,517277,42409,93803,1256102,2577668,73145,17.05,34.98,Muy alto,Aceptable,Ahorrador
6666450,719219,237739,1048730,175940,572518,36428,52761,1182618,3140299,40806,17.74,47.11,Muy alto,Aceptable,Ahorrador
7010490,544091,178306,1114525,124117,1295804,59996,56651,870337,1115466,47854,12.41,15.91,Muy alto,Aceptable,Ahorrador
9036424,505920,233713,1161290,161889,573036,25070,85239,1255732,2668380,37331,13.9,29.53,Muy alto,Aceptable,Ahorrador
7612285,710304,237475,1040162,175935,1017275,62270,41050,1339250,929687,63447,17.59,12.21,Muy alto,Aceptable,Ahorrador
7307928,579995,182978,1065784,122705,1129924,36644,81127,862136,1924468,67444,11.8,26.33,Muy alto,Aceptable,Ahorrador
9942391,545282,238970,1103459,168987,684133,39423,47511,1440810,4655849,26226,14.49,46.83,Muy alto,Aceptable,Ahorrador
9947247,562428,180981,941078,134577,800185,59622,80458,1701480,4328394,43587,17.11,43.51,Muy alto,Aceptable,Ahorrador
8376987,489127,226897,982409,135419,803962,36561,81964,895843,1619619,25832,10.69,19.33,Muy alto,Aceptable,Ahorrador
6594655,570995,230980,831723,138037,1382843,59327,88004,776605,2871276,56014,11.78,43.54,Muy alto,Aceptable,Ahorrador
7596285,658748,225856,1191448,162994,556209,31450,59396,807025,3089713,36901,10.62,40.67,Muy alto,Aceptable,Ahorrador
8353826,503489,199103,1155946,121661,575244,72729,88523,1269545,1249748,69048,15.2,14.96,Muy alto,Aceptable,Ahorrador
7553362,645492,216478,893133,127611,924249,49148,76055,764478,1409745,46201,10.12,18.66,Muy alto,Aceptable,Ahorrador
9776433,500433,207320,1165716,142042,880419,45777,98711,1387919,2688856,44067,14.2,27.5,Muy alto,Aceptable,Ahorrador
9126342,596505,221050,920512,138468,629737,34016,102466,949088,1024089,59683,10.4,11.22,Muy alto,Aceptable,Ahorrador
9550398,666655,205696,987735,177149,1076543,56633,92111,987667,2965650,49597,10.34,31.05,Muy alto,Aceptable,Ahorrador
8096226,576798,197289,896562,166981,655345,71827,109281,1134922,817530,46718,14.02,10.1,Muy alto,Aceptable,Ahorrador
8213478,630605,205619,1053217,134665,691540,34677,43497,1161322,2161850,62400,14.14,26.32,Muy alto,Aceptable,Ahorrador
9208942,552765,195001,1162804,142360,522074,44945,47536,1259371,2101174,57641,13.68,22.82,Muy alto,Aceptable,Ahorrador
8418549,585756,238238,837196,133910,528328,25624,44604,1064196,3013261,26746,12.64,35.79,Muy alto,Aceptable,Ahorrador
8102086,575769,198549,1185099,173300,758940,68183,82348,1327030,662502,55762,16.38,8.18,Muy alto,Aceptable,Ahorrador
8122657,541349,166962,808848,120722,857345,42671,54785,1176424,1882284,33844,14.48,23.17,Muy alto,Aceptable,Ahorrador
7740750,532772,216456,1111103,172212,604789,60680,92818,1254743,1911075,41192,16.21,24.69,Muy alto,Aceptable,Ahorrador
7730691,572138,197116,962371,174397,1230601,25579,98132,1345357,3387915,71002,17.4,43.82,Muy alto,Aceptable,Ahorrador
9100883,591642,187268,987041,141832,1344317,29532,95859,1397880,1521307,44215,15.36,16.72,Muy alto,Aceptable,Ahorrador
9909590,519230,186897,1084292,138199,1435031,51758,50218,1359028,1672654,45454,13.71,16.88,Muy alto,Aceptable,Ahorrador
7357809,652369,223221,969780,143679,1481066,30811,41361,1051683,994601,30602,14.29,13.52,Muy alto,Aceptable,Ahorrador
6633996,717645,220862,1124036,161987,1383948,29691,74467,676905,639321,70870,10.2,9.64,Muy alto,Aceptable,Ahorrador
6568530,547342,223182,911520,147809,937451,55493,108960,1004267,2561916,61601,15.29,39.0,Muy alto,Aceptable,Ahorrador
7476577,494406,192542,869004,157909,874327,40466,39478,1052738,1141129,61021,14.08,15.26,Muy alto,Aceptable,Ahorrador
8083675,514043,239761,1049464,151302,1212124,31273,66534,857101,1569042,58136,10.6,19.41,Muy alto,Aceptable,Ahorrador
870120,512915,239186,1054992,154023,537551,127532,157448,65419,332985,140775,7.52,38.27,Bajo,Aceptable,Gastador
1355337,480858,225856,1093618,165850,1359010,179862,333589,128730,619312,117575,9.5,45.69,Bajo,Aceptable,Gastador
1327528,624768,235244,1112262,151293,857542,154723,291628,115066,601329,188987,8.67,45.3,Bajo,Aceptable,Gastador
863865,606200,235126,827010,154277,1188516,180421,286287,100746,314822,208763,11.66,36.44,Bajo,Aceptable,Gastador
1046352,625813,222247,1060975,122646,940616,142287,205495,106194,336824,146208,10.15,32.19,Bajo,Aceptable,Gastador
1091411,702532,212713,1006430,145356,646707,89467,146210,118612,197083,195740,10.87,18.06,Bajo,Aceptable,Gastador
1432333,631737,236422,1173529,174716,1413521,149466,114292,151802,305329,174088,10.6,21.32,Bajo,Aceptable,Gastador
1476924,550263,203346,1011847,177924,695915,219777,169953,112172,325935,141701,7.59,22.07,Bajo,Aceptable,Gastador
1591302,511522,217610,1010876,167729,1197129,133225,147621,108239,336508,82130,6.8,21.15,Bajo,Aceptable,Gastador
1069119,632535,170956,1078264,134487,1181284,135136,118142,127005,103483,125728,11.88,9.68,Bajo,Aceptable,Gastador
1060693,483258,168216,1156925,164457,1342128,103402,299137,71899,220391,185093,6.78,20.78,Bajo,Aceptable,Gastador
1212880,579479,186773,892948,121711,559448,192188,300387,97637,515395,101508,8.05,42.49,Bajo,Aceptable,Gastador
1371291,514409,215199,1111716,128967,1288126,148719,275984,119639,183372,209054,8.72,13.37,Bajo,Aceptable,Gastador
1137296,564697,160062,989247,124365,1191444,172915,232704,131856,146488,154847,11.59,12.88,Bajo,Aceptable,Gastador
1313623,694251,176956,945502,126038,735989,138588,306228,119966,336066,157271,9.13,25.58,Bajo,Aceptable,Gastador
1158113,669062,178802,959768,127054,1424944,135948,173314,102992,505715,155288,8.89,43.67,Bajo,Aceptable,Gastador
1152313,524097,187450,902499,162890,1472104,223051,257793,89904,386308,124485,7.8,33.52,Bajo,Aceptable,Gastador
1044847,485591,209666,1022907,137363,868565,179686,287408,110621,190201,105914,10.59,18.2,Bajo,Aceptable,Gastador
1347784,493290,209387,1147480,130249,1491474,105699,298723,117104,167718,125167,8.69,12.44,Bajo,Aceptable,Gastador
1012116,484220,193371,1084613,138547,641433,207338,230885,92710,238268,136984,9.16,23.54,Bajo,Aceptable,Gastador
928007,583136,191601,970830,166909,1110458,107567,218159,92656,347784,98558,9.98,37.48,Bajo,Aceptable,Gastador
1212050,660479,201449,908315,140762,508654,193249,302295,106210,545178,160460,8.76,44.98,Bajo,Aceptable,Gastador
910340,487989,223089,1059362,152579,685992,156570,304026,77905,112956,174958,8.56,12.41,Bajo,Aceptable,Gastador
1284972,696994,178001,1085860,158732,1415553,144420,231686,113693,303617,187449,8.85,23.63,Bajo,Aceptable,Gastador
1076631,678456,208183,900161,133271,828113,180298,254633,128564,315358,180186,11.94,29.29,Bajo,Aceptable,Gastador
1112338,715345,228412,806721,139765,696994,146252,215532,93557,373252,221802,8.41,33.56,Bajo,Aceptable,Gastador
947064,620739,222971,945982,120336,840991,214101,259283,105963,189233,103806,11.19,19.98,Bajo,Aceptable,Gastador
1017057,701433,235857,1061186,135786,569216,80302,242851,85516,444706,143933,8.41,43.72,Bajo,Aceptable,Gastador
809286,612055,235977,1087276,129101,1258615,99678,309684,80457,130277,184127,9.94,16.1,Bajo,Aceptable,Gastador
1253608,628642,166597,1188062,162452,992526,110261,212955,145641,559466,110527,11.62,44.63,Bajo,Aceptable,Gastador
1434776,558324,196448,945655,122338,662555,208414,278122,142424,277291,133317,9.93,19.33,Bajo,Aceptable,Gastador
1242798,666545,176158,867016,134556,990160,101684,236875,108224,162606,150029,8.71,13.08,Bajo,Aceptable,Gastador
944068,709725,216073,853575,144566,1482048,116473,305846,60894,106607,146521,6.45,11.29,Bajo,Aceptable,Gastador
878888,504836,174452,1031618,134774,1058538,193928,115554,88123,355421,86855,10.03,40.44,Bajo,Aceptable,Gastador
1462556,696910,195619,834543,146882,1362346,199687,127670,147725,298576,169142,10.1,20.41,Bajo,Aceptable,Gastador
884064,547881,232042,1168581,133556,1131395,102463,219122,103545,324722,155124,11.71,36.73,Bajo,Aceptable,Gastador
927024,630391,189219,864840,150095,1119798,208598,271439,96678,421129,116865,10.43,45.43,Bajo,Aceptable,Gastador
1429773,611547,169237,1057722,166524,1106033,136922,136072,104717,141087,168468,7.32,9.87,Bajo,Aceptable,Gastador
1123171,615240,217978,952489,145965,936159,103123,327721,100055,467749,129842,8.91,41.65,Bajo,Aceptable,Gastador
1235324,507074,230252,1027781,151132,1410742,173246,259858,111432,266925,154425,9.02,21.61,Bajo,Aceptable,Gastador
1137253,697405,172024,848101,157059,1425736,159166,171791,81636,423884,109936,7.18,37.27,Bajo,Aceptable,Gastador
1524692,494685,173706,949186,143598,1052569,95253,258469,108983,213809,87731,7.15,14.02,Bajo,Aceptable,Gastador
1180504,506524,191659,807551,148960,861930,101650,299229,99774,105751,98337,8.45,8.96,Bajo,Aceptable,Gastador
1567697,555410,223797,886523,144964,646053,211085,211615,175571,747295,124279,11.2,47.67,Bajo,Aceptable,Gastador
815724,511292,171525,886241,122010,637738,189803,291854,78045,170160,202250,9.57,20.86,Bajo,Aceptable,Gastador
1587723,524531,212277,848197,138286,805114,107625,149916,145720,407773,168527,9.18,25.68,Bajo,Aceptable,Gastador
1221486,517861,233962,1053540,168456,805662,209109,190608,133242,336001,195775,10.91,27.51,Bajo,Aceptable,Gastador
1468442,585578,236179,855197,151073,933891,98868,125406,153360,177377,185505,10.44,12.08,Bajo,Aceptable,Gastador
1478656,502172,206737,1119463,153644,1355980,216551,261139,159890,384339,138979,10.81,25.99,Bajo,Aceptable,Gastador
1090141,506824,175417,980624,126321,562270,135415,193731,126708,338472,143174,11.62,31.05,Bajo,Aceptable,Gastador
1530164,518574,192637,1099658,138605,764137,94017,113862,163997,186641,85045,10.72,12.2,Bajo,Aceptable,Gastador
1527689,618124,172188,943957,131772,697415,220073,253110,128343,181568,79734,8.4,11.89,Bajo,Aceptable,Gastador
1846142,658412,226191,899540,130087,1039006,169236,208696,186653,868969,208259,10.11,47.07,Medio Bajo,Aceptable,Gastador
1833324,588540,186705,954575,154861,1097523,141797,241201,205884,672475,135948,11.23,36.68,Medio Bajo,Aceptable,Gastador
2055499,564343,208106,900206,126539,1049188,120970,206241,235411,953459,199042,11.45,46.39,Medio Bajo,Aceptable,Gastador
2249133,538243,182923,1173164,145530,1145839,154531,179654,152544,448315,206318,6.78,19.93,Medio Bajo,Aceptable,Gastador
1792620,493302,235882,998762,125889,502391,178959,281702,169879,669632,118164,9.48,37.35,Medio Bajo,Aceptable,Gastador
2537978,719974,162644,814923,155946,787163,92365,302703,162758,722044,93098,6.41,28.45,Medio Bajo,Aceptable,Gastador
1948821,555900,201041,961689,144285,572197,216582,209494,196789,341357,102039,10.1,17.52,Medio Bajo,Aceptable,Gastador
2270214,690227,164051,930790,148991,902383,174530,208304,186204,714865,86013,8.2,31.49,Medio Bajo,Aceptable,Gastador
2388544,537746,202016,861737,159102,1188090,138086,218246,186377,769258,198032,7.8,32.21,Medio Bajo,Aceptable,Gastador
2795589,706419,202930,1028842,177937,629665,148099,241397,195417,898407,172934,6.99,32.14,Medio Bajo,Aceptable,Gastador
2590476,533766,230045,1191731,172826,655455,100934,198997,293595,522223,180224,11.33,20.16,Medio Bajo,Aceptable,Gastador
2036900,614754,215673,905018,125238,736367,146564,295541,230720,337901,147611,11.33,16.59,Medio Bajo,Aceptable,Gastador
2037927,622578,188061,825972,131358,1483641,192767,132181,136380,801209,155378,6.69,39.31,Medio Bajo,Aceptable,Gastador
2794711,530236,188032,939832,154801,805223,188714,196832,298121,872920,82449,10.67,31.23,Medio Bajo,Aceptable,Gastador
2095094,686563,239821,1129940,151797,733687,78435,285709,183957,307777,95158,8.78,14.69,Medio Bajo,Aceptable,Gastador
1843098,538291,167973,805069,136457,548655,183315,281984,168833,873840,137410,9.16,47.41,Medio Bajo,Aceptable,Gastador
2255863,696765,225658,841103,177675,1104896,198382,313044,257579,688861,148767,11.42,30.54,Medio Bajo,Aceptable,Gastador
2191969,650820,187405,911393,139793,1414564,131197,132346,146963,325908,149523,6.7,14.87,Medio Bajo,Aceptable,Gastador
2270190,718975,171888,1148472,175025,871804,216452,129360,194415,326413,80738,8.56,14.38,Medio Bajo,Aceptable,Gastador
1791302,585397,209576,1061316,177096,1005233,181311,161593,135974,245037,132696,7.59,13.68,Medio Bajo,Aceptable,Gastador
2216605,574337,196892,1021200,127720,1218621,149393,210820,257508,689638,148211,11.62,31.11,Medio Bajo,Aceptable,Gastador
2089034,618883,195034,942281,121468,1184087,89360,145773,153084,369154,168616,7.33,17.67,Medio Bajo,Aceptable,Gastador
2837597,606585,187683,906128,149878,1408566,75640,256836,317854,1133640,164856,11.2,39.95,Medio Bajo,Aceptable,Gastador
2437742,714412,222818,843578,155783,821426,142964,159608,222485,877251,206943,9.13,35.99,Medio Bajo,Aceptable,Gastador
2234234,594019,181048,1184145,137123,1410334,177521,113534,266880,1069865,182476,11.95,47.89,Medio Bajo,Aceptable,Gastador
2822495,482150,216767,850126,175184,1432297,185954,282088,261997,1005074,223703,9.28,35.61,Medio Bajo,Aceptable,Gastador
2146353,493208,224645,1125112,123199,1054850,91393,132558,210716,268676,116777,9.82,12.52,Medio Bajo,Aceptable,Gastador
2734637,595512,168619,834342,177530,1145017,150328,324106,213031,670222,212995,7.79,24.51,Medio Bajo,Aceptable,Gastador
2195427,717729,221290,1182454,146369,1474556,165833,249089,170702,924355,214910,7.78,42.1,Medio Bajo,Aceptable,Gastador
2824967,622220,194149,1154960,142601,567295,224263,246673,201249,298648,132579,7.12,10.57,Medio Bajo,Aceptable,Gastador
1706204,693694,237640,1077877,174455,1392789,151069,310429,195590,404512,204037,11.46,23.71,Medio Bajo,Aceptable,Gastador
2116133,564203,217503,854132,176028,1468272,82720,139893,230616,743127,130888,10.9,35.12,Medio Bajo,Aceptable,Gastador
2123478,480357,216356,1132947,154580,610378,186537,260752,148844,717468,129264,7.01,33.79,Medio Bajo,Aceptable,Gastador
1812576,504591,188933,1013364,177170,1365117,183741,330252,132819,580728,118503,7.33,32.04,Medio Bajo,Aceptable,Gastador
2333512,531289,189505,968005,170757,840335,157964,232856,272747,385459,221403,11.69,16.52,Medio Bajo,Aceptable,Gastador
2238230,538170,176078,881346,143038,1017691,191005,209940,223218,198520,93327,9.97,8.87,Medio Bajo,Aceptable,Gastador
2309313,564560,165378,866872,160403,603627,134363,328299,203792,449338,168347,8.82,19.46,Medio Bajo,Aceptable,Gastador
2828624,488329,231869,1116345,151762,609238,145575,213705,191064,655246,140151,6.75,23.16,Medio Bajo,Aceptable,Gastador
2327445,601420,221227,1063995,158935,1183362,89173,321316,242114,728564,148329,10.4,31.3,Medio Bajo,Aceptable,Gastador
2104928,641286,160784,1051760,134587,1287908,82645,205649,223307,593005,171841,10.61,28.17,Medio Bajo,Aceptable,Gastador
1743326,672063,191835,979030,141931,1399915,215191,246357,130954,373648,195949,7.51,21.43,Medio Bajo,Aceptable,Gastador
2361114,609297,187972,1135557,121480,1067405,140748,228540,182927,294640,82144,7.75,12.48,Medio Bajo,Aceptable,Gastador
1942488,524744,237510,1066832,176160,670050,210678,246403,132066,556357,140988,6.8,28.64,Medio Bajo,Aceptable,Gastador
2015888,693272,173662,1018067,162126,857942,109047,233338,149752,374393,221009,7.43,18.57,Medio Bajo,Aceptable,Gastador
2475621,610300,224140,953443,144581,1029107,80534,256597,293314,679060,210722,11.85,27.43,Medio Bajo,Aceptable,Gastador
2450599,592960,237096,936245,140621,743379,109212,261627,219523,720476,188870,8.96,29.4,Medio Bajo,Aceptable,Gastador
1787480,656507,184559,1109571,141878,924890,204495,315378,183682,643008,192397,10.28,35.97,Medio Bajo,Aceptable,Gastador
2844639,589894,184210,920281,170322,860825,105166,316367,244806,890884,104781,8.61,31.32,Medio Bajo,Aceptable,Gastador
2749893,648073,166480,1110720,153361,1418259,174967,236326,219071,1169455,100625,7.97,42.53,Medio Bajo,Aceptable,Gastador
1639457,491654,212811,851604,168982,928053,180294,133857,135064,663516,173598,8.24,40.47,Medio Bajo,Aceptable,Gastador
2409232,612668,224480,846013,127252,1263266,197159,236030,286253,879880,130817,11.88,36.52,Medio Bajo,Aceptable,Gastador
2371792,658591,221473,1154558,164664,987986,136532,176100,282998,1031906,75009,11.93,43.51,Medio Bajo,Aceptable,Gastador
2937375,593463,198091,1162252,155305,1421826,86591,235965,283742,1017350,213713,9.66,34.63,Medio,Aceptable,Gastador
3950829,540406,189481,850188,141156,1105759,149764,254849,338319,1417920,197223,8.56,35.89,Medio,Aceptable,Gastador
3866919,551589,183137,1153832,151223,706627,185885,319580,276205,1528465,218233,7.14,39.53,Medio,Aceptable,Gastador
3246736,511189,200584,815415,156302,589184,180596,273070,343023,1501935,78846,10.57,46.26,Medio,Aceptable,Gastador
3238205,578697,168863,890412,132121,1252586,133074,286603,238269,1252843,220812,7.36,38.69,Medio,Aceptable,Gastador
3511024,593023,161244,1140763,131348,578896,117610,191845,402640,743262,134870,11.47,21.17,Medio,Aceptable,Gastador
3721502,516388,178206,1039102,141781,1349657,98272,286973,323170,1283516,160720,8.68,34.49,Medio,Aceptable,Gastador
3747579,696424,227826,1089855,128784,787786,177498,261017,422077,1221055,112573,11.26,32.58,Medio,Aceptable,Gastador
3704642,523768,226229,837161,131829,1490998,129574,178685,373738,1131304,139312,10.09,30.54,Medio,Aceptable,Gastador
3881538,508695,182509,917725,147310,895370,108166,325313,316857,1831563,210429,8.16,47.19,Medio,Aceptable,Gastador
2988979,696182,228811,1131029,153857,667118,211605,119557,318977,983183,159286,10.67,32.89,Medio,Aceptable,Gastador
3692703,564413,172975,865034,146386,546739,80965,141693,396911,886378,128501,10.75,24.0,Medio,Aceptable,Gastador
3782498,482687,238824,1092293,155644,1432402,135480,306654,354038,334343,148019,9.36,8.84,Medio,Aceptable,Gastador
4067118,561275,175009,1072696,155011,526513,159726,259210,443675,1282530,159436,10.91,31.53,Medio,Aceptable,Gastador
3945729,492072,176889,1035161,150572,1074073,215428,216822,454704,1698183,183659,11.52,43.04,Medio,Aceptable,Gastador
3233320,598752,169336,1156578,133865,914474,87248,164311,225771,375453,99990,6.98,11.61,Medio,Aceptable,Gastador
3174547,653875,188883,890290,147422,1066080,117722,300687,235983,342691,125438,7.43,10.79,Medio,Aceptable,Gastador
3304027,592653,200639,882011,126678,610186,203155,165201,223221,1447261,188800,6.76,43.8,Medio,Aceptable,Gastador
2858953,597217,202571,1135192,169086,889829,112680,225218,265278,1267033,121030,9.28,44.32,Medio,Aceptable,Gastador
2909730,518650,218771,975270,161148,1411471,201024,223384,189729,1319611,150809,6.52,45.35,Medio,Aceptable,Gastador
3128275,630987,176638,1079304,169754,872166,173978,204539,205497,1491757,208758,6.57,47.69,Medio,Aceptable,Gastador
3394932,617626,236644,929545,150815,1027816,134794,130085,379509,1629243,100407,11.18,47.99,Medio,Aceptable,Gastador
3192647,502579,166369,996366,120437,1042940,223847,167855,205249,345082,99619,6.43,10.81,Medio,Aceptable,Gastador
3104135,622336,219805,1090607,158011,1458790,103124,136040,221694,494085,100453,7.14,15.92,Medio,Aceptable,Gastador
3702511,658036,180441,1060039,163539,867286,90273,300661,249143,1740290,181218,6.73,47.0,Medio,Aceptable,Gastador
3666579,567853,235064,1028727,174228,946028,154923,145968,306938,368829,115474,8.37,10.06,Medio,Aceptable,Gastador
4032526,492597,217472,1005059,144276,1278696,93999,331359,284969,1262946,148011,7.07,31.32,Medio,Aceptable,Gastador
3713857,646789,166378,1126514,148009,1285253,116475,314801,297063,1626118,198725,8.0,43.79,Medio,Aceptable,Gastador
3780264,622406,238491,1032585,170765,1104697,134368,264004,394112,1449636,82753,10.43,38.35,Medio,Aceptable,Gastador
3770009,622092,192107,959714,141983,1477462,179392,268140,388266,806027,197424,10.3,21.38,Medio,Aceptable,Gastador
3574024,566392,165852,846071,135637,850349,146017,240974,263418,1199941,124279,7.37,33.57,Medio,Aceptable,Gastador
3443240,686773,197270,860299,139804,981994,84957,262316,349165,854887,142243,10.14,24.83,Medio,Aceptable,Gastador
2858609,701761,227008,1035797,150624,845751,135099,275528,218573,835303,182660,7.65,29.22,Medio,Aceptable,Gastador
3970136,599752,202829,1146013,125930,1110221,150402,304710,447143,1219159,157324,11.26,30.71,Medio,Aceptable,Gastador
3540854,487990,204539,807817,140956,886320,203383,161293,326530,1572178,154873,9.22,44.4,Medio,Aceptable,Gastador
3935375,589344,181506,1110672,134616,780152,221242,190026,463893,651802,179721,11.79,16.56,Medio,Aceptable,Gastador
3516278,642678,208889,892178,131713,1064333,153840,215891,282877,1356019,166590,8.04,38.56,Medio,Aceptable,Gastador
2889908,513897,212805,931406,161024,743721,119571,327779,344148,318048,138717,11.91,11.01,Medio,Aceptable,Gastador
3118991,627448,238113,1169896,122221,1488766,124791,119678,303084,384614,175410,9.72,12.33,Medio,Aceptable,Gastador
3020797,679691,233889,1190882,159084,1083085,176125,187790,341735,1237331,216029,11.31,40.96,Medio,Aceptable,Gastador
3998776,676666,234103,918805,153209,1156356,220214,267743,320670,762821,184233,8.02,19.08,Medio,Aceptable,Gastador
3273728,615427,171237,1028360,178659,796288,98697,179297,325888,847884,168440,9.95,25.9,Medio,Aceptable,Gastador
3872488,669343,170341,1033191,146307,1278121,115786,268743,326923,951641,173954,8.44,24.57,Medio,Aceptable,Gastador
3817880,505645,204740,999822,131939,671607,184694,215537,322904,1015180,157781,8.46,26.59,Medio,Aceptable,Gastador
2925224,701722,202507,954070,161614,966119,120208,141482,323627,1316519,128778,11.06,45.01,Medio,Aceptable,Gastador
3171992,654779,199490,1113176,139532,1111050,151902,217086,354927,509054,210506,11.19,16.05,Medio,Aceptable,Gastador
3567442,593973,166390,1021948,148902,1033093,110124,311060,234574,1697315,77363,6.58,47.58,Medio,Aceptable,Gastador
2881435,500550,170749,823356,125184,722173,198613,199610,281889,741568,178243,9.78,25.74,Medio,Aceptable,Gastador
3813836,648120,201088,1048307,146773,685295,198271,316884,434653,1683729,153972,11.4,44.15,Medio,Aceptable,Gastador
3976559,511560,222616,1102514,163197,1106305,92907,149719,393583,1734168,191255,9.9,43.61,Medio,Aceptable,Gastador
3741574,504387,190876,832333,144274,1300857,143959,190392,239472,1550517,98127,6.4,41.44,Medio,Aceptable,Gastador
3002250,631545,167815,857477,158350,1223051,198839,140815,218861,869867,139939,7.29,28.97,Medio,Aceptable,Gastador
4428923,518295,164993,1092569,151533,1089840,121799,291245,314382,427663,97960,7.1,9.66,Medio Alto,Aceptable,Gastador
4906538,486313,208054,1004165,134362,1227336,123515,312657,384031,1257995,221156,7.83,25.64,Medio Alto,Aceptable,Gastador
4851717,507296,171606,845184,177108,1151627,222222,321191,551530,1604003,94549,11.37,33.06,Medio Alto,Aceptable,Gastador
5038415,510825,228518,1058178,137783,1051202,217647,261855,472670,1795169,217510,9.38,35.63,Medio Alto,Aceptable,Gastador
4520596,523848,233401,939685,130350,591815,86634,143609,344506,1561065,102783,7.62,34.53,Medio Alto,Aceptable,Gastador
4487550,631906,190413,858468,141638,719658,88419,278270,357926,847904,164666,7.98,18.89,Medio Alto,Aceptable,Gastador
5041599,695328,184804,842974,164821,953690,79470,318367,443645,2337131,91119,8.8,46.36,Medio Alto,Aceptable,Gastador
5029278,499266,176316,927984,154660,550803,212557,120688,525381,1461195,133644,10.45,29.05,Medio Alto,Aceptable,Gastador
4535215,665400,205219,1157263,159243,853205,219774,204236,470281,1868862,102167,10.37,41.21,Medio Alto,Aceptable,Gastador
4251434,548961,206919,836748,142052,833279,219457,129032,446035,1593534,212255,10.49,37.48,Medio Alto,Aceptable,Gastador
4072505,661882,210362,1060052,157296,783526,137569,255996,483853,713433,134537,11.88,17.52,Medio Alto,Aceptable,Gastador
4359513,621006,232889,888552,171200,1243818,133555,226960,373382,1996589,213623,8.56,45.8,Medio Alto,Aceptable,Gastador
4712228,601423,166068,952870,162426,541820,149371,273295,436547,1868516,77343,9.26,39.65,Medio Alto,Aceptable,Gastador
5138263,687592,238934,851845,153353,985741,93295,168228,439731,2410347,163644,8.56,46.91,Medio Alto,Aceptable,Gastador
4593874,488996,200211,1118296,159423,1010874,129052,331258,528826,1740440,111693,11.51,37.89,Medio Alto,Aceptable,Gastador
4496354,595300,167157,1043120,138551,721345,92229,293201,476406,904032,175990,10.6,20.11,Medio Alto,Aceptable,Gastador
5258168,590747,184203,940312,143988,795172,174983,137797,481220,1898429,140011,9.15,36.1,Medio Alto,Aceptable,Gastador
4347315,628511,228318,904315,136826,901345,121132,135046,519163,973291,109663,11.94,22.39,Medio Alto,Aceptable,Gastador
4282643,570871,177880,955145,154050,1339326,221241,154123,341752,1786388,179042,7.98,41.71,Medio Alto,Aceptable,Gastador
4179001,545153,226471,903250,174854,1467498,151599,236026,499915,1216684,165319,11.96,29.11,Medio Alto,Aceptable,Gastador
4156741,510329,181583,1046804,146810,1377185,137842,184726,487997,1517937,88298,11.74,36.52,Medio Alto,Aceptable,Gastador
4744037,553562,220864,955355,156009,1418217,100777,183702,514185,973976,159342,10.84,20.53,Medio Alto,Aceptable,Gastador
4612489,528325,177797,839070,128611,1352794,137511,334711,484135,467142,200796,10.5,10.13,Medio Alto,Aceptable,Gastador
4987414,548443,179860,1079689,151950,1261819,209965,264332,344261,589861,167677,6.9,11.83,Medio Alto,Aceptable,Gastador
4859632,515582,200853,1020057,175854,1288576,89737,309844,465963,1429855,195332,9.59,29.42,Medio Alto,Aceptable,Gastador
4543110,622156,237956,1015101,162330,613409,102604,155081,527803,682628,112566,11.62,15.03,Medio Alto,Aceptable,Gastador
5245181,634854,219226,975679,155266,867593,80154,203141,364327,1801704,91449,6.95,34.35,Medio Alto,Aceptable,Gastador
5027900,500290,181010,969006,120568,1018943,111220,175146,402053,1977090,119661,8.0,39.32,Medio Alto,Aceptable,Gastador
5240461,485171,206124,848585,134794,944149,126355,229685,503041,2274217,91052,9.6,43.4,Medio Alto,Aceptable,Gastador
4290893,583430,167310,1194991,167830,864693,156262,232910,343792,1039995,122427,8.01,24.24,Medio Alto,Aceptable,Gastador
4150048,719565,194662,995436,159531,1250126,221228,238924,320647,652787,146686,7.73,15.73,Medio Alto,Aceptable,Gastador
4911290,697843,171829,1136117,143843,986361,213005,287717,500921,1141573,183922,10.2,23.24,Medio Alto,Aceptable,Gastador
4145010,545145,197916,1116746,162290,1238568,85223,135881,428586,879122,197790,10.34,21.21,Medio Alto,Aceptable,Gastador
4421378,605612,174711,937601,166050,840211,160717,220114,363893,1843762,106950,8.23,41.7,Medio Alto,Aceptable,Gastador
5292554,679834,174920,853618,125900,608443,140167,123255,525788,2401255,138873,9.93,45.37,Medio Alto,Aceptable,Gastador
4174969,612564,183978,1116382,148814,622843,192861,150482,461333,1048396,179186,11.05,25.11,Medio Alto,Aceptable,Gastador
4705436,541470,232980,1011320,174776,1331600,88960,181003,468566,1971812,200620,9.96,41.9,Medio Alto,Aceptable,Gastador
5214932,512106,198436,1123674,165565,1321424,169999,253522,543089,498161,171083,10.41,9.55,Medio Alto,Aceptable,Gastador
5188276,666597,216537,1156069,159414,1341358,101924,167756,415796,1682935,151330,8.01,32.44,Medio Alto,Aceptable,Gastador
4772210,681727,228415,1104783,148673,1179047,151182,162753,546482,720627,125731,11.45,15.1,Medio Alto,Aceptable,Gastador
4493422,548374,230333,915555,158080,1367208,130393,281426,487409,2104846,150825,10.85,46.84,Medio Alto,Aceptable,Gastador
4643810,714172,179962,821099,154172,1206864,152348,245807,520364,1661464,182292,11.21,35.78,Medio Alto,Aceptable,Gastador
4384722,705864,172334,1194258,147997,554756,192576,144285,511545,905987,171134,11.67,20.66,Medio Alto,Aceptable,Gastador
4450358,496654,208913,844873,177971,887963,189377,213586,515864,1960163,203847,11.59,44.05,Medio Alto,Aceptable,Gastador
4074151,564414,199425,866129,125080,589794,155299,321624,278029,1306057,113289,6.82,32.06,Medio Alto,Aceptable,Gastador
4205398,539909,199791,948835,162494,650170,102834,332773,416943,1423273,155775,9.91,33.84,Medio Alto,Aceptable,Gastador
4088602,645947,210766,963454,130407,644298,224065,115873,377436,808728,217892,9.23,19.78,Medio Alto,Aceptable,Gastador
5170687,663563,239746,1118610,152052,564623,135008,175033,553887,729704,81119,10.71,14.11,Medio Alto,Aceptable,Gastador
4113974,691405,165368,1048155,163738,1177238,147490,237545,375933,1493945,105736,9.14,36.31,Medio Alto,Aceptable,Gastador
4788532,554520,193845,1156040,179077,834125,138364,124660,515592,1319170,99618,10.77,27.55,Medio Alto,Aceptable,Gastador
4596623,667130,224428,999594,159972,907326,165419,169033,326948,2149539,147991,7.11,46.76,Medio Alto,Aceptable,Gastador
4967220,594776,190392,1097096,147224,1333647,145127,143900,328963,448228,96746,6.62,9.02,Medio Alto,Aceptable,Gastador
6343249,608939,186591,830913,132738,880248,194877,127462,673085,1585295,140670,10.61,24.99,Alto,Aceptable,Gastador
6233918,668400,162516,956489,155762,1308364,90807,320880,454346,2215545,210175,7.29,35.54,Alto,Aceptable,Gastador
5378118,697950,197092,958781,120748,1181595,125113,247843,551501,2457929,110632,10.25,45.7,Alto,Aceptable,Gastador
6254488,707117,186119,900051,178114,904084,133471,138880,463172,1544092,115741,7.41,24.69,Alto,Aceptable,Gastador
6139628,579202,236131,884364,174409,1327844,187274,227532,440598,1143250,203008,7.18,18.62,Alto,Aceptable,Gastador
5370317,695048,219005,1010775,157569,593353,94479,270930,604706,1000145,223987,11.26,18.62,Alto,Aceptable,Gastador
5465674,602986,184399,911358,123788,1280640,184995,115072,492723,1008952,189731,9.01,18.46,Alto,Aceptable,Gastador
5590799,600184,178091,1139873,169399,1333166,169641,181901,448496,1388935,170656,8.02,24.84,Alto,Aceptable,Gastador
6510975,546094,182873,891570,123687,1436715,188209,232082,651914,1017321,103347,10.01,15.62,Alto,Aceptable,Gastador
6231846,619503,225590,1145940,140080,758186,198657,116703,589883,2519904,108821,9.47,40.44,Alto,Aceptable,Gastador
5531711,573901,222579,1097638,163334,1187997,165988,333810,446185,2340330,135648,8.07,42.31,Alto,Aceptable,Gastador
5844698,525291,175286,1142484,175653,1105197,162973,284096,424101,478033,125376,7.26,8.18,Alto,Aceptable,Gastador
6491437,652546,187161,995079,137503,621443,139103,166152,761781,3045239,165880,11.74,46.91,Alto,Aceptable,Gastador
5751388,512314,172586,1039564,159588,709910,79723,124058,481607,1012758,204317,8.37,17.61,Alto,Aceptable,Gastador
6438538,498322,172371,1038493,138468,1202231,80400,213477,709783,1222866,221108,11.02,18.99,Alto,Aceptable,Gastador
5302182,718234,167221,1070256,151598,1236716,122657,307917,598728,699956,82156,11.29,13.2,Alto,Aceptable,Gastador
5335093,544673,237720,823235,150611,1243691,180916,270140,632885,756035,205776,11.86,14.17,Alto,Aceptable,Gastador
5373584,518215,207218,1086026,131196,1023908,90962,309838,468210,1450015,88328,8.71,26.98,Alto,Aceptable,Gastador
5697719,486560,223828,863847,142701,941129,147886,141663,647028,758046,220236,11.36,13.3,Alto,Aceptable,Gastador
6444197,534727,229480,936305,162147,1397874,170462,264799,612102,661770,155832,9.5,10.27,Alto,Aceptable,Gastador
5312285,494173,183149,854078,128813,1171937,180699,243224,509931,2053517,144719,9.6,38.66,Alto,Aceptable,Gastador
5358468,484109,198602,948479,127866,1091700,159530,270876,525931,1694086,159367,9.81,31.62,Alto,Aceptable,Gastador
5823376,620607,213795,822143,128143,613457,166865,115829,383045,1411444,195346,6.58,24.24,Alto,Aceptable,Gastador
6484303,650724,162895,1085540,178394,1308450,210549,211456,771351,636252,119050,11.9,9.81,Alto,Aceptable,Gastador
5971490,652772,168188,1199456,160000,1215263,106603,136604,646808,1881864,127044,10.83,31.51,Alto,Aceptable,Gastador
6444420,589888,210511,953178,146735,1239899,157141,270029,592796,3076896,126204,9.2,47.75,Alto,Aceptable,Gastador
5737560,544097,166123,903224,137286,1311302,120116,227277,406623,912456,146763,7.09,15.9,Alto,Aceptable,Gastador
5444655,632964,170576,1064948,125338,937092,166314,216014,485317,2578278,200273,8.91,47.35,Alto,Aceptable,Gastador
5329721,703569,215585,1161677,163238,1378395,107438,335870,558910,1941989,107381,10.49,36.44,Alto,Aceptable,Gastador
6312270,538182,217574,1167450,173639,983065,97451,253704,627440,1750210,211021,9.94,27.73,Alto,Aceptable,Gastador
6028421,641736,181233,887956,160620,1413489,91177,124698,494000,1620356,149123,8.19,26.88,Alto,Aceptable,Gastador
6005594,619343,168112,1150650,126504,1416087,94553,260969,591030,1646141,152093,9.84,27.41,Alto,Aceptable,Gastador
5681610,630176,215447,1087368,153266,1291725,107958,113375,495728,2176217,82503,8.73,38.3,Alto,Aceptable,Gastador
5717827,495422,183472,888722,144923,1126228,207328,241276,402811,2281143,105956,7.04,39.9,Alto,Aceptable,Gastador
6447596,678452,173635,1195687,156215,967346,162018,318941,519742,2029654,118333,8.06,31.48,Alto,Aceptable,Gastador
6375480,593748,175214,1103009,147393,1173867,165429,211552,531616,2815165,131502,8.34,44.16,Alto,Aceptable,Gastador
5493291,535164,223710,1046888,162944,583864,167571,192134,548452,532180,218560,9.98,9.69,Alto,Aceptable,Gastador
5586273,699654,200562,838189,150763,1431637,161509,227879,411821,1556770,77571,7.37,27.87,Alto,Aceptable,Gastador
5587702,485636,167879,868162,168192,1110486,143829,230853,524265,1275833,138745,9.38,22.83,Alto,Aceptable,Gastador
5353445,599189,202731,970197,125440,1257735,124205,146582,480903,569306,165171,8.98,10.63,Alto,Aceptable,Gastador
5863201,638881,179710,940629,152531,1313880,213351,186524,503950,2156328,162324,8.6,36.78,Alto,Aceptable,Gastador
6138542,618389,193131,1096999,145701,659269,90506,155736,656634,2576863,103415,10.7,41.98,Alto,Aceptable,Gastador
6211330,546681,187070,916909,151340,1045659,152889,298151,479612,824134,201268,7.72,13.27,Alto,Aceptable,Gastador
6193419,587456,186147,958987,166741,1039206,202010,122101,684651,2505520,110778,11.05,40.45,Alto,Aceptable,Gastador
5849297,683719,206709,953465,171935,677960,178530,288644,589040,2502783,136761,10.07,42.79,Alto,Aceptable,Gastador
5591014,693079,167006,1100145,120844,913034,132304,133937,664702,709609,104067,11.89,12.69,Alto,Aceptable,Gastador
5414135,653164,239338,854159,143769,1120697,185664,209062,462505,1433910,220724,8.54,26.48,Alto,Aceptable,Gastador
5353608,637359,223953,1095748,148435,532547,207790,190488,450338,1264079,219473,8.41,23.61,Alto,Aceptable,Gastador
6500630,553276,217252,927584,137493,608224,170684,207912,581254,939967,89132,8.94,14.46,Alto,Aceptable,Gastador
6129156,539228,186784,1094464,167938,1374307,204446,149676,674978,1975114,178260,11.01,32.22,Alto,Aceptable,Gastador
6133535,612547,162775,1117717,132058,1205009,186856,224604,660945,777856,167387,10.78,12.68,Alto,Aceptable,Gastador
5827539,687223,217095,1105087,131440,1046631,221991,289218,541059,2236037,205862,9.28,38.37,Alto,Aceptable,Gastador
7255069,575931,207814,875791,153777,1181091,134943,132947,788553,3131802,155127,10.87,43.17,Muy alto,Aceptable,Gastador
7312206,490269,177073,1132092,161218,789369,101893,322204,876460,932418,187560,11.99,12.75,Muy alto,Aceptable,Gastador
7159290,528385,231026,1020046,174968,1291995,140205,314755,657156,1513695,91336,9.18,21.14,Muy alto,Aceptable,Gastador
7963960,512569,187779,854937,158819,605437,118863,184059,830643,2592894,199081,10.43,32.56,Muy alto,Aceptable,Gastador
9012933,612117,194033,886217,160328,1305941,135399,266225,807395,2678009,217544,8.96,29.71,Muy alto,Aceptable,Gastador
8426760,500221,193132,876164,156222,1369328,105148,267852,603027,695932,129130,7.16,8.26,Muy alto,Aceptable,Gastador
7917100,567797,231983,1045526,125799,771752,132424,327347,830256,3178312,130870,10.49,40.14,Muy alto,Aceptable,Gastador
8961214,663807,201340,995447,123986,852159,119998,132892,1072251,1930130,93373,11.97,21.54,Muy alto,Aceptable,Gastador
9145858,534110,219462,873416,153812,505818,81708,294612,1001967,809317,158226,10.96,8.85,Muy alto,Aceptable,Gastador
9080454,580153,166719,977486,179652,646530,99430,159935,941864,828763,146459,10.37,9.13,Muy alto,Aceptable,Gastador
9099359,709796,204723,1148078,146708,1284072,131158,129802,941801,2381919,166053,10.35,26.18,Muy alto,Aceptable,Gastador
9076729,480099,181232,905782,159433,693836,175446,137481,867394,4152783,149428,9.56,45.75,Muy alto,Aceptable,Gastador
7782646,699383,172153,1195180,174457,1391372,214584,119210,629669,3012827,185342,8.09,38.71,Muy alto,Aceptable,Gastador
9961430,598931,186644,840908,169882,1341489,215618,263590,964004,2839259,198937,9.68,28.5,Muy alto,Aceptable,Gastador
9380259,497555,173707,924200,154497,1290919,101821,309827,812823,2540811,161744,8.67,27.09,Muy alto,Aceptable,Gastador
7268625,614868,217976,1188590,175553,524721,198042,320875,696775,860906,197612,9.59,11.84,Muy alto,Aceptable,Gastador
6554766,584215,173275,930665,126521,981257,221785,296495,484215,1984019,201258,7.39,30.27,Muy alto,Aceptable,Gastador
8344031,545731,238075,881766,153261,621465,159162,198489,667341,836675,76724,8.0,10.03,Muy alto,Aceptable,Gastador
9126609,672186,217734,1090151,120010,1291284,213694,210748,954792,2086663,161626,10.46,22.86,Muy alto,Aceptable,Gastador
7481529,515521,185944,1186560,145514,1340969,140084,319608,708148,2522625,150911,9.47,33.72,Muy alto,Aceptable,Gastador
7982226,502978,236526,952824,164732,601278,105969,161125,619981,1586143,175985,7.77,19.87,Muy alto,Aceptable,Gastador
7035819,627607,191701,1122523,140887,523118,111335,166243,491591,2201856,125405,6.99,31.29,Muy alto,Aceptable,Gastador
6605648,702559,235715,1033143,151625,1445541,155980,168156,490574,1239330,175237,7.43,18.76,Muy alto,Aceptable,Gastador
6979281,674261,227948,964542,168139,513626,190569,210087,686700,648036,145630,9.84,9.29,Muy alto,Aceptable,Gastador
7045821,545635,192652,876971,158210,691505,175211,239477,791437,2626241,108830,11.23,37.27,Muy alto,Aceptable,Gastador
9462040,687562,215050,1132778,135329,1189433,160946,148348,1109538,4448498,129025,11.73,47.01,Muy alto,Aceptable,Gastador
7588843,607038,236205,888658,140591,1362536,152771,326839,519806,872823,90791,6.85,11.5,Muy alto,Aceptable,Gastador
7899737,667715,217205,874509,168485,814848,186170,146995,929021,3209507,109502,11.76,40.63,Muy alto,Aceptable,Gastador
8883090,584957,201470,1149379,143982,829802,75696,134098,662493,1405842,109751,7.46,15.83,Muy alto,Aceptable,Gastador
9088848,602596,225483,1138557,164765,556566,82939,143676,1038541,1846171,143491,11.43,20.31,Muy alto,Aceptable,Gastador
9976031,681031,237358,1076445,153362,837179,206888,158276,830210,3632971,218855,8.32,36.42,Muy alto,Aceptable,Gastador
9508372,512550,171180,834747,145837,1024517,87197,286100,670961,3683058,136719,7.06,38.73,Muy alto,Aceptable,Gastador
8897639,579505,200640,1147256,151505,1079080,166386,116674,638333,935714,165654,7.17,10.52,Muy alto,Aceptable,Gastador
8825782,667780,162777,903458,162948,776927,111022,245415,718959,1536092,206991,8.15,17.4,Muy alto,Aceptable,Gastador
8606217,622868,218465,974732,123334,1419511,207820,253198,579732,1416843,223294,6.74,16.46,Muy alto,Aceptable,Gastador
9382756,656444,163512,922258,125852,1112498,208147,124366,622148,1903493,104712,6.63,20.29,Muy alto,Aceptable,Gastador
7054264,719118,206692,903381,132163,1441255,89703,316851,541583,3349157,135584,7.68,47.48,Muy alto,Aceptable,Gastador
7925935,652269,234735,1065144,159130,908368,204729,254440,665881,2493494,100491,8.4,31.46,Muy alto,Aceptable,Gastador
6811143,528057,224091,978434,139519,1150158,180228,327355,564449,1244406,129975,8.29,18.27,Muy alto,Aceptable,Gastador
6927626,596743,189177,1012412,147235,807354,175687,264568,726864,2660682,187267,10.49,38.41,Muy alto,Aceptable,Gastador
8338237,562033,210042,963141,126467,676108,189242,242061,730856,713180,125949,8.77,8.55,Muy alto,Aceptable,Gastador
6797193,515297,195308,833948,165254,1045639,157412,220370,590995,2865418,143173,8.69,42.16,Muy alto,Aceptable,Gastador
7805458,486356,174030,817812,177951,821904,106823,217556,527261,3053531,78621,6.76,39.12,Muy alto,Aceptable,Gastador
9212233,614922,239880,946245,152656,528240,179312,148259,926650,1671169,126728,10.06,18.14,Muy alto,Aceptable,Gastador
8483227,630044,224655,1068004,148710,1389151,149806,279508,595071,4037275,122217,7.01,47.59,Muy alto,Aceptable,Gastador
7183967,536868,174407,1190960,177846,1399957,121472,251600,588562,1510933,107160,8.19,21.03,Muy alto,Aceptable,Gastador
9078276,548918,197969,982386,120318,1483893,121014,260857,924949,3256195,167184,10.19,35.87,Muy alto,Aceptable,Gastador
8989634,540523,199879,1158736,126220,819646,134998,204968,813381,2729921,120223,9.05,30.37,Muy alto,Aceptable,Gastador
8399669,489280,162407,1054820,145947,1220936,180214,335784,585796,2503067,151830,6.97,29.8,Muy alto,Aceptable,Gastador
6891453,500249,226865,948820,138603,958305,172558,275058,591395,2237274,78480,8.58,32.46,Muy alto,Aceptable,Gastador
7342919,505839,162341,905134,174380,945034,82239,135759,570141,2323032,75850,7.76,31.64,Muy alto,Aceptable,Gastador
8810922,710539,192688,872909,145301,503374,213128,239603,1035245,2747018,91353,11.75,31.18,Muy alto,Aceptable,Gastador
1469747,554709,235070,939363,133293,780987,30802,53902,147075,299338,31467,10.01,20.37,Bajo,Aceptable,Endeudado
1194385,697525,171482,861348,133853,1458107,47296,55840,124942,581758,48535,10.46,48.71,Bajo,Aceptable,Endeudado
998858,642493,226305,1013747,129343,1122975,44023,46033,117616,103056,55715,11.78,10.32,Bajo,Aceptable,Endeudado
1386364,718006,170034,1199839,158716,1206030,59632,109141,147197,219172,59024,10.62,15.81,Bajo,Aceptable,Endeudado
1430342,623415,184685,953220,135127,1009645,65591,86263,148615,681991,36764,10.39,47.68,Bajo,Aceptable,Endeudado
959340,602951,225402,932127,123131,1330731,52737,69792,78874,306916,50549,8.22,31.99,Bajo,Aceptable,Endeudado
875910,698699,181861,840317,154527,549942,65195,48988,88816,320166,35402,10.14,36.55,Bajo,Aceptable,Endeudado
1341753,565034,231544,850061,132461,1420984,50237,102888,153015,659247,54892,11.4,49.13,Bajo,Aceptable,Endeudado
985857,493798,236296,803171,172903,929550,69498,38634,85838,479791,72239,8.71,48.67,Bajo,Aceptable,Endeudado
1585809,524375,212197,1092731,135714,705696,44932,64705,154538,608734,31537,9.75,38.39,Bajo,Aceptable,Endeudado
1183369,559076,194981,1131470,130671,889049,65667,50838,99926,384416,62349,8.44,32.48,Bajo,Aceptable,Endeudado
1273903,504434,190531,1094840,125538,702040,67437,112051,114966,679400,66733,9.02,53.33,Bajo,Aceptable,Endeudado
959499,567248,167038,920349,145681,950796,55464,90387,106477,438948,61274,11.1,45.75,Bajo,Aceptable,Endeudado
1053154,592535,169081,857105,136906,1177403,46558,106059,88930,315883,66944,8.44,29.99,Bajo,Aceptable,Endeudado
1519231,519264,169472,1114701,129410,934274,44870,64444,148557,472601,33724,9.78,31.11,Bajo,Aceptable,Endeudado
1397468,688390,187612,852957,168299,858366,54498,75622,130435,323407,61644,9.33,23.14,Bajo,Aceptable,Endeudado
1260866,643817,174351,1031366,126635,1278148,68516,47520,127801,246293,47662,10.14,19.53,Bajo,Aceptable,Endeudado
870485,533428,164443,1052047,124806,1008204,74708,50647,80035,517404,36026,9.19,59.44,Bajo,Aceptable,Endeudado
937425,545302,195732,1078759,135973,621865,54937,50220,96687,377096,60277,10.31,40.23,Bajo,Aceptable,Endeudado
822354,583313,190819,1056715,131137,938364,60563,97088,68148,389956,27378,8.29,47.42,Bajo,Aceptable,Endeudado
1043425,533332,175953,993903,153381,753198,67986,61983,121153,319891,46409,11.61,30.66,Bajo,Aceptable,Endeudado
1383851,525093,172865,1125997,177801,701239,36091,38514,143311,639562,36219,10.36,46.22,Bajo,Aceptable,Endeudado
1015107,577718,192186,1038729,150476,1382193,35062,66944,117550,594718,29922,11.58,58.59,Bajo,Aceptable,Endeudado
1091670,634114,203426,1077835,140903,1483923,42306,41890,128758,417848,55452,11.79,38.28,Bajo,Aceptable,Endeudado
1487555,571852,185375,1100511,174127,738331,63835,64972,119953,765572,36050,8.06,51.47,Bajo,Aceptable,Endeudado
1365809,480631,230871,805719,124094,681187,52044,81220,133691,406613,43902,9.79,29.77,Bajo,Aceptable,Endeudado
1132864,708872,234119,950283,160963,1254193,27195,100924,114441,592512,45777,10.1,52.3,Bajo,Aceptable,Endeudado
1408764,522932,180397,1181436,148938,816149,44038,37542,100119,265181,36389,7.11,18.82,Bajo,Aceptable,Endeudado
1147577,559582,188376,902738,137541,1322708,27317,105013,81876,566549,69866,7.13,49.37,Bajo,Aceptable,Endeudado
1230144,568207,166721,1030401,155207,931349,45040,57103,89121,265252,64174,7.24,21.56,Bajo,Aceptable,Endeudado
1595329,714154,221951,915531,141328,895100,63220,40468,113455,923958,52503,7.11,57.92,Bajo,Aceptable,Endeudado
909646,660079,174594,985509,179051,927223,59850,92218,66209,396267,28746,7.28,43.56,Bajo,Aceptable,Endeudado
1266420,494830,217404,879439,147843,1406504,66890,67238,93226,187707,65267,7.36,14.82,Bajo,Aceptable,Endeudado
1530236,618344,194623,954080,123544,1264631,38706,81097,106093,269101,50904,6.93,17.59,Bajo,Aceptable,Endeudado
1160394,584141,229719,1016003,161799,664690,71767,83581,130675,338613,66609,11.26,29.18,Bajo,Aceptable,Endeudado
989472,683257,172362,832656,136315,838558,58911,98731,66659,121697,49187,6.74,12.3,Bajo,Aceptable,Endeudado
1408538,706646,166674,1056591,166702,1383599,27545,91051,166151,458576,41385,11.8,32.56,Bajo,Aceptable,Endeudado
1413296,540142,161253,1195894,138067,720817,25591,101025,97795,552007,42568,6.92,39.06,Bajo,Aceptable,Endeudado
1394217,707138,161636,850076,179343,1005973,71645,107652,140561,176580,28890,10.08,12.67,Bajo,Aceptable,Endeudado
1140352,648326,230559,846165,128394,842813,74769,96371,112673,477729,48352,9.88,41.89,Bajo,Aceptable,Endeudado
1450049,580638,237551,866275,128167,1019626,53720,51383,173959,747490,39812,12.0,51.55,Bajo,Aceptable,Endeudado
1098388,708359,166412,1080389,149187,1400986,50934,54888,76100,407455,56907,6.93,37.1,Bajo,Aceptable,Endeudado
1280114,694679,221959,1052143,142337,608699,35861,91459,144655,622669,72045,11.3,48.64,Bajo,Aceptable,Endeudado
1434170,514591,171672,965082,129517,1389669,45998,94155,134622,439289,55504,9.39,30.63,Bajo,Aceptable,Endeudado
1197989,484276,207811,845025,145333,655002,47172,78727,117364,549929,31812,9.8,45.9,Bajo,Aceptable,Endeudado
1472602,526637,188565,1095831,159817,1159798,29348,106935,144684,331083,25553,9.83,22.48,Bajo,Aceptable,Endeudado
1074688,584735,172882,1153150,139539,585738,71470,58789,108982,258809,53918,10.14,24.08,Bajo,Aceptable,Endeudado
1069951,716711,171882,805981,152982,982409,70639,86787,119706,255811,72003,11.19,23.91,Bajo,Aceptable,Endeudado
1382976,631461,225511,912515,151779,1374497,33590,110806,121337,260025,54783,8.77,18.8,Bajo,Aceptable,Endeudado
1220054,656920,173398,1041060,135271,1114982,29956,65462,99921,472632,42806,8.19,38.74,Bajo,Aceptable,Endeudado
1411256,539625,187182,921177,140610,1449669,67976,101153,136921,735526,54524,9.7,52.12,Bajo,Aceptable,Endeudado
1614745,592073,199970,1095120,173214,1182711,54470,43792,156451,543534,49633,9.69,33.66,Bajo,Aceptable,Endeudado
2012424,612459,193198,968863,134421,800943,32827,74503,189197,879242,59612,9.4,43.69,Medio Bajo,Aceptable,Endeudado
1655896,512481,207291,998215,144732,804370,35426,48865,180362,189835,50488,10.89,11.46,Medio Bajo,Aceptable,Endeudado
2137917,518107,190199,966628,133124,1158462,53874,53335,194374,522817,32990,9.09,24.45,Medio Bajo,Aceptable,Endeudado
1740737,552063,214559,1143010,143088,1398741,42552,81550,199854,211692,70448,11.48,12.16,Medio Bajo,Aceptable,Endeudado
2814988,619243,219050,1159380,136622,1355363,27479,67339,237971,1251702,72286,8.45,44.47,Medio Bajo,Aceptable,Endeudado
2585125,607684,162602,1093044,143360,949950,52800,101211,185508,992694,28375,7.18,38.4,Medio Bajo,Aceptable,Endeudado
2141537,605413,229886,921683,151293,1433323,30634,65598,237769,516860,39711,11.1,24.14,Medio Bajo,Aceptable,Endeudado
2376951,705913,206342,1106151,163668,689228,58009,62755,219607,1028744,59936,9.24,43.28,Medio Bajo,Aceptable,Endeudado
2089625,610773,187070,938179,150074,763773,27066,40048,199939,805920,48537,9.57,38.57,Medio Bajo,Aceptable,Endeudado
2237373,619399,162371,1107003,134298,1283418,73549,54931,225466,1065707,34782,10.08,47.63,Medio Bajo,Aceptable,Endeudado
1674591,618047,189610,898835,146299,1266005,59192,94564,167692,514554,49390,10.01,30.73,Medio Bajo,Aceptable,Endeudado
2436555,581561,233834,864015,163894,1459963,41457,89912,264943,475235,47245,10.87,19.5,Medio Bajo,Aceptable,Endeudado
2799324,645799,206530,868297,156770,874358,47632,41339,261422,283663,31874,9.34,10.13,Medio Bajo,Aceptable,Endeudado
1687128,645323,202966,1087017,166880,1465118,56205,62620,140279,685120,57075,8.31,40.61,Medio Bajo,Aceptable,Endeudado
2149669,659709,214339,889330,133854,707449,30909,95040,234017,659811,62222,10.89,30.69,Medio Bajo,Aceptable,Endeudado
2735547,697745,207629,1086415,160120,1278965,56183,78436,308810,719412,62160,11.29,26.3,Medio Bajo,Aceptable,Endeudado
2519819,487341,181705,863597,133035,998629,35994,62484,162070,683749,52317,6.43,27.13,Medio Bajo,Aceptable,Endeudado
2824029,505185,234699,1101114,171815,607460,26789,49670,281823,1120898,40462,9.98,39.69,Medio Bajo,Aceptable,Endeudado
2664049,615274,188583,821629,165267,1118953,30565,65528,238249,1306453,67327,8.94,49.04,Medio Bajo,Aceptable,Endeudado
2434027,498403,231353,877154,136493,1358525,68840,66025,193639,781959,63445,7.96,32.13,Medio Bajo,Aceptable,Endeudado
2741690,688211,198518,1168403,150175,1123950,52020,44253,310916,897294,67040,11.34,32.73,Medio Bajo,Aceptable,Endeudado
2697069,486260,191914,1136450,165663,742770,27515,42681,266633,1523928,29280,9.89,56.5,Medio Bajo,Aceptable,Endeudado
2254607,670789,228015,953228,129013,960142,29395,99611,220257,374096,70331,9.77,16.59,Medio Bajo,Aceptable,Endeudado
2391242,706477,231772,1086212,127161,667552,27272,91050,275016,824886,42381,11.5,34.5,Medio Bajo,Aceptable,Endeudado
2535961,668146,167565,942793,167077,780068,54584,51498,247457,261920,46287,9.76,10.33,Medio Bajo,Aceptable,Endeudado
2351280,566830,232817,965799,156580,1049986,48361,54341,174184,334794,37109,7.41,14.24,Medio Bajo,Aceptable,Endeudado
1717562,520872,189899,1110292,161141,606194,71336,38715,157212,381713,70832,9.15,22.22,Medio Bajo,Aceptable,Endeudado
1658251,558976,197415,967135,150060,1234833,42199,50264,197684,810734,27040,11.92,48.89,Medio Bajo,Aceptable,Endeudado
2210642,529663,238521,950166,159404,715712,38452,111933,173807,905167,68935,7.86,40.95,Medio Bajo,Aceptable,Endeudado
2514153,659682,224825,930298,121107,529125,30830,38400,229957,1305697,37583,9.15,51.93,Medio Bajo,Aceptable,Endeudado
2459142,539863,204629,1149705,160796,601788,71550,64467,280819,1455828,65698,11.42,59.2,Medio Bajo,Aceptable,Endeudado
1845733,594672,230300,1038041,120234,997077,57792,96529,201714,891378,39998,10.93,48.29,Medio Bajo,Aceptable,Endeudado
2297149,679530,221531,1199213,159827,1113899,71893,76455,260201,1133974,34849,11.33,49.36,Medio Bajo,Aceptable,Endeudado
2025597,660817,176964,1131113,142970,1248529,50710,96186,131371,344970,40720,6.49,17.03,Medio Bajo,Aceptable,Endeudado
2274234,599870,171588,877259,138636,990038,31732,41963,271158,1129281,33754,11.92,49.66,Medio Bajo,Aceptable,Endeudado
2569561,716460,188517,825539,137012,708905,47601,66058,288582,777750,54858,11.23,30.27,Medio Bajo,Aceptable,Endeudado
1658212,645700,199961,1199726,139982,1262029,60313,106331,139641,815002,54807,8.42,49.15,Medio Bajo,Aceptable,Endeudado
1685189,689918,168645,1141951,131046,620511,63516,94855,168023,398069,67842,9.97,23.62,Medio Bajo,Aceptable,Endeudado
1742683,678733,161752,897151,172490,1394263,69174,56170,130758,258097,37593,7.5,14.81,Medio Bajo,Aceptable,Endeudado
2116315,521999,222090,914724,150306,640769,37411,74064,208899,1198382,64869,9.87,56.63,Medio Bajo,Aceptable,Endeudado
2201893,609349,225061,1060856,126590,1026706,28850,100150,201311,951508,33392,9.14,43.21,Medio Bajo,Aceptable,Endeudado
2430282,656048,233585,1050556,177988,780046,32215,88245,208208,940160,72363,8.57,38.69,Medio Bajo,Aceptable,Endeudado
2836093,638513,234936,1112927,121830,1034270,29992,92936,261389,1559211,62504,9.22,54.98,Medio Bajo,Aceptable,Endeudado
2810968,613615,170396,1069418,132150,1021758,56572,57209,193922,1566563,39941,6.9,55.73,Medio Bajo,Aceptable,Endeudado
1738267,491940,209965,1026708,137989,763614,39709,39433,197780,281296,69852,11.38,16.18,Medio Bajo,Aceptable,Endeudado
2646960,684263,189423,1136146,123663,786726,53519,101585,288082,1023227,59953,10.88,38.66,Medio Bajo,Aceptable,Endeudado
1902591,506975,232835,1149265,131915,1078837,69881,73799,220814,761240,38649,11.61,40.01,Medio Bajo,Aceptable,Endeudado
1930071,712543,228531,994471,120295,739128,70772,60161,131099,216280,52500,6.79,11.21,Medio Bajo,Aceptable,Endeudado
2702808,501730,165168,1017282,142098,1322165,26767,62162,270440,864676,60603,10.01,31.99,Medio Bajo,Aceptable,Endeudado
1975594,532881,188525,1185171,169662,569737,68062,97130,137751,282934,58974,6.97,14.32,Medio Bajo,Aceptable,Endeudado
2246242,649737,206598,1153852,122459,1489723,26626,44952,172465,867936,28264,7.68,38.64,Medio Bajo,Aceptable,Endeudado
1740957,704867,213813,1066940,157303,1245061,63830,96164,192285,751021,29697,11.04,43.14,Medio Bajo,Aceptable,Endeudado
4023821,569787,227004,1165243,166243,784167,40685,108757,345396,983397,51062,8.58,24.44,Medio,Aceptable,Endeudado
2856036,518040,201769,836513,143262,862222,33951,98426,292628,1247952,67996,10.25,43.7,Medio,Aceptable,Endeudado
3924174,645165,187486,1192202,123041,850956,63680,103409,435253,483741,50227,11.09,12.33,Medio,Aceptable,Endeudado
2897182,613240,205835,1195725,179200,1380179,26497,52422,214187,315272,43021,7.39,10.88,Medio,Aceptable,Endeudado
3874048,719446,207278,1130656,139864,695348,57644,65400,272527,1817182,53627,7.03,46.91,Medio,Aceptable,Endeudado
3907513,621452,161484,938638,161696,1142295,50163,110030,363664,568543,39997,9.31,14.55,Medio,Aceptable,Endeudado
3669774,710295,198284,864548,169445,1312256,57295,99006,365841,1104618,59529,9.97,30.1,Medio,Aceptable,Endeudado
3335929,616690,232650,825537,146819,1302507,66186,110155,279700,473598,45319,8.38,14.2,Medio,Aceptable,Endeudado
3285182,564601,221129,1018899,174129,1117212,27380,89590,349534,754419,67165,10.64,22.96,Medio,Aceptable,Endeudado
3264186,509954,183379,871018,154797,1107233,44092,85912,315983,531298,51399,9.68,16.28,Medio,Aceptable,Endeudado
3463249,583384,228770,807911,176903,654609,45489,79496,407425,1561772,46204,11.76,45.1,Medio,Aceptable,Endeudado
3620095,581273,196847,943615,166943,596142,62822,87698,253258,1975639,33986,7.0,54.57,Medio,Aceptable,Endeudado
2949258,510547,211607,820315,146199,1021796,56471,90851,287895,908502,29922,9.76,30.8,Medio,Aceptable,Endeudado
3827689,652049,178479,1092824,142247,899116,49856,77965,417872,991735,44755,10.92,25.91,Medio,Aceptable,Endeudado
3516966,528478,199622,1091672,139253,567879,27472,85474,396846,2020092,48370,11.28,57.44,Medio,Aceptable,Endeudado
3157053,518170,167572,1009881,155928,758870,50315,105260,258854,543664,45304,8.2,17.22,Medio,Aceptable,Endeudado
3702816,536025,207595,970329,128909,1413757,40720,63574,429606,948461,25643,11.6,25.61,Medio,Aceptable,Endeudado
2951990,649896,184668,1108559,156876,1408369,25008,49177,311028,1575978,52683,10.54,53.39,Medio,Aceptable,Endeudado
3376707,624402,193163,874563,144532,1325913,50231,49392,237883,1337360,43345,7.04,39.61,Medio,Aceptable,Endeudado
2907525,540796,229788,807410,120811,1300212,72925,109567,288975,1088503,60460,9.94,37.44,Medio,Aceptable,Endeudado
3299549,609257,197552,849185,146208,633980,53365,63349,295618,1768729,46104,8.96,53.61,Medio,Aceptable,Endeudado
4029178,558107,187071,948553,131422,523442,60050,80646,410857,875304,71103,10.2,21.72,Medio,Aceptable,Endeudado
4009295,576306,179863,1020018,168890,692805,31501,78321,287526,2282776,49319,7.17,56.94,Medio,Aceptable,Endeudado
3599055,673811,224453,848474,143936,1334382,51698,97402,242311,390048,26057,6.73,10.84,Medio,Aceptable,Endeudado
3025793,542558,191052,814539,142470,937226,58497,101557,307674,487169,67393,10.17,16.1,Medio,Aceptable,Endeudado
3239114,568009,181677,864411,150063,1471174,45871,86547,346063,467189,67762,10.68,14.42,Medio,Aceptable,Endeudado
2916890,602116,192576,1133454,130922,1467101,61404,38295,193754,1160035,60699,6.64,39.77,Medio,Aceptable,Endeudado
3777580,571304,165922,924281,148552,1064739,34715,56863,322904,1143979,55951,8.55,30.28,Medio,Aceptable,Endeudado
2932110,536586,197534,946340,169895,834547,46854,58125,256961,345905,30639,8.76,11.8,Medio,Aceptable,Endeudado
2895679,708661,161126,941032,171280,1406202,32698,48094,280598,478828,54380,9.69,16.54,Medio,Aceptable,Endeudado
3274872,598383,222247,1185849,121296,941664,56579,49990,237988,328128,67368,7.27,10.02,Medio,Aceptable,Endeudado
3096413,712363,170226,1156243,153372,1133092,70317,89371,261119,994849,27258,8.43,32.13,Medio,Aceptable,Endeudado
3378746,541131,183664,911836,129630,923733,42303,84695,230938,988504,48821,6.84,29.26,Medio,Aceptable,Endeudado
3452867,672557,171790,1132585,163765,948192,61678,74657,279813,1491400,68753,8.1,43.19,Medio,Aceptable,Endeudado
3062453,581751,167543,1136008,140880,711137,54719,71813,337841,1796907,73837,11.03,58.68,Medio,Aceptable,Endeudado
3327933,633840,239410,1096512,141393,1024190,64108,49075,241476,788110,60875,7.26,23.68,Medio,Aceptable,Endeudado
3357480,706465,202557,899213,160854,791713,57502,106660,238695,1507753,37392,7.11,44.91,Medio,Aceptable,Endeudado
3511333,557175,224327,1169051,139182,1057430,30377,107644,418918,846538,30993,11.93,24.11,Medio,Aceptable,Endeudado
3924878,599743,200917,1049546,133336,1394213,68529,99752,290955,1238666,25928,7.41,31.56,Medio,Aceptable,Endeudado
3761630,536365,177902,962700,160859,1129931,71543,91651,400261,1422151,54041,10.64,37.81,Medio,Aceptable,Endeudado
3484939,625305,198047,1124502,175613,1247514,27519,59940,417051,369810,63980,11.97,10.61,Medio,Aceptable,Endeudado
4054319,698730,205879,943781,148924,1238780,46300,54528,396019,2247930,43623,9.77,55.45,Medio,Aceptable,Endeudado
3689839,526827,169003,1040468,178785,1334408,70794,110022,246510,1671134,55296,6.68,45.29,Medio,Aceptable,Endeudado
3992650,613351,230079,1026673,124627,1387650,25230,92136,464191,634295,67526,11.63,15.89,Medio,Aceptable,Endeudado
3407664,559766,207891,1177499,120454,1098807,34618,44196,239569,1911151,61263,7.03,56.08,Medio,Aceptable,Endeudado
3556793,669881,170805,1050942,177226,1152361,73413,69639,361289,1978594,41500,10.16,55.63,Medio,Aceptable,Endeudado
3270034,661065,202363,994369,146688,736028,70535,42409,290059,1149528,32066,8.87,35.15,Medio,Aceptable,Endeudado
3546901,527995,217829,864572,138870,641264,33642,83354,346799,715203,71080,9.78,20.16,Medio,Aceptable,Endeudado
3416066,646642,162512,954381,149718,1050658,32329,83710,260276,729998,30557,7.62,21.37,Medio,Aceptable,Endeudado
3066078,592014,192295,1094700,146551,777679,58977,57294,302141,1431821,38194,9.85,46.7,Medio,Aceptable,Endeudado
3737101,674029,218842,1087974,158382,1083885,57768,92323,441396,710871,29285,11.81,19.02,Medio,Aceptable,Endeudado
3409598,585675,194776,894805,128776,1391130,43476,60527,258492,680716,30435,7.58,19.96,Medio,Aceptable,Endeudado
4997875,688650,195474,829290,123557,930939,41401,54597,537923,1618731,67401,10.76,32.39,Medio Alto,Aceptable,Endeudado
5293247,550217,196467,1178686,149288,878350,48355,48465,395218,668652,25059,7.47,12.63,Medio Alto,Aceptable,Endeudado
4586024,513496,168354,1095649,131905,960196,27960,39376,374134,955143,33184,8.16,20.83,Medio Alto,Aceptable,Endeudado
4772962,571017,215844,911203,133675,1225579,27972,83345,355433,2347283,26716,7.45,49.18,Medio Alto,Aceptable,Endeudado
4942506,614626,210691,810069,173290,727645,49433,46501,543364,2006856,51659,10.99,40.6,Medio Alto,Aceptable,Endeudado
5174954,497757,165416,902502,171257,1047461,43546,106978,531678,2349498,61776,10.27,45.4,Medio Alto,Aceptable,Endeudado
4694524,537690,197745,1015027,123564,1484375,51622,108573,473980,2473422,47680,10.1,52.69,Medio Alto,Aceptable,Endeudado
4963167,529440,164140,811514,131389,619872,51668,38572,373542,900711,47014,7.53,18.15,Medio Alto,Aceptable,Endeudado
5262368,514608,174727,881357,126379,854240,64765,87888,583001,1064603,46223,11.08,20.23,Medio Alto,Aceptable,Endeudado
4943043,673464,222998,978215,159408,619945,63338,95041,316574,811273,59779,6.4,16.41,Medio Alto,Aceptable,Endeudado
4091835,658958,192537,937805,136402,1344581,67167,95537,393495,1090496,55200,9.62,26.65,Medio Alto,Aceptable,Endeudado
4178816,584685,189052,815125,171242,1306231,61081,109456,449648,1539242,28615,10.76,36.83,Medio Alto,Aceptable,Endeudado
4797259,665583,164072,999288,166780,1128186,58898,107155,522167,2051793,44858,10.88,42.77,Medio Alto,Aceptable,Endeudado
4818276,671133,207776,1170139,135975,1211308,60645,107509,380402,2726748,64181,7.89,56.59,Medio Alto,Aceptable,Endeudado
4856108,495941,229923,1040033,176736,639405,40190,99387,394508,1733422,35493,8.12,35.7,Medio Alto,Aceptable,Endeudado
4187639,526138,169918,845885,172069,933598,56639,98774,335367,2469742,62305,8.01,58.98,Medio Alto,Aceptable,Endeudado
4920447,500267,178993,839702,158839,984700,40985,97387,570253,1534361,48553,11.59,31.18,Medio Alto,Aceptable,Endeudado
5007287,608670,231968,1133221,164001,1381087,71152,104684,598809,722476,47898,11.96,14.43,Medio Alto,Aceptable,Endeudado
4993974,496404,196383,941839,132278,1250216,68128,45562,340388,2826864,63292,6.82,56.61,Medio Alto,Aceptable,Endeudado
4325391,716653,229100,931553,161506,800504,61396,52677,316244,1648293,37429,7.31,38.11,Medio Alto,Aceptable,Endeudado
4393471,669929,233083,1025665,149535,1266236,69557,106868,485790,1743296,42029,11.06,39.68,Medio Alto,Aceptable,Endeudado
4424880,688431,235021,828815,144043,915759,52203,52428,379854,2014532,25761,8.58,45.53,Medio Alto,Aceptable,Endeudado
5233394,482473,192727,1122289,178881,683768,48537,105741,494876,2621892,71382,9.46,50.1,Medio Alto,Aceptable,Endeudado
4559927,537107,199502,1192703,132247,1092813,56917,66344,401267,1941325,25122,8.8,42.57,Medio Alto,Aceptable,Endeudado
4127726,707953,183630,1085471,159911,792481,63384,106222,377758,1854341,33962,9.15,44.92,Medio Alto,Aceptable,Endeudado
4422049,611349,175186,911552,148165,1349643,57662,109056,390664,2430425,48944,8.83,54.96,Medio Alto,Aceptable,Endeudado
4132179,506367,210370,841983,156141,1145829,25808,40872,410163,1019286,45119,9.93,24.67,Medio Alto,Aceptable,Endeudado
5093787,651396,185117,852590,166976,737661,29173,83736,501731,2758123,38417,9.85,54.15,Medio Alto,Aceptable,Endeudado
4150684,482313,239725,1159762,157025,975280,42770,41734,277911,1371315,69891,6.7,33.04,Medio Alto,Aceptable,Endeudado
4907749,487180,167835,801624,145333,808835,66253,60443,536287,1754588,67461,10.93,35.75,Medio Alto,Aceptable,Endeudado
5176076,571293,177274,900760,143527,573658,41281,55370,598067,1832292,61999,11.55,35.4,Medio Alto,Aceptable,Endeudado
4837094,565286,208435,897516,126142,1232369,25499,58296,473717,2441863,60468,9.79,50.48,Medio Alto,Aceptable,Endeudado
4302948,548358,231320,987833,163866,1088262,51149,43288,368132,671889,36306,8.56,15.61,Medio Alto,Aceptable,Endeudado
4723398,545031,167004,1146640,122138,813256,60259,97736,509927,1201903,41679,10.8,25.45,Medio Alto,Aceptable,Endeudado
4202550,492631,199718,929509,160374,595488,59695,102263,314186,606468,67480,7.48,14.43,Medio Alto,Aceptable,Endeudado
4617093,687402,187227,854459,125163,1080575,43822,41977,364610,1155103,46290,7.9,25.02,Medio Alto,Aceptable,Endeudado
4468135,503827,160529,1149670,163789,1485477,28892,75085,409673,450181,69451,9.17,10.08,Medio Alto,Aceptable,Endeudado
4726378,520215,200538,1061717,142622,1009784,58865,91156,371634,2835084,28279,7.86,59.98,Medio Alto,Aceptable,Endeudado
4909416,602203,238050,1002072,171407,969962,34467,105333,350517,2156051,50499,7.14,43.92,Medio Alto,Aceptable,Endeudado
4926754,558675,193341,948755,122858,652194,30401,43361,544107,1398523,73149,11.04,28.39,Medio Alto,Aceptable,Endeudado
4229070,595103,184163,881674,156380,861578,25503,60231,497063,1109638,74912,11.75,26.24,Medio Alto,Aceptable,Endeudado
5056792,705939,166236,966011,178634,824780,55039,43964,394528,2693533,36807,7.8,53.27,Medio Alto,Aceptable,Endeudado
5229787,509505,197244,977921,175301,1465209,61085,70277,542402,2694071,65785,10.37,51.51,Medio Alto,Aceptable,Endeudado
5236933,654781,186691,1159472,174829,851626,55697,73733,335278,1918738,45103,6.4,36.64,Medio Alto,Aceptable,Endeudado
4750738,716220,165890,1043410,144315,1212094,28732,40864,544630,2445232,64115,11.46,51.47,Medio Alto,Aceptable,Endeudado
4682288,548229,167295,888409,123209,591423,66498,93317,541764,2178582,62293,11.57,46.53,Medio Alto,Aceptable,Endeudado
4609346,664500,164352,1047164,159817,1430244,31181,57386,410923,2719880,65517,8.91,59.01,Medio Alto,Aceptable,Endeudado
4095513,614945,208222,983637,160084,771322,35300,37756,453621,1369857,59421,11.08,33.45,Medio Alto,Aceptable,Endeudado
5155085,699476,217323,1129614,176292,1363013,53335,100766,591379,2006805,71693,11.47,38.93,Medio Alto,Aceptable,Endeudado
4976954,628440,177431,810183,172164,1178368,49450,76455,399408,2536489,29541,8.03,50.96,Medio Alto,Aceptable,Endeudado
4752111,538562,206960,822516,169083,538374,32746,84585,311516,561675,74207,6.56,11.82,Medio Alto,Aceptable,Endeudado
4555212,673984,178724,1100462,120359,545473,35049,39082,537466,2663283,56387,11.8,58.47,Medio Alto,Aceptable,Endeudado
5403557,514022,187968,897499,121074,681383,71806,105336,594220,2318427,39752,11.0,42.91,Alto,Aceptable,Endeudado
6227097,566977,213597,954452,173832,1020588,51078,46504,635332,3185939,72283,10.2,51.16,Alto,Aceptable,Endeudado
6022822,550825,194558,1185419,146063,1214494,52172,40532,718148,1501566,51025,11.92,24.93,Alto,Aceptable,Endeudado
6094202,700730,162474,1148190,152311,1041864,69001,65911,396165,3170114,47758,6.5,52.02,Alto,Aceptable,Endeudado
6091912,700170,173445,868968,149752,667118,55496,63054,546641,3651151,33997,8.97,59.93,Alto,Aceptable,Endeudado
6009402,587994,219769,901954,162884,640929,68954,90812,615329,3133674,60558,10.24,52.15,Alto,Aceptable,Endeudado
5400090,618968,200583,1092308,140927,721534,39918,95088,429510,700780,42259,7.95,12.98,Alto,Aceptable,Endeudado
5952715,589217,202417,1011139,156579,1094349,45943,54181,713902,965849,51077,11.99,16.23,Alto,Aceptable,Endeudado
5878395,709662,199942,812315,152435,556114,45346,54453,514473,1990224,63043,8.75,33.86,Alto,Aceptable,Endeudado
6474013,696832,171857,835978,150773,876041,62500,57597,760446,1481178,72279,11.75,22.88,Alto,Aceptable,Endeudado
5711713,525929,171049,804144,147591,1113061,71661,38891,541652,2109242,58976,9.48,36.93,Alto,Aceptable,Endeudado
6449285,632686,228672,800224,153941,580463,33645,81788,551988,3733562,29367,8.56,57.89,Alto,Aceptable,Endeudado
6502432,611382,165147,899209,171059,732053,41508,60566,456693,1509173,65781,7.02,23.21,Alto,Aceptable,Endeudado
6179144,596347,168827,1002345,136168,882990,35346,107677,642457,1082175,69740,10.4,17.51,Alto,Aceptable,Endeudado
5760197,616975,234952,898903,123450,795450,56304,54130,654142,2817487,68226,11.36,48.91,Alto,Aceptable,Endeudado
6036976,626764,169099,904854,167846,543430,64319,109332,719330,1326925,49073,11.92,21.98,Alto,Aceptable,Endeudado
5773919,630943,172680,870438,128327,729718,49871,85054,419294,3107557,68880,7.26,53.82,Alto,Aceptable,Endeudado
5609998,562403,197768,1017902,139267,950320,64316,109154,464584,2043543,70889,8.28,36.43,Alto,Aceptable,Endeudado
6117156,651545,217579,910185,160887,500575,25824,76404,553579,796399,25863,9.05,13.02,Alto,Aceptable,Endeudado
5835349,687938,219924,826022,155472,860583,48940,108951,460585,1609305,31983,7.89,27.58,Alto,Aceptable,Endeudado
5319411,551815,190613,879916,130853,571315,32503,61721,425444,535028,27917,8.0,10.06,Alto,Aceptable,Endeudado
5739453,715217,225482,1117349,160740,597819,63604,105273,623693,2700493,63391,10.87,47.05,Alto,Aceptable,Endeudado
5402372,494469,205391,863542,176878,1472098,61624,74803,633955,2379547,43806,11.73,44.05,Alto,Aceptable,Endeudado
5750233,667191,182941,1128168,171487,1153519,58734,61942,583456,1887979,35586,10.15,32.83,Alto,Aceptable,Endeudado
5868196,705320,193844,902544,158727,863576,40810,40367,483074,1150622,40299,8.23,19.61,Alto,Aceptable,Endeudado
6083690,611811,173276,857146,122977,1000369,45328,47487,435578,1134370,44662,7.16,18.65,Alto,Aceptable,Endeudado
5454074,550633,173651,982598,144639,899669,67192,59385,450341,1504210,31352,8.26,27.58,Alto,Aceptable,Endeudado
5333085,674635,190160,1002378,122661,752951,68396,75537,449957,2324701,69531,8.44,43.59,Alto,Aceptable,Endeudado
6400525,711945,166953,822877,133046,1405455,40798,69889,421786,1118727,26242,6.59,17.48,Alto,Aceptable,Endeudado
5296857,526638,170911,944909,152435,1152585,63791,58593,520936,1568187,54208,9.83,29.61,Alto,Aceptable,Endeudado
6360101,646330,196259,1194731,159777,891145,60146,55558,641464,1126925,45382,10.09,17.72,Alto,Aceptable,Endeudado
5850061,517416,232468,997509,178794,581344,63031,55849,530404,3150692,38135,9.07,53.86,Alto,Aceptable,Endeudado
5544937,502774,174183,1137507,164635,1036760,48183,58518,642291,1159499,49177,11.58,20.91,Alto,Aceptable,Endeudado
6454684,582708,179665,929151,131544,939027,65758,58289,461503,3278632,44944,7.15,50.79,Alto,Aceptable,Endeudado
6410984,634191,235068,901613,130043,532672,74931,65478,715575,3009866,50772,11.16,46.95,Alto,Aceptable,Endeudado
6350324,508098,178285,1018370,140150,1022132,72630,91010,657860,2924515,69880,10.36,46.05,Alto,Aceptable,Endeudado
5316673,657548,199819,1026768,141749,1333506,58818,61801,541635,2335584,71531,10.19,43.93,Alto,Aceptable,Endeudado
5592557,610160,166351,1060655,142093,1191843,31888,67698,466377,2675988,74486,8.34,47.85,Alto,Aceptable,Endeudado
5445690,491196,239460,1179201,177693,1188079,52292,106577,561852,2841825,57922,10.32,52.18,Alto,Aceptable,Endeudado
6360684,502339,169836,1079339,163526,923312,37432,89103,487526,1593010,49795,7.66,25.04,Alto,Aceptable,Endeudado
6301444,716670,169883,1120160,134568,1391819,35252,88265,474858,1249423,29085,7.54,19.83,Alto,Aceptable,Endeudado
5670436,560265,167849,993126,160916,1340840,45525,68735,413632,2763260,59356,7.29,48.73,Alto,Aceptable,Endeudado
6487061,575917,186837,851608,141061,1327142,54710,59763,574025,3732930,27565,8.85,57.54,Alto,Aceptable,Endeudado
5938438,573168,171573,1095916,125027,1144617,72915,37633,461760,3120904,57210,7.78,52.55,Alto,Aceptable,Endeudado
5568781,700736,213599,810602,126119,559155,43181,40479,615709,2350448,40121,11.06,42.21,Alto,Aceptable,Endeudado
6476271,648013,228420,993828,157789,582066,43823,66216,724026,1610328,46128,11.18,24.87,Alto,Aceptable,Endeudado
5592795,483375,160708,1015404,165222,1093763,40937,55015,488366,812246,42732,8.73,14.52,Alto,Aceptable,Endeudado
6450979,714335,182279,1019371,127635,1356994,34164,54649,571496,2708186,35987,8.86,41.98,Alto,Aceptable,Endeudado
5437645,629051,190322,896135,169870,670146,44517,112348,440707,2829545,25806,8.1,52.04,Alto,Aceptable,Endeudado
6336316,639333,160211,1016982,150443,1375735,64487,83678,431627,1752044,56554,6.81,27.65,Alto,Aceptable,Endeudado
5811051,651571,163079,1010289,137292,1049571,41900,57374,686550,2811897,71904,11.81,48.39,Alto,Aceptable,Endeudado
6471093,484232,209555,861523,149566,694980,65197,99305,502588,1988990,47824,7.77,30.74,Alto,Aceptable,Endeudado
7169824,701893,209016,926191,158347,1113099,65053,54559,590775,3298219,67139,8.24,46.0,Muy alto,Aceptable,Endeudado
9443045,601908,183266,932266,173921,1437705,62688,43648,888513,1026687,30294,9.41,10.87,Muy alto,Aceptable,Endeudado
7123672,719773,181558,1184064,175846,505015,40562,103614,677091,3362474,66126,9.5,47.2,Muy alto,Aceptable,Endeudado
6697797,503695,186684,1067751,130195,1457426,32161,101914,699442,2379442,63802,10.44,35.53,Muy alto,Aceptable,Endeudado
9061510,671619,230104,1149650,163599,822890,74369,90463,967047,3251815,27346,10.67,35.89,Muy alto,Aceptable,Endeudado
6710036,699048,196819,1118558,158532,578613,62784,55163,789841,3202191,72546,11.77,47.72,Muy alto,Aceptable,Endeudado
9495564,619807,163992,1093449,173407,880697,69979,75411,690103,3545900,51664,7.27,37.34,Muy alto,Aceptable,Endeudado
6818071,526267,225827,818719,148186,597801,29102,45478,518076,3427404,25690,7.6,50.27,Muy alto,Aceptable,Endeudado
9173263,697125,224278,969799,167636,1391352,39738,111504,813876,2153855,45437,8.87,23.48,Muy alto,Aceptable,Endeudado
9003749,688957,232253,1043530,155704,1032510,54029,71169,654570,5015790,34171,7.27,55.71,Muy alto,Aceptable,Endeudado
7303931,593766,227668,1012539,166573,1261283,60400,37942,553476,2701565,35440,7.58,36.99,Muy alto,Aceptable,Endeudado
7544788,583429,211743,1183337,173806,961402,61709,52289,541018,2574022,47436,7.17,34.12,Muy alto,Aceptable,Endeudado
9565935,573598,180985,879939,124210,1007258,37619,104126,915168,3274732,25723,9.57,34.23,Muy alto,Aceptable,Endeudado
9117842,676618,193427,1038713,158572,1065152,71518,94883,933498,1560250,53624,10.24,17.11,Muy alto,Aceptable,Endeudado
7938202,649358,207443,875306,133721,856221,39882,54419,908989,1742535,56391,11.45,21.95,Muy alto,Aceptable,Endeudado
9788806,679701,177717,912770,177093,724382,53428,95363,775437,2494221,52081,7.92,25.48,Muy alto,Aceptable,Endeudado
9398348,494335,179853,961952,123436,1187180,58216,97026,855546,1017741,53334,9.1,10.83,Muy alto,Aceptable,Endeudado
8781767,704413,193435,1121126,157430,1054047,38797,58008,801285,1940194,36387,9.12,22.09,Muy alto,Aceptable,Endeudado
9120387,646868,231481,1199419,123557,1399659,54231,104677,1083831,1219647,46291,11.88,13.37,Muy alto,Aceptable,Endeudado
9848233,531284,193436,910764,140428,913097,42367,108090,1126383,2389002,30496,11.44,24.26,Muy alto,Aceptable,Endeudado
6916391,555312,213673,1116357,156561,883922,67860,100313,638840,2173326,49754,9.24,31.42,Muy alto,Aceptable,Endeudado
9231009,662661,220057,1148817,141397,1280590,67799,104613,1047441,3604311,44761,11.35,39.05,Muy alto,Aceptable,Endeudado
8248747,568093,224060,992403,158540,557005,31081,104637,931296,4352640,72117,11.29,52.77,Muy alto,Aceptable,Endeudado
9434769,517195,191826,984729,170156,650206,59338,42106,708305,4686304,74291,7.51,49.67,Muy alto,Aceptable,Endeudado
6615574,522060,235924,800949,146656,817895,73827,46134,572046,1602477,63623,8.65,24.22,Muy alto,Aceptable,Endeudado
8508872,547382,199546,1141052,144465,674119,55059,86622,848116,3804044,60512,9.97,44.71,Muy alto,Aceptable,Endeudado
9092493,541367,170033,927651,135658,652995,56554,69927,944584,4873822,60348,10.39,53.6,Muy alto,Aceptable,Endeudado
7054816,523901,188015,981630,170989,1071659,44845,67891,709963,952742,57884,10.06,13.5,Muy alto,Aceptable,Endeudado
7221457,644946,210357,845904,157312,1019774,48964,56415,781345,2313140,37996,10.82,32.03,Muy alto,Aceptable,Endeudado
6689030,622395,222758,1151546,177635,1328519,47030,111105,744180,2106643,44248,11.13,31.49,Muy alto,Aceptable,Endeudado
7015506,582754,203254,1028326,179884,642074,47450,82500,687951,3469421,38935,9.81,49.45,Muy alto,Aceptable,Endeudado
6563498,691777,210318,1171599,178837,1275169,40353,75252,731032,3463407,38065,11.14,52.77,Muy alto,Aceptable,Endeudado
7066556,495102,175931,828506,124963,1044847,71095,62975,480980,4124633,66137,6.81,58.37,Muy alto,Aceptable,Endeudado
9224437,636059,181787,1057946,152753,857391,63272,51789,1034938,1238689,53453,11.22,13.43,Muy alto,Aceptable,Endeudado
7708303,711679,216334,984311,130018,1126194,34840,71221,575350,1233357,34150,7.46,16.0,Muy alto,Aceptable,Endeudado
9497808,557124,160525,1188580,130171,670850,49641,80206,706614,3992317,49204,7.44,42.03,Muy alto,Aceptable,Endeudado
6533469,633402,163077,1165433,154719,912086,59946,60721,465902,3113929,72211,7.13,47.66,Muy alto,Aceptable,Endeudado
7761973,519895,221730,1139494,140009,1444941,53449,56034,833261,1084489,25619,10.74,13.97,Muy alto,Aceptable,Endeudado
8359414,679562,172118,930841,153686,918159,33629,66939,925624,1870323,61052,11.07,22.37,Muy alto,Aceptable,Endeudado
7956425,659455,205712,1176707,152639,949079,27782,54788,675497,4275049,64681,8.49,53.73,Muy alto,Aceptable,Endeudado
8834491,528345,175978,1025225,129614,986753,46899,60300,981954,2282230,47054,11.12,25.83,Muy alto,Aceptable,Endeudado
8433858,542668,167399,1048975,137278,1102765,40479,101111,908081,5056532,63601,10.77,59.96,Muy alto,Aceptable,Endeudado
9334520,569193,226838,1090232,158787,938504,61580,49589,1036943,1979718,40171,11.11,21.21,Muy alto,Aceptable,Endeudado
9464674,578154,228813,1008821,152477,1225654,50893,104635,1111969,1991084,69681,11.75,21.04,Muy alto,Aceptable,Endeudado
7314138,544506,239604,870667,128734,564644,46680,60682,815915,4120490,45352,11.16,56.34,Muy alto,Aceptable,Endeudado
6910845,621732,172407,1096189,146356,1186903,49916,45900,781761,1695978,42881,11.31,24.54,Muy alto,Aceptable,Endeudado
8895939,711488,188759,805563,127584,1064601,29374,67470,603867,2258807,39292,6.79,25.39,Muy alto,Aceptable,Endeudado
6551760,671620,233505,904389,178901,799104,32499,57796,737705,725123,73473,11.26,11.07,Muy alto,Aceptable,Endeudado
8572673,481566,173177,947229,166092,878744,41256,98932,773755,1807675,67050,9.03,21.09,Muy alto,Aceptable,Endeudado
9587671,626936,177969,994219,162677,1027300,73066,59704,982121,2488403,42357,10.24,25.95,Muy alto,Aceptable,Endeudado
8629705,584357,178941,958637,158184,1093349,47973,55265,951982,3979217,35317,11.03,46.11,Muy alto,Aceptable,Endeudado
6539769,671217,221634,847790,140129,933423,32737,85796,439295,1045057,67035,6.72,15.98,Muy alto,Aceptable,Endeudado
1240568,600013,205819,891315,173370,1160418,93442,76831,179428,235207,117828,14.46,18.96,Bajo,Aceptable,Equilibrado
1044697,498741,239207,1180728,178524,1448439,116342,106323,108767,477366,100793,10.41,45.69,Bajo,Aceptable,Equilibrado
1197247,571665,222124,916597,136979,1011746,142617,150942,168365,304812,107563,14.06,25.46,Bajo,Aceptable,Equilibrado
1580487,617882,203693,1074105,141822,635307,141298,111232,160841,233977,147805,10.18,14.8,Bajo,Aceptable,Equilibrado
1370185,592244,228365,1036478,133932,670496,97727,167809,188944,274921,136515,13.79,20.06,Bajo,Aceptable,Equilibrado
1548411,504512,234700,1198430,159944,826595,85504,160572,216692,288377,72855,13.99,18.62,Bajo,Aceptable,Equilibrado
1323444,680652,220675,1068379,152699,633645,63223,100230,109125,284338,55076,8.25,21.48,Bajo,Aceptable,Equilibrado
1448359,496583,235058,1080144,120854,1287070,141876,193435,205545,692566,61180,14.19,47.82,Bajo,Aceptable,Equilibrado
807903,701191,207487,946650,134342,1472107,51306,114508,112800,150475,97048,13.96,18.63,Bajo,Aceptable,Equilibrado
1260015,510444,181064,851126,141843,1487207,135196,123154,137892,186457,90285,10.94,14.8,Bajo,Aceptable,Equilibrado
1136977,708751,167589,851487,150720,1314129,122028,87773,164344,431560,133543,14.45,37.96,Bajo,Aceptable,Equilibrado
1167038,673402,193386,810786,176309,1305955,133985,194319,140452,356248,118647,12.03,30.53,Bajo,Aceptable,Equilibrado
1131372,482502,177388,826139,178176,596624,87583,131866,104064,237175,89501,9.2,20.96,Bajo,Aceptable,Equilibrado
984902,532510,196041,919558,168527,532318,138804,118416,97664,118256,70157,9.92,12.01,Bajo,Aceptable,Equilibrado
1416228,681614,234557,1003642,168864,1199011,79065,80815,172865,546996,95116,12.21,38.62,Bajo,Aceptable,Equilibrado
1178269,568204,220227,1024948,142936,1214778,113153,92610,159460,545100,81092,13.53,46.26,Bajo,Aceptable,Equilibrado
1244122,617110,200118,823771,163252,935617,88855,170124,172638,409035,107547,13.88,32.88,Bajo,Aceptable,Equilibrado
1042475,658020,226804,1093520,157090,757481,113454,222209,130122,133662,123232,12.48,12.82,Bajo,Aceptable,Equilibrado
1045898,694133,174641,1123578,160383,1356353,69652,117073,121220,419008,144414,11.59,40.06,Bajo,Aceptable,Equilibrado
854665,620532,193216,1172534,175544,568458,102534,147274,84290,406201,78811,9.86,47.53,Bajo,Aceptable,Equilibrado
1130171,506351,186878,1108848,177479,774470,53439,184197,93444,311587,109269,8.27,27.57,Bajo,Aceptable,Equilibrado
1524210,584334,198656,876374,153653,1347219,104443,183680,203523,328019,102000,13.35,21.52,Bajo,Aceptable,Equilibrado
1204512,632032,186465,837708,149827,699652,143985,224060,178685,260064,115949,14.83,21.59,Bajo,Aceptable,Equilibrado
1423075,680836,200080,804388,127141,935531,88739,112875,120447,135166,79771,8.46,9.5,Bajo,Aceptable,Equilibrado
1568498,600642,184716,970296,122550,1232460,56283,143568,188974,593976,137374,12.05,37.87,Bajo,Aceptable,Equilibrado
1016254,482649,191901,1040175,172981,1278907,127124,178785,142796,469126,115205,14.05,46.16,Bajo,Aceptable,Equilibrado
1037227,527175,209545,1014174,168645,616983,133950,78933,116896,459666,62552,11.27,44.32,Bajo,Aceptable,Equilibrado
1436077,652279,232106,986846,146758,864363,64383,147332,149674,599726,76133,10.42,41.76,Bajo,Aceptable,Equilibrado
1506936,679743,201269,1072710,122123,900996,81360,119698,170894,598202,100848,11.34,39.7,Bajo,Aceptable,Equilibrado
1167858,632923,234680,1158324,129442,1393241,96391,168067,121107,342436,102308,10.37,29.32,Bajo,Aceptable,Equilibrado
954443,566678,168960,813052,176060,1046521,136568,144222,83092,91896,120678,8.71,9.63,Bajo,Aceptable,Equilibrado
1609439,570077,198848,1092236,179451,1417587,125564,144298,202016,519921,125930,12.55,32.3,Bajo,Aceptable,Equilibrado
847799,552429,200734,852909,125424,869471,141059,117979,111997,170005,149764,13.21,20.05,Bajo,Aceptable,Equilibrado
1347834,620128,206804,1092248,165328,840354,142253,125271,159777,459622,102067,11.85,34.1,Bajo,Aceptable,Equilibrado
1299772,624045,216730,871961,172051,1452410,122529,119549,109975,531601,80768,8.46,40.9,Bajo,Aceptable,Equilibrado
1183191,629003,220741,860722,142647,1092260,60144,97687,159016,258804,85973,13.44,21.87,Bajo,Aceptable,Equilibrado
1023896,710939,223020,852852,143480,691393,54820,100945,153339,257762,103066,14.98,25.17,Bajo,Aceptable,Equilibrado
968435,645782,188007,1101776,140729,1100668,77918,200875,99060,407079,145607,10.23,42.03,Bajo,Aceptable,Equilibrado
1269393,615812,193744,1063898,143652,1442377,109006,186094,146778,583485,119921,11.56,45.97,Bajo,Aceptable,Equilibrado
1316593,537229,239537,1064539,162502,1274651,112794,156345,172381,529100,127692,13.09,40.19,Bajo,Aceptable,Equilibrado
928235,671227,201498,926859,178840,1256045,128127,174015,75515,102158,60294,8.14,11.01,Bajo,Aceptable,Equilibrado
1229033,488368,186030,809924,124337,1008426,68228,114048,136686,110548,113535,11.12,8.99,Bajo,Aceptable,Equilibrado
1605546,664598,236192,1133746,141253,736651,102946,136790,160656,408744,90379,10.01,25.46,Bajo,Aceptable,Equilibrado
1351492,666926,218870,1112752,128658,694901,132383,223838,167885,243525,121306,12.42,18.02,Bajo,Aceptable,Equilibrado
1003156,519230,169576,1165698,170975,1476569,136234,172008,82978,230483,94538,8.27,22.98,Bajo,Aceptable,Equilibrado
1302151,498092,229132,843523,120382,1392973,81424,109211,130533,359975,90388,10.02,27.64,Bajo,Aceptable,Equilibrado
1353477,638869,191626,821205,147060,1436910,122666,102728,139224,253855,103076,10.29,18.76,Bajo,Aceptable,Equilibrado
992796,653961,165850,1105811,173117,1470804,117136,102181,119884,470818,85836,12.08,47.42,Bajo,Aceptable,Equilibrado
1157206,668791,196515,801151,158759,1447522,119281,125658,144575,244411,68953,12.49,21.12,Bajo,Aceptable,Equilibrado
1390948,598237,233887,1162046,136205,1287209,70407,79170,165196,145113,96760,11.88,10.43,Bajo,Aceptable,Equilibrado
1506204,629555,229988,957899,168443,1352371,97921,172001,126586,393852,72022,8.4,26.15,Bajo,Aceptable,Equilibrado
1297433,613021,229254,833126,165864,1178733,122891,152456,144604,385259,51716,11.15,29.69,Bajo,Aceptable,Equilibrado
1742394,491967,189870,820211,165607,1363521,90242,79753,208890,313616,103624,11.99,18.0,Medio Bajo,Aceptable,Equilibrado
2306758,674712,189095,1045058,139593,1407090,65108,207846,220223,586661,122392,9.55,25.43,Medio Bajo,Aceptable,Equilibrado
2590889,631170,162243,803106,141491,825174,110382,168365,241077,367336,83145,9.3,14.18,Medio Bajo,Aceptable,Equilibrado
2115405,644922,220954,1050483,129028,510909,57957,187128,302065,505251,65804,14.28,23.88,Medio Bajo,Aceptable,Equilibrado
2701741,514882,169724,990679,172725,739903,143726,83708,325085,1018133,87206,12.03,37.68,Medio Bajo,Aceptable,Equilibrado
2560245,564976,228189,807453,162267,710372,103549,200311,235300,1023620,72893,9.19,39.98,Medio Bajo,Aceptable,Equilibrado
2433839,620748,218971,1142609,153339,740951,50895,146935,214989,1109566,140752,8.83,45.59,Medio Bajo,Aceptable,Equilibrado
2220869,671408,195318,866019,120937,1465856,62110,77126,242082,740349,145775,10.9,33.34,Medio Bajo,Aceptable,Equilibrado
2185543,521183,190944,1032319,127547,565945,96951,93938,227322,976193,63132,10.4,44.67,Medio Bajo,Aceptable,Equilibrado
1652931,514508,178363,982272,142978,1490267,119428,131597,234379,478522,66916,14.18,28.95,Medio Bajo,Aceptable,Equilibrado
2009626,587086,230358,1023830,130051,1276473,148157,200197,187651,523488,147244,9.34,26.05,Medio Bajo,Aceptable,Equilibrado
2723015,625085,205518,918458,150907,1018333,87008,187150,218185,290539,99704,8.01,10.67,Medio Bajo,Aceptable,Equilibrado
2728406,559380,174930,967132,172434,584149,135799,207716,278089,471557,105448,10.19,17.28,Medio Bajo,Aceptable,Equilibrado
2684515,539873,187014,1030149,150638,514269,103066,218510,244309,509352,127901,9.1,18.97,Medio Bajo,Aceptable,Equilibrado
1800712,680729,239782,1134716,165239,1074544,107199,119701,147643,793102,125882,8.2,44.04,Medio Bajo,Aceptable,Equilibrado
1701551,668251,216937,880138,175305,780991,104625,143064,217283,142086,119255,12.77,8.35,Medio Bajo,Aceptable,Equilibrado
2691680,681687,239119,875226,172867,965328,86940,159546,339689,1159250,82361,12.62,43.07,Medio Bajo,Aceptable,Equilibrado
2587747,666922,238404,1175773,176767,1184698,118060,107723,275780,283094,105498,10.66,10.94,Medio Bajo,Aceptable,Equilibrado
2284869,554095,175204,1076340,161702,1417238,80119,212150,208212,561430,113491,9.11,24.57,Medio Bajo,Aceptable,Equilibrado
2030059,606985,203745,1157352,136309,751581,143855,159857,250840,383995,133810,12.36,18.92,Medio Bajo,Aceptable,Equilibrado
2528870,558636,181306,916265,154423,1207704,68689,175123,232055,1193481,50584,9.18,47.19,Medio Bajo,Aceptable,Equilibrado
2784968,697860,208731,1031223,173738,633719,92077,181365,372055,1204556,61899,13.36,43.25,Medio Bajo,Aceptable,Equilibrado
2390610,708166,178262,835677,124148,1354454,62787,182684,309610,1053030,118932,12.95,44.05,Medio Bajo,Aceptable,Equilibrado
1719869,481441,211592,1192486,138884,1432832,105797,205249,223993,598455,63943,13.02,34.8,Medio Bajo,Aceptable,Equilibrado
2203108,645818,186386,1190258,136547,871674,99745,211721,189353,595425,143609,8.59,27.03,Medio Bajo,Aceptable,Equilibrado
2799242,565052,203942,1133588,126605,1220570,139126,159907,386241,756585,90002,13.8,27.03,Medio Bajo,Aceptable,Equilibrado
1774485,661205,235193,1181029,150258,827349,54491,120736,239683,436577,56115,13.51,24.6,Medio Bajo,Aceptable,Equilibrado
2726498,542100,182984,866494,172109,1385596,79103,164647,350569,1225912,121159,12.86,44.96,Medio Bajo,Aceptable,Equilibrado
2246139,598593,188368,1120868,147964,1268161,61407,172525,321205,786887,124869,14.3,35.03,Medio Bajo,Aceptable,Equilibrado
2808693,578887,164369,1048794,164442,1128304,140467,168521,346324,835779,79871,12.33,29.76,Medio Bajo,Aceptable,Equilibrado
2510257,664312,233867,961314,154049,506103,105376,164741,270658,234269,100927,10.78,9.33,Medio Bajo,Aceptable,Equilibrado
2037961,488566,237815,1126917,177411,901207,144162,100969,182910,668152,147767,8.98,32.79,Medio Bajo,Aceptable,Equilibrado
2548260,696475,217710,1143068,158164,510297,75291,89039,288604,1050966,133423,11.33,41.24,Medio Bajo,Aceptable,Equilibrado
2224718,700560,208232,1083896,128207,525157,98294,82294,289786,319598,143562,13.03,14.37,Medio Bajo,Aceptable,Equilibrado
2487199,717017,178779,888500,143824,1253257,112656,188441,238661,992050,122398,9.6,39.89,Medio Bajo,Aceptable,Equilibrado
2768559,624712,191117,1097174,148237,1203566,128964,118634,270283,967808,140856,9.76,34.96,Medio Bajo,Aceptable,Equilibrado
2699474,518763,231529,1171450,164038,1430116,129283,166018,306342,730169,96833,11.35,27.05,Medio Bajo,Aceptable,Equilibrado
2253163,515449,184942,908281,120961,1329003,69754,180902,313672,753619,98235,13.92,33.45,Medio Bajo,Aceptable,Equilibrado
2159376,676001,231796,1077012,157878,1245027,61168,215547,241715,317917,118990,11.19,14.72,Medio Bajo,Aceptable,Equilibrado
2389135,719365,174343,999910,168074,788006,125815,197462,351168,202035,71952,14.7,8.46,Medio Bajo,Aceptable,Equilibrado
1985120,535819,178775,1129346,157678,1141022,106789,191618,234408,482382,72444,11.81,24.3,Medio Bajo,Aceptable,Equilibrado
2406462,498671,172062,1183167,127119,1072661,96887,149950,319471,915673,89915,13.28,38.05,Medio Bajo,Aceptable,Equilibrado
2002048,494672,183784,1179723,167782,837235,93519,101351,184679,679732,59217,9.22,33.95,Medio Bajo,Aceptable,Equilibrado
2038174,623950,233091,934226,122700,577244,65626,108687,171864,357907,85313,8.43,17.56,Medio Bajo,Aceptable,Equilibrado
2164773,606659,183627,1072437,152464,884543,98272,103672,302174,568956,62142,13.96,26.28,Medio Bajo,Aceptable,Equilibrado
2391759,590210,163087,810666,158770,1179280,101699,109931,256677,202420,69065,10.73,8.46,Medio Bajo,Aceptable,Equilibrado
2072272,642707,163922,1014431,120864,1082245,68979,85521,287563,761491,105140,13.88,36.75,Medio Bajo,Aceptable,Equilibrado
1690695,517294,186552,898689,166302,1356483,77541,207168,137655,714127,55273,8.14,42.24,Medio Bajo,Aceptable,Equilibrado
2003626,676880,221412,819429,160351,950399,129412,205408,194685,729671,63927,9.72,36.42,Medio Bajo,Aceptable,Equilibrado
2074109,662742,227115,800345,169257,580843,134911,88223,183007,948755,87138,8.82,45.74,Medio Bajo,Aceptable,Equilibrado
2815897,576203,208728,1063373,136789,1255195,65223,165814,267753,964871,122701,9.51,34.27,Medio Bajo,Aceptable,Equilibrado
2826090,658353,214917,1079567,149511,1026364,118522,82843,290489,324462,74691,10.28,11.48,Medio Bajo,Aceptable,Equilibrado
3018513,544329,238680,945773,132342,1141579,75754,108232,273810,491326,79287,9.07,16.28,Medio,Aceptable,Equilibrado
3135388,626936,172410,820934,122552,1202689,94469,170922,327964,1202934,67854,10.46,38.37,Medio,Aceptable,Equilibrado
3025232,687700,209696,978865,149530,977791,110710,130988,285306,664378,89695,9.43,21.96,Medio,Aceptable,Equilibrado
2895310,704816,160274,814746,129831,848841,96349,175217,286424,746289,86016,9.89,25.78,Medio,Aceptable,Equilibrado
3409198,493550,229375,887535,173170,981791,124193,192359,435713,1448959,120750,12.78,42.5,Medio,Aceptable,Equilibrado
3225327,652132,185929,1088750,168920,866677,111674,96494,366982,1176178,107434,11.38,36.47,Medio,Aceptable,Equilibrado
2996429,565871,165912,809931,141027,869230,65287,217251,308535,695704,93471,10.3,23.22,Medio,Aceptable,Equilibrado
3665419,525137,223213,985904,138165,1339997,56105,103674,400287,1335168,68017,10.92,36.43,Medio,Aceptable,Equilibrado
3704097,715457,205372,995839,161889,501315,118371,133209,522081,769355,67942,14.09,20.77,Medio,Aceptable,Equilibrado
3028496,624072,194095,896145,131180,577758,62533,170670,254977,1204796,112415,8.42,39.78,Medio,Aceptable,Equilibrado
3650927,626953,204702,1164622,145380,701948,117575,165160,364908,1143201,116683,9.99,31.31,Medio,Aceptable,Equilibrado
3231010,559598,174403,1046037,140029,1182927,133469,201214,454976,1386673,50100,14.08,42.92,Medio,Aceptable,Equilibrado
3338142,489334,184695,895790,146744,1464408,130445,186400,411509,981365,148478,12.33,29.4,Medio,Aceptable,Equilibrado
3468879,596593,189980,1033689,122236,523942,51846,200674,400762,546272,54999,11.55,15.75,Medio,Aceptable,Equilibrado
2970880,697349,180645,1103314,179331,983004,103487,114022,305326,707312,122276,10.28,23.81,Medio,Aceptable,Equilibrado
3296673,519674,171080,1160902,170909,636528,103235,109739,279958,969594,114605,8.49,29.41,Medio,Aceptable,Equilibrado
2982054,691295,170216,808536,177858,932331,83927,214235,256224,993852,123057,8.59,33.33,Medio,Aceptable,Equilibrado
3032722,617100,235103,987473,154723,1111570,138552,218814,311294,1396749,115475,10.26,46.06,Medio,Aceptable,Equilibrado
3384498,570910,183862,884282,122230,1205840,54840,184117,489955,522480,98845,14.48,15.44,Medio,Aceptable,Equilibrado
3347723,489713,206107,868959,161307,1214714,66998,119138,328331,476013,60860,9.81,14.22,Medio,Aceptable,Equilibrado
4033202,508745,191219,1191184,140410,1401494,143876,173914,502564,1062523,135517,12.46,26.34,Medio,Aceptable,Equilibrado
3820131,550046,234798,1184754,145176,1121572,65164,210850,509389,372771,62915,13.33,9.76,Medio,Aceptable,Equilibrado
3677797,627187,225051,1022593,144559,714466,68620,150778,343122,887881,76611,9.33,24.14,Medio,Aceptable,Equilibrado
3854950,489132,220840,939246,149038,1370464,136363,204889,415984,315082,81203,10.79,8.17,Medio,Aceptable,Equilibrado
3061972,633794,172264,1163753,168523,1232165,141140,135970,433009,955798,130748,14.14,31.22,Medio,Aceptable,Equilibrado
3662896,709488,191716,1058889,161152,903896,98137,132950,373507,642586,123044,10.2,17.54,Medio,Aceptable,Equilibrado
3684964,541765,184835,1120646,135660,1157076,123205,76490,453440,1559049,114307,12.31,42.31,Medio,Aceptable,Equilibrado
3779880,604520,191881,808472,131042,517357,52933,210130,512473,654386,87387,13.56,17.31,Medio,Aceptable,Equilibrado
3179186,557260,208515,1187430,146320,647145,71994,220975,257436,1329747,105451,8.1,41.83,Medio,Aceptable,Equilibrado
3173536,496568,172222,1155875,158787,1186406,146041,181872,377231,1099515,51267,11.89,34.65,Medio,Aceptable,Equilibrado
3189943,596755,187581,1137570,129258,663283,108973,174565,461405,1477734,75298,14.46,46.32,Medio,Aceptable,Equilibrado
2930183,553494,212501,1095403,158117,1425101,112446,211791,398102,1143680,52816,13.59,39.03,Medio,Aceptable,Equilibrado
3669401,702268,172165,1105032,129020,1086229,145744,209073,469091,405525,92903,12.78,11.05,Medio,Aceptable,Equilibrado
3520972,647967,178868,824954,171405,776308,99093,97938,386152,1201923,79846,10.97,34.14,Medio,Aceptable,Equilibrado
3480292,618869,225609,873285,153056,1379262,131106,138989,407549,842752,105699,11.71,24.21,Medio,Aceptable,Equilibrado
3249358,568622,190331,988839,153963,1466913,64920,127167,294718,538089,116415,9.07,16.56,Medio,Aceptable,Equilibrado
3347033,555885,229548,855256,167146,923237,136903,217462,271202,984207,92403,8.1,29.41,Medio,Aceptable,Equilibrado
3072713,586883,162829,1137997,152145,1077400,70164,214706,316782,1213365,106563,10.31,39.49,Medio,Aceptable,Equilibrado
3546903,611828,179165,1133295,125384,1318798,68329,207121,425795,1140133,115163,12.0,32.14,Medio,Aceptable,Equilibrado
2875781,603520,194003,810764,121699,1049019,149161,102508,404711,1118653,115958,14.07,38.9,Medio,Aceptable,Equilibrado
4006224,535810,200940,806661,130454,544454,96973,164423,331728,507423,127206,8.28,12.67,Medio,Aceptable,Equilibrado
3324837,544659,205230,1027372,141652,1453973,104766,134281,413671,351511,90707,12.44,10.57,Medio,Aceptable,Equilibrado
3056983,498802,174170,895943,177425,768507,69632,156274,335558,799682,77445,10.98,26.16,Medio,Aceptable,Equilibrado
3955903,706848,227979,1068579,133464,1120407,149201,147767,561205,415810,130724,14.19,10.51,Medio,Aceptable,Equilibrado
3854470,523493,189685,860850,152355,557356,79657,78108,512906,1777046,113027,13.31,46.1,Medio,Aceptable,Equilibrado
2963268,636568,215702,986330,121769,577087,60645,176212,243256,1403414,93292,8.21,47.36,Medio,Aceptable,Equilibrado
3986433,513993,162543,1073176,149435,1474823,147711,200913,518446,1408518,58367,13.01,35.33,Medio,Aceptable,Equilibrado
3852734,639020,167794,876639,162438,652523,80459,146974,413127,1588742,121793,10.72,41.24,Medio,Aceptable,Equilibrado
3231384,560201,172895,1136525,169211,810541,86494,178288,358831,664705,131034,11.1,20.57,Medio,Aceptable,Equilibrado
3339918,620924,228655,879489,135259,1198311,130546,184252,430053,1121099,109416,12.88,33.57,Medio,Aceptable,Equilibrado
3300941,558607,216819,1146620,129401,1029942,130091,211040,362111,1049458,95655,10.97,31.79,Medio,Aceptable,Equilibrado
2889241,582178,176255,1129360,169804,557860,119016,173137,240361,1047203,124050,8.32,36.24,Medio,Aceptable,Equilibrado
4590889,584168,217971,1174431,157986,1276292,90067,189450,679557,1410981,62635,14.8,30.73,Medio Alto,Aceptable,Equilibrado
4360319,690966,233026,1065887,144033,640426,95260,103423,446541,1733384,51588,10.24,39.75,Medio Alto,Aceptable,Equilibrado
5050064,702815,181401,1142338,155716,663953,105468,100397,406808,1357011,82053,8.06,26.87,Medio Alto,Aceptable,Equilibrado
4085652,625178,222710,1130068,176210,1117147,141604,210785,449899,614932,112598,11.01,15.05,Medio Alto,Aceptable,Equilibrado
4505037,514124,167345,1126039,142894,993177,98135,92100,406432,1897088,116846,9.02,42.11,Medio Alto,Aceptable,Equilibrado
4723108,682174,180361,1076745,149810,944597,89450,184943,621450,2010291,75283,13.16,42.56,Medio Alto,Aceptable,Equilibrado
4348048,638369,204710,927478,175308,1200588,82411,104001,470841,1704216,82391,10.83,39.19,Medio Alto,Aceptable,Equilibrado
5071949,550645,225536,910077,129627,644679,80903,208763,514189,410562,69498,10.14,8.09,Medio Alto,Aceptable,Equilibrado
4233488,528616,178194,965216,165239,922136,78506,185586,491521,1382268,53012,11.61,32.65,Medio Alto,Aceptable,Equilibrado
4691996,511818,239084,1174018,145703,770812,109238,158205,667027,2026552,52855,14.22,43.19,Medio Alto,Aceptable,Equilibrado
4217863,609186,230888,993765,127445,1158199,140042,98275,432728,947061,127015,10.26,22.45,Medio Alto,Aceptable,Equilibrado
4503979,605800,232632,997999,174770,1464677,86346,186952,546291,394348,147426,12.13,8.76,Medio Alto,Aceptable,Equilibrado
4525517,641097,236811,977090,161508,1094227,116163,100016,405774,1776545,51027,8.97,39.26,Medio Alto,Aceptable,Equilibrado
4544665,644170,166898,837603,166107,1264796,77640,192088,393394,609028,80370,8.66,13.4,Medio Alto,Aceptable,Equilibrado
4932550,487291,236830,1078673,128553,1217547,88505,120253,698132,607338,109398,14.15,12.31,Medio Alto,Aceptable,Equilibrado
4577953,668416,215680,1025869,154793,1324529,148596,82453,604487,2156332,118200,13.2,47.1,Medio Alto,Aceptable,Equilibrado
4307467,704765,179243,1184898,169293,963368,120505,126023,542486,1380780,106601,12.59,32.06,Medio Alto,Aceptable,Equilibrado
4852043,686550,198408,1067085,122741,906613,142587,216997,688256,501018,117743,14.18,10.33,Medio Alto,Aceptable,Equilibrado
4390907,670089,220000,820827,152654,589998,116673,195199,416614,713462,123095,9.49,16.25,Medio Alto,Aceptable,Equilibrado
5073889,612008,194219,828671,139110,957651,86436,154561,658499,1900226,106561,12.98,37.45,Medio Alto,Aceptable,Equilibrado
4205618,513294,199502,1102011,152880,764020,65101,87084,444194,457426,73942,10.56,10.88,Medio Alto,Aceptable,Equilibrado
4708278,623106,212746,1135366,127890,956949,124067,109045,594725,846213,137707,12.63,17.97,Medio Alto,Aceptable,Equilibrado
5093586,622047,167585,1169854,154086,828125,122205,110484,619533,2124808,107661,12.16,41.72,Medio Alto,Aceptable,Equilibrado
4688410,707794,220539,868194,144054,1348413,83751,101570,523151,594537,149467,11.16,12.68,Medio Alto,Aceptable,Equilibrado
4974594,561094,206138,1147082,152758,653893,58128,77950,734997,767529,67741,14.78,15.43,Medio Alto,Aceptable,Equilibrado
4835794,618164,183763,1017103,165607,507661,143820,217683,545474,1298203,138729,11.28,26.85,Medio Alto,Aceptable,Equilibrado
4448458,689826,228106,919905,135700,1317899,111490,153000,655685,1417085,149541,14.74,31.86,Medio Alto,Aceptable,Equilibrado
4752615,693178,167497,877913,123969,1322727,102672,197309,610418,1974326,60219,12.84,41.54,Medio Alto,Aceptable,Equilibrado
4905524,510233,212163,892639,151061,1469574,146149,147446,396183,1730908,122270,8.08,35.28,Medio Alto,Aceptable,Equilibrado
4303345,646733,177388,1059879,170949,1172756,84049,203810,457269,1419467,50481,10.63,32.99,Medio Alto,Aceptable,Equilibrado
5290240,592038,228905,1169939,142629,1367704,139921,184666,716959,1190652,125170,13.55,22.51,Medio Alto,Aceptable,Equilibrado
4230061,643097,171563,1155491,133403,1434565,67867,77010,495812,416772,55751,11.72,9.85,Medio Alto,Aceptable,Equilibrado
4087348,483854,167249,1177131,151589,945485,109241,130287,518975,1617837,89293,12.7,39.58,Medio Alto,Aceptable,Equilibrado
5268328,520432,230095,961499,167906,1401702,95995,204687,659543,667711,115650,12.52,12.67,Medio Alto,Aceptable,Equilibrado
4458492,504138,166295,851912,124189,1437680,67555,170305,392651,1095995,103087,8.81,24.58,Medio Alto,Aceptable,Equilibrado
4993252,606477,196092,1093292,134142,967177,76860,153085,545455,465720,89730,10.92,9.33,Medio Alto,Aceptable,Equilibrado
4074791,618701,168897,1059576,132645,797562,76148,178611,495188,647551,127028,12.15,15.89,Medio Alto,Aceptable,Equilibrado
4896306,692596,174413,848768,178897,752543,88090,157154,397675,2119876,52069,8.12,43.3,Medio Alto,Aceptable,Equilibrado
4212412,490871,232862,868693,129979,1183806,65991,153671,386902,519759,124293,9.18,12.34,Medio Alto,Aceptable,Equilibrado
5048518,555384,172308,889768,156999,867766,146254,162849,492509,1064021,136845,9.76,21.08,Medio Alto,Aceptable,Equilibrado
5113988,699056,220111,943002,158253,655413,67344,121623,669212,1881952,141770,13.09,36.8,Medio Alto,Aceptable,Equilibrado
4794062,571555,196299,1109510,139079,1208294,108319,205825,576199,1828195,73585,12.02,38.13,Medio Alto,Aceptable,Equilibrado
4581367,687589,222370,1013225,139095,1112298,103988,77597,434557,1614146,72107,9.49,35.23,Medio Alto,Aceptable,Equilibrado
4156373,524666,178503,834723,168969,989386,94312,130454,384651,1617236,87655,9.25,38.91,Medio Alto,Aceptable,Equilibrado
4357844,540740,212663,888688,165939,863441,82528,154843,440677,1570569,76141,10.11,36.04,Medio Alto,Aceptable,Equilibrado
5196570,480311,208711,860679,176891,1051040,62226,120721,471106,1737823,120823,9.07,33.44,Medio Alto,Aceptable,Equilibrado
4606983,487795,182580,806169,161185,808744,54193,92126,370145,840164,88920,8.03,18.24,Medio Alto,Aceptable,Equilibrado
4232585,588666,170605,1100640,178353,571780,59188,188471,544877,1758944,53871,12.87,41.56,Medio Alto,Aceptable,Equilibrado
5039687,647816,220472,1069375,156358,1152746,73085,164660,407411,1893271,101592,8.08,37.57,Medio Alto,Aceptable,Equilibrado
5148347,483387,160390,967307,142655,547964,83052,75716,749372,1420585,72483,14.56,27.59,Medio Alto,Aceptable,Equilibrado
5168521,675840,197535,969543,150144,666408,134410,166794,713498,2412377,142309,13.8,46.67,Medio Alto,Aceptable,Equilibrado
4647067,605843,168320,1057068,138471,1144544,106677,182936,534889,1031815,113940,11.51,22.2,Medio Alto,Aceptable,Equilibrado
5793379,661235,199676,1097703,169177,774378,84835,109964,534661,598711,84168,9.23,10.33,Alto,Aceptable,Equilibrado
5722147,663808,220861,887359,166057,1220141,62827,101945,518335,1074964,61390,9.06,18.79,Alto,Aceptable,Equilibrado
5872700,622230,230445,952640,160373,1021683,81659,107329,775537,1545296,85979,13.21,26.31,Alto,Aceptable,Equilibrado
5331539,556560,195747,1010458,140865,1478659,103975,162696,746549,1230569,94677,14.0,23.08,Alto,Aceptable,Equilibrado
5617326,522082,177814,1181729,167863,1497413,142058,138539,697674,790735,60116,12.42,14.08,Alto,Aceptable,Equilibrado
5560987,630902,201073,835010,146381,764735,139899,87930,702970,1186414,139397,12.64,21.33,Alto,Aceptable,Equilibrado
5609342,658965,232826,840666,170610,523173,132957,207431,805645,2004506,116091,14.36,35.74,Alto,Aceptable,Equilibrado
5386992,651193,214761,902897,174320,1100694,95390,75271,798205,798703,136838,14.82,14.83,Alto,Aceptable,Equilibrado
5937399,585226,195005,987397,177140,1409087,105077,166004,823042,842698,76244,13.86,14.19,Alto,Aceptable,Equilibrado
6110974,650896,172778,815056,157532,1322603,82591,192567,801134,896859,117983,13.11,14.68,Alto,Aceptable,Equilibrado
5457663,505094,161000,1011062,156355,714707,136549,113760,436774,2494062,144456,8.0,45.7,Alto,Aceptable,Equilibrado
6108770,564962,218669,1027164,121106,1472671,136605,204899,690375,2911514,80932,11.3,47.66,Alto,Aceptable,Equilibrado
5713674,564244,194310,807153,147940,888167,140391,221723,789240,632102,53866,13.81,11.06,Alto,Aceptable,Equilibrado
5819225,597774,197249,936755,169682,849140,74398,81163,754419,1502259,104578,12.96,25.82,Alto,Aceptable,Equilibrado
5315334,493222,217383,1190551,154118,1354555,149436,219660,561459,1133940,97376,10.56,21.33,Alto,Aceptable,Equilibrado
5384503,541418,185576,1128808,124843,688533,119381,189998,654164,1631495,117892,12.15,30.3,Alto,Aceptable,Equilibrado
6425950,520333,204207,1156945,147287,1185817,59905,106494,953216,547176,128312,14.83,8.52,Alto,Aceptable,Equilibrado
5425026,507797,176342,1139061,137021,504549,74095,86561,787314,1369711,102689,14.51,25.25,Alto,Aceptable,Equilibrado
5998721,656518,219160,989238,129662,598823,66473,184941,708780,1707811,97880,11.82,28.47,Alto,Aceptable,Equilibrado
5794802,593911,234805,1181888,166245,1030940,133371,117581,504166,2776919,147554,8.7,47.92,Alto,Aceptable,Equilibrado
6343099,546307,186308,955964,138576,1485165,117671,166168,751156,2142045,75442,11.84,33.77,Alto,Aceptable,Equilibrado
5845852,708276,176197,983267,125305,787123,111615,83263,733332,1244241,56859,12.54,21.28,Alto,Aceptable,Equilibrado
6054214,542628,223109,1055869,130694,1031945,107520,96384,869701,1004324,87923,14.37,16.59,Alto,Aceptable,Equilibrado
5764190,702652,173404,1108570,164151,855836,77219,206744,813196,603969,108967,14.11,10.48,Alto,Aceptable,Equilibrado
5531452,662449,234166,826192,142492,849536,103174,214228,544352,1712364,70525,9.84,30.96,Alto,Aceptable,Equilibrado
6289045,574769,230738,1024447,128530,854690,135853,115325,924804,916082,144336,14.7,14.57,Alto,Aceptable,Equilibrado
6163465,574376,166439,1067011,146769,944004,128101,186651,864374,2335517,91325,14.02,37.89,Alto,Aceptable,Equilibrado
5757840,582455,191760,823608,166237,544147,115800,218856,841959,1640588,129466,14.62,28.49,Alto,Aceptable,Equilibrado
5470993,532189,174032,941933,163770,506570,140858,138490,666687,1941439,104713,12.19,35.49,Alto,Aceptable,Equilibrado
5430228,685877,190384,873345,155910,1093635,82234,156140,475236,497178,74230,8.75,9.16,Alto,Aceptable,Equilibrado
6196678,695561,229827,925751,158496,1072524,109741,200575,552562,2465376,82865,8.92,39.79,Alto,Aceptable,Equilibrado
5311090,643613,179514,1059402,139981,956316,67137,173081,778328,2160304,141761,14.65,40.68,Alto,Aceptable,Equilibrado
5762393,551706,198222,1006253,157417,714440,98786,113231,664045,2073165,146129,11.52,35.98,Alto,Aceptable,Equilibrado
5295524,684868,212593,1089587,169677,883121,127048,99091,760224,962278,107652,14.36,18.17,Alto,Aceptable,Equilibrado
6051444,717569,189841,931806,159505,1273359,105670,219904,844657,613808,89601,13.96,10.14,Alto,Aceptable,Equilibrado
6127862,539604,227088,1013534,126490,775867,95932,130862,515062,1257863,127823,8.41,20.53,Alto,Aceptable,Equilibrado
6158530,697249,215849,1173441,167602,1280030,68660,192762,707299,749060,148603,11.48,12.16,Alto,Aceptable,Equilibrado
5607736,565132,225431,1065332,134866,830397,71939,195494,536349,1018331,136102,9.56,18.16,Alto,Aceptable,Equilibrado
6253683,676642,200387,1159450,123797,1238236,147421,124997,858885,1972489,88491,13.73,31.54,Alto,Aceptable,Equilibrado
5520957,485583,202165,911721,170991,604471,62181,77970,774673,1567662,117339,14.03,28.39,Alto,Aceptable,Equilibrado
6194323,649998,233335,851469,136438,1156557,133703,145635,921786,998719,135072,14.88,16.12,Alto,Aceptable,Equilibrado
6367217,707773,169482,1129156,177479,673332,103901,162048,816778,2504619,66304,12.83,39.34,Alto,Aceptable,Equilibrado
5942089,715526,195149,820794,154032,1004850,123307,89175,754074,2654295,128061,12.69,44.67,Alto,Aceptable,Equilibrado
5931330,540163,228310,901802,150931,1114963,93147,84916,541017,950901,50400,9.12,16.03,Alto,Aceptable,Equilibrado
5692647,534587,171992,803945,145886,935442,64979,111467,509593,2074750,78756,8.95,36.45,Alto,Aceptable,Equilibrado
5481343,557090,192509,1194398,136972,977430,51680,142123,748577,1382894,113914,13.66,25.23,Alto,Aceptable,Equilibrado
5562220,564608,207364,1193379,170684,965320,115481,220424,800350,1574145,79357,14.39,28.3,Alto,Aceptable,Equilibrado
6485387,652829,205933,1118776,137157,1378200,119871,198361,576965,2502136,101297,8.9,38.58,Alto,Aceptable,Equilibrado
5707815,557019,219091,1146624,147025,921318,68304,161814,714712,951001,52236,12.52,16.66,Alto,Aceptable,Equilibrado
5395205,691399,238350,1077838,173014,847355,84086,89706,587379,950250,88863,10.89,17.61,Alto,Aceptable,Equilibrado
6361781,527184,208159,800041,163075,585250,98660,212697,509627,2063152,104094,8.01,32.43,Alto,Aceptable,Equilibrado
5307705,565866,196506,810873,125788,733247,68663,139764,622293,1132931,118642,11.72,21.35,Alto,Aceptable,Equilibrado
7701378,535204,213371,945498,122184,1055685,145247,131322,1077051,3237229,85332,13.99,42.03,Muy alto,Aceptable,Equilibrado
6745257,714311,238483,916824,168319,935293,109613,179002,864470,1258744,69556,12.82,18.66,Muy alto,Aceptable,Equilibrado
7996491,694144,230376,1066653,146388,502476,93846,151252,1075334,2271618,50862,13.45,28.41,Muy alto,Aceptable,Equilibrado
9510613,657350,235766,934778,157857,728233,99923,75262,1259520,3984183,131670,13.24,41.89,Muy alto,Aceptable,Equilibrado
9338920,682734,227268,1115463,163120,552281,69372,114932,1143371,2798476,105992,12.24,29.97,Muy alto,Aceptable,Equilibrado
9861923,542166,207408,856527,127294,589829,111526,127447,899175,2690113,87402,9.12,27.28,Muy alto,Aceptable,Equilibrado
7998228,521085,224328,1089942,121805,676925,53765,86362,796945,3742696,70493,9.96,46.79,Muy alto,Aceptable,Equilibrado
7509298,602632,166910,911347,175237,908707,103834,172287,872294,1168460,134950,11.62,15.56,Muy alto,Aceptable,Equilibrado
9654085,597164,215973,960137,147610,735652,99656,145223,857653,2709655,102828,8.88,28.07,Muy alto,Aceptable,Equilibrado
9221670,593573,223302,1069375,137393,1388512,55946,171740,985731,4279064,109237,10.69,46.4,Muy alto,Aceptable,Equilibrado
9798782,513166,237742,896377,136509,864807,127124,90396,1012555,3590105,102322,10.33,36.64,Muy alto,Aceptable,Equilibrado
9041997,601190,187225,859358,142828,1236149,114741,160144,1202309,874820,68014,13.3,9.68,Muy alto,Aceptable,Equilibrado
9109821,601074,184840,887622,150758,948597,95599,138526,1018816,4149547,114077,11.18,45.55,Muy alto,Aceptable,Equilibrado
9141176,565638,239679,844997,170059,1193233,88829,151376,924761,855498,112159,10.12,9.36,Muy alto,Aceptable,Equilibrado
8158728,492260,161811,1027448,147866,1428119,98469,165658,1039159,3526045,113030,12.74,43.22,Muy alto,Aceptable,Equilibrado
9547496,625215,239333,1182508,158166,852528,146562,167134,1300845,2400502,134978,13.62,25.14,Muy alto,Aceptable,Equilibrado
7587067,579375,171805,1021470,140119,1209996,69579,141237,644033,3625919,58433,8.49,47.79,Muy alto,Aceptable,Equilibrado
9670133,590698,188538,874310,140711,1039170,135951,80627,1195368,3048600,87876,12.36,31.53,Muy alto,Aceptable,Equilibrado
7614997,508926,221457,1016080,165896,1149889,89705,179548,679914,1961189,142242,8.93,25.75,Muy alto,Aceptable,Equilibrado
9332494,568973,200256,960018,159679,1138342,132816,133938,892951,3365539,108712,9.57,36.06,Muy alto,Aceptable,Equilibrado
7211827,602593,176543,1121635,146540,1034885,117723,203016,641631,940826,108560,8.9,13.05,Muy alto,Aceptable,Equilibrado
7668740,607580,230074,880524,170402,751217,145408,151837,911236,640761,120884,11.88,8.36,Muy alto,Aceptable,Equilibrado
8704835,584669,226461,939812,151946,1303826,116682,174701,921468,2603966,65349,10.59,29.91,Muy alto,Aceptable,Equilibrado
7671285,549337,188169,1048710,131624,974023,55298,126906,1020347,1079884,139935,13.3,14.08,Muy alto,Aceptable,Equilibrado
8920099,656788,211528,1187780,170855,988559,84820,163300,902950,3157521,72320,10.12,35.4,Muy alto,Aceptable,Equilibrado
9720011,490085,194194,993873,127666,1395661,143716,211074,1099528,2568057,104190,11.31,26.42,Muy alto,Aceptable,Equilibrado
8754408,633873,183519,911712,125710,1162078,69073,150625,925957,2181149,57692,10.58,24.91,Muy alto,Aceptable,Equilibrado
9622434,481803,211673,1182634,164852,977113,122097,86746,1251066,2205840,54893,13.0,22.92,Muy alto,Aceptable,Equilibrado
8279167,596342,172823,976497,147155,1411451,128436,77849,723332,3368639,145994,8.74,40.69,Muy alto,Aceptable,Equilibrado
9080698,632886,163921,808120,165629,1244463,127158,210304,1088013,4158343,113972,11.98,45.79,Muy alto,Aceptable,Equilibrado
9973207,645790,194514,825280,167961,708604,56008,212801,1146921,2844909,68470,11.5,28.53,Muy alto,Aceptable,Equilibrado
7387920,599481,180178,845925,178946,1143560,50270,112291,771054,2975464,59627,10.44,40.27,Muy alto,Aceptable,Equilibrado
7529431,517226,172036,1115060,131432,984084,141820,75743,656247,1186195,100224,8.72,15.75,Muy alto,Aceptable,Equilibrado
8013321,534582,194759,817050,170649,1040273,108232,137344,1043279,1065638,109317,13.02,13.3,Muy alto,Aceptable,Equilibrado
8325385,603673,236573,1079741,165695,843876,51603,165344,769616,3286863,84339,9.24,39.48,Muy alto,Aceptable,Equilibrado
9953944,574550,169718,1068239,143066,1387028,62339,183782,1040851,2163637,79243,10.46,21.74,Muy alto,Aceptable,Equilibrado
9707044,621089,233581,1160044,144210,1351646,86809,130863,1408807,4158631,87078,14.51,42.84,Muy alto,Aceptable,Equilibrado
8926529,699794,186297,903152,124085,1027859,84114,187262,1071750,1536161,120024,12.01,17.21,Muy alto,Aceptable,Equilibrado
7762275,645187,230101,862497,129836,1225187,80102,151982,703017,3712989,54627,9.06,47.83,Muy alto,Aceptable,Equilibrado
8563225,534048,210532,817414,166875,723944,64926,119936,871390,791640,69141,10.18,9.24,Muy alto,Aceptable,Equilibrado
9410457,552397,160833,1178833,144604,663125,129675,178543,1206762,1294108,94711,12.82,13.75,Muy alto,Aceptable,Equilibrado
8762379,614482,160029,824328,176382,1318800,107684,133558,1106717,1838541,91227,12.63,20.98,Muy alto,Aceptable,Equilibrado
9131109,685903,187922,959140,176772,1199183,120612,207386,763966,3333798,68141,8.37,36.51,Muy alto,Aceptable,Equilibrado
8692056,690814,193278,970287,143179,541143,120843,160742,813824,3043856,69304,9.36,35.02,Muy alto,Aceptable,Equilibrado
8964388,701553,172343,929562,177301,537747,85409,96257,1334674,866167,139976,14.89,9.66,Muy alto,Aceptable,Equilibrado
7466674,711313,212642,906276,136589,848452,144246,190554,615647,982174,111519,8.25,13.15,Muy alto,Aceptable,Equilibrado
9721712,630031,162155,854561,165783,721467,102562,165609,1218330,1873485,104077,12.53,19.27,Muy alto,Aceptable,Equilibrado
9155027,693143,220289,981182,131344,525102,61266,199196,905255,3218333,67472,9.89,35.15,Muy alto,Aceptable,Equilibrado
7411315,569131,169144,1097405,130544,1221538,145310,150298,878702,2358017,124657,11.86,31.82,Muy alto,Aceptable,Equilibrado
7555825,485437,206574,1119474,170288,601019,82172,203275,856289,3204167,127789,11.33,42.41,Muy alto,Aceptable,Equilibrado
9041038,602994,206970,1066397,127305,1411345,109253,112769,1002932,1740813,122748,11.09,19.25,Muy alto,Aceptable,Equilibrado
7074383,571954,175498,867715,124341,1274781,142766,182384,696459,3335438,101226,9.84,47.15,Muy alto,Aceptable,Equilibrado
1447832,483962,200751,1192962,137077,951534,74499,45359,201210,498966,36588,13.9,34.46,Bajo,Riesgoso,Ahorrador
1167412,708359,172356,912293,135888,609907,28936,62213,156744,318766,47218,13.43,27.31,Bajo,Riesgoso,Ahorrador
1147969,713756,168915,991131,166515,1296606,61525,93567,197212,397683,61516,17.18,34.64,Bajo,Riesgoso,Ahorrador
1226474,588259,236842,898187,154775,534120,56982,107389,155310,460728,65887,12.66,37.57,Bajo,Riesgoso,Ahorrador
803367,569888,183306,1095879,164187,955725,35859,59904,96595,136194,52087,12.02,16.95,Bajo,Riesgoso,Ahorrador
1307400,504291,187759,1055631,143156,1144923,37077,49797,207948,569300,33907,15.91,43.54,Bajo,Riesgoso,Ahorrador
1505143,604069,179752,1163600,161959,1204587,40435,55241,236100,377559,50764,15.69,25.08,Bajo,Riesgoso,Ahorrador
1552334,609484,177192,877986,131748,1264463,37098,44048,209346,716813,41598,13.49,46.18,Bajo,Riesgoso,Ahorrador
836507,562377,236453,1087084,143179,885657,31940,38514,123403,266324,31902,14.75,31.84,Bajo,Riesgoso,Ahorrador
1477997,508028,191717,1064746,169918,911389,36711,56606,201352,418016,33242,13.62,28.28,Bajo,Riesgoso,Ahorrador
975213,641480,221024,1087086,143552,928339,56484,55234,112651,178188,70147,11.55,18.27,Bajo,Riesgoso,Ahorrador
1067713,707041,214433,1093313,125643,807077,39301,95889,162152,496553,35247,15.19,46.51,Bajo,Riesgoso,Ahorrador
1248390,487962,220474,1040590,133577,828002,32886,40495,213275,310007,37793,17.08,24.83,Bajo,Riesgoso,Ahorrador
938162,710911,182936,1111197,152002,1437739,68903,42366,137129,102249,31423,14.62,10.9,Bajo,Riesgoso,Ahorrador
1249355,618191,210216,819261,174813,1104968,59339,97687,211240,366961,31057,16.91,29.37,Bajo,Riesgoso,Ahorrador
1515623,609892,164525,1152472,122525,753610,26754,79509,270286,711674,30733,17.83,46.96,Bajo,Riesgoso,Ahorrador
1166542,593063,180904,1045486,163813,1041131,72985,92270,137946,485093,37176,11.83,41.58,Bajo,Riesgoso,Ahorrador
1015636,642927,225048,1085015,142086,1408266,62219,43827,108980,206768,28474,10.73,20.36,Bajo,Riesgoso,Ahorrador
1224614,681081,195497,935461,158387,627578,28769,37597,153890,544257,70145,12.57,44.44,Bajo,Riesgoso,Ahorrador
1236103,511472,235953,896689,157249,526074,25203,40659,173625,471202,74348,14.05,38.12,Bajo,Riesgoso,Ahorrador
1416077,700670,234530,896118,135787,1363696,74175,107048,146940,141955,37035,10.38,10.02,Bajo,Riesgoso,Ahorrador
1565057,548991,234104,949186,169692,823690,70637,95196,228585,717732,36120,14.61,45.86,Bajo,Riesgoso,Ahorrador
1528046,525310,222870,864173,169963,611470,56756,111030,245526,631962,25193,16.07,41.36,Bajo,Riesgoso,Ahorrador
1541056,506899,229340,1017417,141894,1077647,29382,109304,227765,516218,34607,14.78,33.5,Bajo,Riesgoso,Ahorrador
1174679,630252,220497,946536,141444,1278578,67700,106818,172316,125672,45207,14.67,10.7,Bajo,Riesgoso,Ahorrador
1111974,674189,185566,1171220,131950,1312692,45788,88917,112554,533463,35499,10.12,47.97,Bajo,Riesgoso,Ahorrador
1123454,562099,189362,1069360,121576,1204632,25977,111766,130963,338725,25893,11.66,30.15,Bajo,Riesgoso,Ahorrador
1489367,683114,170831,1039694,149314,1415203,37149,93643,227054,528157,41352,15.25,35.46,Bajo,Riesgoso,Ahorrador
1556992,571911,210087,1197236,126905,1318346,71207,75263,193239,397335,54835,12.41,25.52,Bajo,Riesgoso,Ahorrador
1575367,597536,203854,1115366,172618,871544,47825,43002,279822,211891,58355,17.76,13.45,Bajo,Riesgoso,Ahorrador
852909,522873,221421,868610,174051,785593,72735,86932,105561,162966,63724,12.38,19.11,Bajo,Riesgoso,Ahorrador
1117027,686644,203467,932923,124745,934117,71273,76254,190917,466778,65326,17.09,41.79,Bajo,Riesgoso,Ahorrador
902168,641178,226558,1146868,167097,533698,40874,59276,136207,341623,54750,15.1,37.87,Bajo,Riesgoso,Ahorrador
1471888,639401,213239,1100177,153307,529137,54693,50435,257972,173618,44799,17.53,11.8,Bajo,Riesgoso,Ahorrador
943396,602833,232320,803363,135561,1360614,56635,42753,120003,138053,66232,12.72,14.63,Bajo,Riesgoso,Ahorrador
1113784,557091,222961,1130187,145549,1341414,71770,99769,152046,285847,67883,13.65,25.66,Bajo,Riesgoso,Ahorrador
1549021,606268,179669,1070620,122446,982192,60173,84944,277028,658576,29760,17.88,42.52,Bajo,Riesgoso,Ahorrador
1527999,490178,228242,878776,173404,611507,32964,73713,174733,284592,65830,11.44,18.63,Bajo,Riesgoso,Ahorrador
1176426,707011,220818,1088325,164099,1178957,43226,76616,166674,504929,64154,14.17,42.92,Bajo,Riesgoso,Ahorrador
1326274,718155,193960,925987,129782,1000924,63137,95054,136581,417542,25877,10.3,31.48,Bajo,Riesgoso,Ahorrador
1147181,682247,176623,850289,142198,975617,53961,83924,138313,388190,59584,12.06,33.84,Bajo,Riesgoso,Ahorrador
1250316,560115,206806,982238,139459,1426464,30333,109415,206856,104223,50635,16.54,8.34,Bajo,Riesgoso,Ahorrador
1138719,531186,229026,912661,131464,795649,63060,82488,190360,267811,46171,16.72,23.52,Bajo,Riesgoso,Ahorrador
1063899,718779,165191,824140,120816,1403965,26551,65042,128663,294890,42315,12.09,27.72,Bajo,Riesgoso,Ahorrador
1052307,610895,176506,956258,164985,1207243,29824,67823,186964,492839,54967,17.77,46.83,Bajo,Riesgoso,Ahorrador
906765,601679,231543,839080,172075,509958,26142,51128,114508,90060,52466,12.63,9.93,Bajo,Riesgoso,Ahorrador
838798,609663,195323,986145,125908,1390897,34328,102012,139729,384125,52670,16.66,45.79,Bajo,Riesgoso,Ahorrador
1258363,593918,161746,1053013,122640,1385669,31954,49476,129178,127450,44758,10.27,10.13,Bajo,Riesgoso,Ahorrador
982633,537725,193829,997230,124202,602939,58889,80849,151018,242506,35891,15.37,24.68,Bajo,Riesgoso,Ahorrador
1245298,567662,181151,997975,178037,809384,29002,90420,120833,168777,70641,9.7,13.55,Bajo,Riesgoso,Ahorrador
1444743,557689,193938,827765,155356,1497611,54505,100120,206723,177080,64847,14.31,12.26,Bajo,Riesgoso,Ahorrador
958456,669130,212152,1174734,133674,954481,72306,83881,161004,406550,26494,16.8,42.42,Bajo,Riesgoso,Ahorrador
1770051,641817,210111,1011310,159939,1001386,46771,44366,302997,708604,60703,17.12,40.03,Medio Bajo,Riesgoso,Ahorrador
2150078,503308,208608,967939,129296,561151,43612,73987,270054,359735,32648,12.56,16.73,Medio Bajo,Riesgoso,Ahorrador
1808100,664343,233773,844060,151630,1330876,44273,93054,309962,271007,44274,17.14,14.99,Medio Bajo,Riesgoso,Ahorrador
2829878,584112,228169,978936,173859,1212329,65515,40184,428309,499792,39850,15.14,17.66,Medio Bajo,Riesgoso,Ahorrador
2163073,660977,186653,828380,152675,665651,34393,42690,312659,600502,35046,14.45,27.76,Medio Bajo,Riesgoso,Ahorrador
2280015,517046,237665,978558,127507,1076193,46737,61606,223701,557572,42486,9.81,24.45,Medio Bajo,Riesgoso,Ahorrador
2293059,695042,170898,910588,172866,1371205,44441,50274,371926,413606,39693,16.22,18.04,Medio Bajo,Riesgoso,Ahorrador
2442023,500687,181755,825250,179994,681127,69726,69588,312733,260429,65754,12.81,10.66,Medio Bajo,Riesgoso,Ahorrador
1969602,516467,185055,1014426,139323,547749,53190,64464,347932,535125,32486,17.67,27.17,Medio Bajo,Riesgoso,Ahorrador
1672341,560301,183936,885563,165633,1181872,49321,88228,215874,646555,73538,12.91,38.66,Medio Bajo,Riesgoso,Ahorrador
1849004,519475,230210,915080,142313,1345458,32022,91878,295116,862278,49072,15.96,46.63,Medio Bajo,Riesgoso,Ahorrador
1777489,697298,194705,889988,136682,1404238,47858,87656,291634,487091,67779,16.41,27.4,Medio Bajo,Riesgoso,Ahorrador
1801847,668780,168556,1192336,174309,1485977,63993,52436,273905,859292,28154,15.2,47.69,Medio Bajo,Riesgoso,Ahorrador
1703424,676482,206306,863587,150588,1058194,37490,70122,256980,272241,50630,15.09,15.98,Medio Bajo,Riesgoso,Ahorrador
1964998,683999,180202,852742,120009,928634,54584,74514,321584,785833,72424,16.37,39.99,Medio Bajo,Riesgoso,Ahorrador
2034479,579647,225569,1062106,162802,1159171,57974,75847,349673,953680,69863,17.19,46.88,Medio Bajo,Riesgoso,Ahorrador
2464711,622083,200785,855836,129981,1008552,49685,44220,378135,444242,57305,15.34,18.02,Medio Bajo,Riesgoso,Ahorrador
2142809,603809,201692,972187,157058,1006591,41974,60158,289228,1016796,57005,13.5,47.45,Medio Bajo,Riesgoso,Ahorrador
2000061,712144,216133,1100267,126754,1193205,51150,66673,358490,945265,58552,17.92,47.26,Medio Bajo,Riesgoso,Ahorrador
2595486,490743,168273,931237,172477,513793,45032,83423,352276,632243,36085,13.57,24.36,Medio Bajo,Riesgoso,Ahorrador
1846305,617306,193465,1022194,178065,723747,61381,52704,327322,524127,25162,17.73,28.39,Medio Bajo,Riesgoso,Ahorrador
2526866,570904,191567,908310,152604,777944,28728,111089,374630,286652,36036,14.83,11.34,Medio Bajo,Riesgoso,Ahorrador
2408420,483817,164892,1137209,170901,1315762,71154,106186,414988,647248,40999,17.23,26.87,Medio Bajo,Riesgoso,Ahorrador
2825458,680020,208373,1044308,141883,1333439,71865,79153,358658,435319,63383,12.69,15.41,Medio Bajo,Riesgoso,Ahorrador
2240931,504112,181061,1154193,130273,666065,52476,102626,326781,453581,50221,14.58,20.24,Medio Bajo,Riesgoso,Ahorrador
2211243,683709,231038,890602,137292,1290140,43357,99867,307063,574494,62077,13.89,25.98,Medio Bajo,Riesgoso,Ahorrador
2223984,564237,182235,868216,161782,860131,66394,41224,289297,849459,36058,13.01,38.2,Medio Bajo,Riesgoso,Ahorrador
1971894,676589,212837,1057242,178065,869766,32851,65427,250789,351374,43802,12.72,17.82,Medio Bajo,Riesgoso,Ahorrador
2042633,604470,160324,859218,147436,1250387,62115,66317,297101,525116,37166,14.55,25.71,Medio Bajo,Riesgoso,Ahorrador
2444117,570050,226845,1144110,129470,836092,59195,103175,401316,245242,69131,16.42,10.03,Medio Bajo,Riesgoso,Ahorrador
2491046,656204,208187,1119705,146358,910266,56928,81933,240709,917010,59892,9.66,36.81,Medio Bajo,Riesgoso,Ahorrador
2686780,568287,239093,1032364,140563,692218,30756,37511,406051,444576,69318,15.11,16.55,Medio Bajo,Riesgoso,Ahorrador
2797809,489833,177999,893943,156924,1061486,46657,49558,293850,623144,53686,10.5,22.27,Medio Bajo,Riesgoso,Ahorrador
1923946,693888,196089,1120729,121460,969730,38705,97266,210428,552910,43641,10.94,28.74,Medio Bajo,Riesgoso,Ahorrador
1751546,524694,214747,923471,136878,676671,54028,55947,255746,742332,68271,14.6,42.38,Medio Bajo,Riesgoso,Ahorrador
1841335,502925,182383,1089353,138852,1400145,65806,112286,222934,446248,52667,12.11,24.24,Medio Bajo,Riesgoso,Ahorrador
2220061,616069,208344,1184021,126023,1357549,32918,103312,220772,867228,27681,9.94,39.06,Medio Bajo,Riesgoso,Ahorrador
2369534,588064,198703,935114,176618,809989,59501,46055,242196,624799,70678,10.22,26.37,Medio Bajo,Riesgoso,Ahorrador
1916817,609611,160321,862840,174321,1156420,51811,101888,213850,254317,55652,11.16,13.27,Medio Bajo,Riesgoso,Ahorrador
1970330,633079,198866,1099215,123716,1223267,47484,75826,350975,834772,59844,17.81,42.37,Medio Bajo,Riesgoso,Ahorrador
1664976,542799,160566,848774,150259,1261265,64523,95960,261384,207830,43632,15.7,12.48,Medio Bajo,Riesgoso,Ahorrador
1658932,559979,162152,802472,147722,915032,48709,108588,252832,264183,38749,15.24,15.92,Medio Bajo,Riesgoso,Ahorrador
1765567,655969,235505,1162404,134840,1408316,32751,45105,227842,272024,32436,12.9,15.41,Medio Bajo,Riesgoso,Ahorrador
2381224,681449,215624,1032861,179086,997250,33952,55653,232961,566447,46283,9.78,23.79,Medio Bajo,Riesgoso,Ahorrador
1794082,651529,190010,1024238,157794,1171011,32062,64867,301018,180466,27635,16.78,10.06,Medio Bajo,Riesgoso,Ahorrador
2769379,522202,190036,1173707,127677,1242396,56654,54715,381511,1324810,26919,13.78,47.84,Medio Bajo,Riesgoso,Ahorrador
2540852,543608,239789,1033848,152907,1389797,39786,56946,393589,1150665,44751,15.49,45.29,Medio Bajo,Riesgoso,Ahorrador
2810006,700395,226825,1130210,150753,951595,60376,42190,379305,1274232,53180,13.5,45.35,Medio Bajo,Riesgoso,Ahorrador
2738455,625895,172731,877160,162953,1083030,50264,66360,352645,657299,28233,12.88,24.0,Medio Bajo,Riesgoso,Ahorrador
1963533,640721,213728,1007404,135559,813038,65076,50664,327511,462282,47091,16.68,23.54,Medio Bajo,Riesgoso,Ahorrador
1935102,586569,189817,1118992,168840,694094,63963,66302,246091,447514,57504,12.72,23.13,Medio Bajo,Riesgoso,Ahorrador
2648773,553745,216757,958466,150868,975155,45659,54723,401977,759242,58696,15.18,28.66,Medio Bajo,Riesgoso,Ahorrador
2924327,490698,224304,826160,155631,580638,38691,52516,322504,396136,32401,11.03,13.55,Medio,Riesgoso,Ahorrador
3379080,526913,197947,969219,122576,1479551,36711,45067,575438,1399499,36996,17.03,41.42,Medio,Riesgoso,Ahorrador
3968013,578684,196026,1082545,168662,1235832,29127,43225,660034,1582881,65356,16.63,39.89,Medio,Riesgoso,Ahorrador
3548866,711785,165296,868322,159875,1447363,62179,47160,624294,1051890,42965,17.59,29.64,Medio,Riesgoso,Ahorrador
3810405,599977,195216,872769,129288,1258438,52419,88325,617955,828194,41289,16.22,21.74,Medio,Riesgoso,Ahorrador
3272026,530313,193800,1097337,142131,848411,35536,91791,569616,927178,37486,17.41,28.34,Medio,Riesgoso,Ahorrador
3988271,613394,223020,1092491,174787,1048722,47507,93052,393966,1004428,31281,9.88,25.18,Medio,Riesgoso,Ahorrador
3934555,490589,194167,1046381,137154,1059273,51427,51845,688220,1491387,46414,17.49,37.9,Medio,Riesgoso,Ahorrador
3689749,495250,205175,1165229,162862,1016806,52222,91320,548789,1644255,61802,14.87,44.56,Medio,Riesgoso,Ahorrador
2991998,606604,228599,1193174,169415,1326130,42877,86596,369003,536537,73583,12.33,17.93,Medio,Riesgoso,Ahorrador
2941153,492499,227537,950688,153378,1200073,58494,109149,391452,752525,59857,13.31,25.59,Medio,Riesgoso,Ahorrador
3923716,547176,189006,1180063,154229,1201464,52725,73918,617040,875637,34682,15.73,22.32,Medio,Riesgoso,Ahorrador
3029427,572710,217958,848094,141411,574608,36592,68413,373428,255338,27555,12.33,8.43,Medio,Riesgoso,Ahorrador
3849986,530726,200590,1138002,163654,985954,34655,65137,474715,1249486,58830,12.33,32.45,Medio,Riesgoso,Ahorrador
3121931,706169,220794,800683,131818,931599,26593,100373,365325,1456107,51875,11.7,46.64,Medio,Riesgoso,Ahorrador
2941279,516466,208335,914429,177608,1353562,56553,65112,453220,382862,61554,15.41,13.02,Medio,Riesgoso,Ahorrador
2911382,702554,229229,1090179,164826,1484124,32089,106680,287979,999282,45899,9.89,34.32,Medio,Riesgoso,Ahorrador
3430864,613411,205345,983872,138473,1497154,49232,90667,370266,1559290,38108,10.79,45.45,Medio,Riesgoso,Ahorrador
3920806,674924,231578,932187,162716,1181111,38339,39108,616537,1519360,53075,15.72,38.75,Medio,Riesgoso,Ahorrador
2939243,693628,160089,965922,128366,886434,47229,99957,404777,521423,27301,13.77,17.74,Medio,Riesgoso,Ahorrador
2947903,629367,165480,1026604,165033,625868,47090,98182,475230,822405,67068,16.12,27.9,Medio,Riesgoso,Ahorrador
3535947,606268,216156,909374,172033,668970,50858,74099,620601,431716,46703,17.55,12.21,Medio,Riesgoso,Ahorrador
3472181,708953,218182,890782,159273,781177,46471,60550,333768,837537,38610,9.61,24.12,Medio,Riesgoso,Ahorrador
3518920,528754,176447,1145831,178579,1262035,74815,103795,401122,1119578,48243,11.4,31.82,Medio,Riesgoso,Ahorrador
3831207,713790,213656,824913,137697,1342442,62227,84762,681727,1009556,58627,17.79,26.35,Medio,Riesgoso,Ahorrador
2993669,707347,167934,885947,175784,591334,36733,86262,348531,987055,27695,11.64,32.97,Medio,Riesgoso,Ahorrador
3344393,593777,201425,1053520,175672,1347497,42861,54071,380244,420030,34173,11.37,12.56,Medio,Riesgoso,Ahorrador
3040559,502859,219781,1072634,164793,992919,50431,104232,297291,579350,63035,9.78,19.05,Medio,Riesgoso,Ahorrador
3860154,504509,173945,841618,150510,577218,39292,45989,678561,1172541,25669,17.58,30.38,Medio,Riesgoso,Ahorrador
4061861,680926,171665,895037,174848,1322392,69238,66385,727658,1912127,61000,17.91,47.08,Medio,Riesgoso,Ahorrador
3089703,517902,236458,876629,157411,1143257,52620,40736,397804,493161,25029,12.88,15.96,Medio,Riesgoso,Ahorrador
3676736,672923,207088,1034221,175731,1315490,44435,89043,390442,1068651,50102,10.62,29.07,Medio,Riesgoso,Ahorrador
3993897,495335,182976,801637,135076,1193421,54713,93958,465406,1817470,71816,11.65,45.51,Medio,Riesgoso,Ahorrador
3288361,543212,175537,843462,123508,1441908,26725,59149,375938,522921,47312,11.43,15.9,Medio,Riesgoso,Ahorrador
3788784,704220,162453,887960,137050,1432993,56704,94664,471122,338829,71189,12.43,8.94,Medio,Riesgoso,Ahorrador
3977231,484204,166115,996085,161943,1206750,46036,88272,511124,1845626,72520,12.85,46.4,Medio,Riesgoso,Ahorrador
3594744,595296,221696,973051,137233,1044627,35440,109647,572505,1710672,37931,15.93,47.59,Medio,Riesgoso,Ahorrador
2933826,563696,203575,1174938,122225,1336095,46179,72647,399614,891306,33619,13.62,30.38,Medio,Riesgoso,Ahorrador
3666996,706353,231400,1073323,147724,622421,58176,50866,354188,1050089,34864,9.66,28.64,Medio,Riesgoso,Ahorrador
3246755,714955,187471,804374,165948,1060455,65702,70102,523505,483925,30540,16.12,14.9,Medio,Riesgoso,Ahorrador
3329627,503263,219214,936675,175900,630661,70704,109961,596980,1574228,38181,17.93,47.28,Medio,Riesgoso,Ahorrador
3275496,590977,188037,841093,149129,1046768,47492,40449,479776,882563,69241,14.65,26.94,Medio,Riesgoso,Ahorrador
3469708,511362,162233,859223,128746,728071,26038,43423,445882,811101,37464,12.85,23.38,Medio,Riesgoso,Ahorrador
3350346,524021,167883,968672,178813,1350166,34256,41690,456159,1531530,55337,13.62,45.71,Medio,Riesgoso,Ahorrador
3694073,604031,176308,901523,161385,1113054,26263,79732,457119,305742,52947,12.37,8.28,Medio,Riesgoso,Ahorrador
3423851,541241,188981,881257,161662,1395352,52947,87373,491384,859374,51141,14.35,25.1,Medio,Riesgoso,Ahorrador
3506280,533968,208283,955487,167273,796687,53264,95310,354215,410229,44354,10.1,11.7,Medio,Riesgoso,Ahorrador
3716686,699995,190696,1017477,179680,821255,47595,94335,527895,613294,32765,14.2,16.5,Medio,Riesgoso,Ahorrador
3573747,606020,216637,1042332,172569,762353,29978,52634,451235,1713076,58312,12.63,47.94,Medio,Riesgoso,Ahorrador
3057797,485983,191378,1092650,166832,1090116,73465,50181,394998,1053378,73461,12.92,34.45,Medio,Riesgoso,Ahorrador
3794985,588224,223379,1121487,153411,1402356,30265,80662,607596,1275562,47573,16.01,33.61,Medio,Riesgoso,Ahorrador
3161986,598411,231717,1024955,169170,898814,62337,69305,509024,1188888,34108,16.1,37.6,Medio,Riesgoso,Ahorrador
4770871,570444,172614,1124169,176852,1488826,38787,86784,817973,564336,67276,17.15,11.83,Medio Alto,Riesgoso,Ahorrador
4313294,572328,197582,1080530,140344,783526,52269,90674,455363,2050007,59770,10.56,47.53,Medio Alto,Riesgoso,Ahorrador
4707524,540556,229302,1027487,148562,1258852,56969,90617,631560,1201903,28947,13.42,25.53,Medio Alto,Riesgoso,Ahorrador
4331400,592354,229020,1118438,135454,1086204,60802,55712,454134,552810,60665,10.48,12.76,Medio Alto,Riesgoso,Ahorrador
4306087,492919,236306,1167459,145009,968758,51880,96231,735196,1866258,51618,17.07,43.34,Medio Alto,Riesgoso,Ahorrador
4586948,687858,183718,808224,124319,807947,51983,100065,679192,854577,73515,14.81,18.63,Medio Alto,Riesgoso,Ahorrador
4773984,582647,213254,914644,140272,1362543,33949,57111,791598,1459362,67671,16.58,30.57,Medio Alto,Riesgoso,Ahorrador
4099205,535707,170973,1068170,140151,606299,59398,93768,523441,1335405,70623,12.77,32.58,Medio Alto,Riesgoso,Ahorrador
4792719,618713,237222,841717,168708,695868,47781,98598,656557,1062511,37860,13.7,22.17,Medio Alto,Riesgoso,Ahorrador
5258801,513031,191618,1010644,121425,989284,33692,81121,530056,2269384,63373,10.08,43.15,Medio Alto,Riesgoso,Ahorrador
4971827,694335,216289,864395,173879,1481223,37793,92335,779022,1548944,60552,15.67,31.15,Medio Alto,Riesgoso,Ahorrador
5041026,584742,179862,1053560,121200,1412827,55832,52398,820993,1859750,31315,16.29,36.89,Medio Alto,Riesgoso,Ahorrador
4872261,523215,227488,948934,122751,1354705,66680,91295,726132,1829019,48764,14.9,37.54,Medio Alto,Riesgoso,Ahorrador
4740675,497201,219880,1017503,168803,752994,32026,50919,610456,810430,42499,12.88,17.1,Medio Alto,Riesgoso,Ahorrador
4220946,695269,193733,985068,146291,967429,35236,93301,467486,1127349,57585,11.08,26.71,Medio Alto,Riesgoso,Ahorrador
4263801,696241,239042,1010056,142201,777283,72324,87597,529217,1778589,33162,12.41,41.71,Medio Alto,Riesgoso,Ahorrador
4831108,520525,198712,829023,162311,735180,65177,69859,548659,665169,37776,11.36,13.77,Medio Alto,Riesgoso,Ahorrador
4880154,529788,206899,1026823,130325,691186,63297,108389,588884,1703699,49492,12.07,34.91,Medio Alto,Riesgoso,Ahorrador
5085538,544069,219448,1072192,140666,868376,74345,51403,548833,1528497,36754,10.79,30.06,Medio Alto,Riesgoso,Ahorrador
5158634,691578,234865,1113821,124074,743354,61075,41947,764357,2197957,47251,14.82,42.61,Medio Alto,Riesgoso,Ahorrador
4536021,681146,201013,959442,165906,905974,31769,40192,600159,1947699,69176,13.23,42.94,Medio Alto,Riesgoso,Ahorrador
4372226,710935,207714,934761,135270,1378364,42782,42431,774258,990524,69076,17.71,22.65,Medio Alto,Riesgoso,Ahorrador
5285100,514149,221459,896979,147719,765742,64435,54537,709949,555218,25587,13.43,10.51,Medio Alto,Riesgoso,Ahorrador
4536101,584884,183891,937580,160616,1049499,57719,111527,789480,1880002,38123,17.4,41.45,Medio Alto,Riesgoso,Ahorrador
4132547,536024,165384,1110525,139024,1233923,43892,42597,426355,1640421,46553,10.32,39.7,Medio Alto,Riesgoso,Ahorrador
4390703,619342,181704,962717,169406,805803,63194,66143,599953,930077,45973,13.66,21.18,Medio Alto,Riesgoso,Ahorrador
5090055,648104,237567,999373,122127,767528,46161,101073,651896,1494428,47547,12.81,29.36,Medio Alto,Riesgoso,Ahorrador
5118450,655940,238872,1071430,176128,928362,30618,107481,541867,2114536,26161,10.59,41.31,Medio Alto,Riesgoso,Ahorrador
4871039,610174,162056,807973,158827,1275627,73085,65958,607249,824179,74171,12.47,16.92,Medio Alto,Riesgoso,Ahorrador
5113555,607665,163022,870525,171778,963755,71490,52687,762791,1130041,64168,14.92,22.1,Medio Alto,Riesgoso,Ahorrador
5135224,658856,226486,991466,121829,1158624,39263,61744,896069,2365612,61596,17.45,46.07,Medio Alto,Riesgoso,Ahorrador
4631410,559596,167948,923764,148074,799185,58260,97764,541023,645661,34065,11.68,13.94,Medio Alto,Riesgoso,Ahorrador
4367386,699443,236728,1186823,161017,1059331,48444,93628,652478,963887,60888,14.94,22.07,Medio Alto,Riesgoso,Ahorrador
4899501,514589,165582,811004,164612,1259688,54184,53614,704087,1009919,31492,14.37,20.61,Medio Alto,Riesgoso,Ahorrador
4095867,707208,163129,803421,139004,1073258,29313,45628,653269,1713977,47125,15.95,41.85,Medio Alto,Riesgoso,Ahorrador
4661058,516555,220041,1129199,151981,1126973,39266,61085,709298,1312724,41989,15.22,28.16,Medio Alto,Riesgoso,Ahorrador
4747763,590847,184818,856121,145759,1051040,67594,84336,540062,1499161,45406,11.38,31.58,Medio Alto,Riesgoso,Ahorrador
4898829,537466,177605,808517,129763,906520,25064,54680,755137,2236271,71052,15.41,45.65,Medio Alto,Riesgoso,Ahorrador
4687220,687987,177534,860973,155863,1271769,65145,80407,636896,1972205,48893,13.59,42.08,Medio Alto,Riesgoso,Ahorrador
4944969,515038,179879,1069249,120844,774330,63433,64381,591525,1665039,50754,11.96,33.67,Medio Alto,Riesgoso,Ahorrador
5071719,544508,203319,878799,167201,720349,67569,43300,723136,1654078,59636,14.26,32.61,Medio Alto,Riesgoso,Ahorrador
4923605,651011,235828,1159917,138667,1185447,59048,62064,848571,1731492,41945,17.23,35.17,Medio Alto,Riesgoso,Ahorrador
4536602,653867,162661,1030293,123445,1009423,34609,100415,522988,506132,53193,11.53,11.16,Medio Alto,Riesgoso,Ahorrador
4233150,616820,215751,1160466,155591,987839,51146,65379,752385,1290744,65961,17.77,30.49,Medio Alto,Riesgoso,Ahorrador
4193803,641213,228524,1112915,148200,748347,49446,60294,656045,1484434,73504,15.64,35.4,Medio Alto,Riesgoso,Ahorrador
5097645,538531,215740,802326,131782,508394,42002,76772,728955,477413,30168,14.3,9.37,Medio Alto,Riesgoso,Ahorrador
4669919,585849,179614,987985,123034,697748,44650,47192,690608,1512932,55503,14.79,32.4,Medio Alto,Riesgoso,Ahorrador
4358644,505859,166610,855024,129466,676785,73293,63777,544651,1224993,69891,12.5,28.1,Medio Alto,Riesgoso,Ahorrador
4121213,580990,209267,1160508,177008,759984,55075,86525,680491,705236,61904,16.51,17.11,Medio Alto,Riesgoso,Ahorrador
5116512,709553,229644,949435,131793,650608,66669,59891,900671,1926724,61742,17.6,37.66,Medio Alto,Riesgoso,Ahorrador
5070420,490802,185352,827685,159111,888242,62968,68497,846301,502847,26186,16.69,9.92,Medio Alto,Riesgoso,Ahorrador
5111342,553318,180848,1157542,163379,610428,50394,56923,521510,1276574,72926,10.2,24.98,Medio Alto,Riesgoso,Ahorrador
5908861,602752,181143,910875,150973,516514,50271,44804,1015634,2797163,28304,17.19,47.34,Alto,Riesgoso,Ahorrador
5901537,579425,217112,1000240,151697,791883,67923,111052,569470,2122085,44947,9.65,35.96,Alto,Riesgoso,Ahorrador
6079377,488249,185524,1140310,131925,928657,34506,108521,763973,1949258,74863,12.57,32.06,Alto,Riesgoso,Ahorrador
6237776,541547,237141,946391,168773,1172987,61716,49105,1102911,1744781,68265,17.68,27.97,Alto,Riesgoso,Ahorrador
5642851,714257,187825,815060,137354,1099844,43415,92214,797416,1929936,35752,14.13,34.2,Alto,Riesgoso,Ahorrador
6266460,682243,182849,1025085,139611,1271930,52065,50863,671972,771423,65504,10.72,12.31,Alto,Riesgoso,Ahorrador
5620814,491216,182612,1149362,129599,1361270,65778,63153,966484,2612480,41360,17.19,46.48,Alto,Riesgoso,Ahorrador
6212176,638909,234374,1080443,166492,1166113,63671,100333,598167,1583869,68356,9.63,25.5,Alto,Riesgoso,Ahorrador
6094794,563488,211102,1126671,163112,1451028,69046,98307,702241,1953304,57298,11.52,32.05,Alto,Riesgoso,Ahorrador
5869484,590246,198394,1164455,170574,607052,72736,100618,729843,2603880,25068,12.43,44.36,Alto,Riesgoso,Ahorrador
6280068,611341,206030,1049348,176269,650408,60079,47031,1019655,2733054,47271,16.24,43.52,Alto,Riesgoso,Ahorrador
5885340,719131,179296,953001,146990,791659,35456,92769,649510,538140,71023,11.04,9.14,Alto,Riesgoso,Ahorrador
5794694,667538,224781,859060,151351,1430374,53806,45452,725515,2460881,66281,12.52,42.47,Alto,Riesgoso,Ahorrador
5654597,505774,211062,827337,156359,1489042,53835,108351,934128,2447176,45591,16.52,43.28,Alto,Riesgoso,Ahorrador
6248852,607294,203978,1199998,170743,1087951,50903,80920,628276,1753018,36387,10.05,28.05,Alto,Riesgoso,Ahorrador
6028351,539570,189155,1103678,131137,610258,49205,104541,997127,1688764,40801,16.54,28.01,Alto,Riesgoso,Ahorrador
5691123,539532,173001,819553,148034,952593,70451,92317,680254,512849,36378,11.95,9.01,Alto,Riesgoso,Ahorrador
5361350,644243,211747,1110054,176572,1207453,46587,51370,837222,2453153,47324,15.62,45.76,Alto,Riesgoso,Ahorrador
5466990,490817,199132,1039693,167648,720859,74602,105993,729707,971098,74820,13.35,17.76,Alto,Riesgoso,Ahorrador
5391258,650232,230300,1085918,167508,1249574,50525,77612,735788,1307597,54137,13.65,24.25,Alto,Riesgoso,Ahorrador
6126840,672272,211335,1114463,172467,1152706,46129,91554,980230,524906,66187,16.0,8.57,Alto,Riesgoso,Ahorrador
5910243,597919,217386,1085662,125499,1067413,27086,108993,1060136,840814,29523,17.94,14.23,Alto,Riesgoso,Ahorrador
5450904,572602,185487,1006778,153131,1454810,29033,58239,673844,1166974,58227,12.36,21.41,Alto,Riesgoso,Ahorrador
5371346,482127,222011,1116253,130173,1228702,35086,104035,715025,2221477,48596,13.31,41.36,Alto,Riesgoso,Ahorrador
5635840,642750,163878,1110904,159114,1364988,44052,62030,897743,676979,33013,15.93,12.01,Alto,Riesgoso,Ahorrador
6050216,643093,213111,865347,175313,672881,73612,63419,1009638,612653,62124,16.69,10.13,Alto,Riesgoso,Ahorrador
6377838,617005,171533,1021318,149197,751306,63755,59671,664847,2297020,30250,10.42,36.02,Alto,Riesgoso,Ahorrador
6180647,501254,227893,1048940,122406,885555,68968,77514,661526,2237658,49144,10.7,36.2,Alto,Riesgoso,Ahorrador
5688263,481832,229513,1065521,156690,925363,72064,41116,595867,1123052,71886,10.48,19.74,Alto,Riesgoso,Ahorrador
5835689,577941,234717,938306,153096,1198086,28757,105386,956738,2778587,60210,16.39,47.61,Alto,Riesgoso,Ahorrador
5852976,496509,239886,885835,161656,1446876,44355,49168,853023,1551528,72060,14.57,26.51,Alto,Riesgoso,Ahorrador
5452208,599940,161549,1030287,171510,1392435,36786,111885,923804,711095,32153,16.94,13.04,Alto,Riesgoso,Ahorrador
6041324,663052,236647,1139803,136230,1377949,62660,54611,1032220,2080818,28210,17.09,34.44,Alto,Riesgoso,Ahorrador
5999069,658056,172846,1195880,128200,663051,52232,45654,609613,1527987,53254,10.16,25.47,Alto,Riesgoso,Ahorrador
6052811,531981,175088,804937,174350,1278475,45346,53317,759649,1207994,33489,12.55,19.96,Alto,Riesgoso,Ahorrador
6014596,535482,235661,841089,165836,1367009,29110,69896,688482,1068815,52182,11.45,17.77,Alto,Riesgoso,Ahorrador
5835444,691343,167046,810103,165107,1320884,28679,109280,1044311,2484044,28672,17.9,42.57,Alto,Riesgoso,Ahorrador
5891100,491854,235044,1096481,122537,982192,72029,70213,815766,868817,54225,13.85,14.75,Alto,Riesgoso,Ahorrador
5574543,526627,194186,1013374,121134,1171769,36358,53325,646789,1988978,53129,11.6,35.68,Alto,Riesgoso,Ahorrador
5337054,703540,165928,1074266,138322,1394244,46506,60389,718784,2047985,48719,13.47,38.37,Alto,Riesgoso,Ahorrador
5355647,539061,191335,1162004,173140,653627,63682,105286,643523,2323270,43134,12.02,43.38,Alto,Riesgoso,Ahorrador
5778144,680177,170089,924490,178653,839878,51934,83680,698265,493120,38519,12.08,8.53,Alto,Riesgoso,Ahorrador
5558748,508043,207769,1093838,129586,1170589,48328,72822,545992,1761541,69151,9.82,31.69,Alto,Riesgoso,Ahorrador
5476231,499127,205612,1083856,126525,1259560,73301,65540,644080,2564141,35625,11.76,46.82,Alto,Riesgoso,Ahorrador
5890440,620046,228398,824736,144853,987885,65317,55385,567006,1013636,27656,9.63,17.21,Alto,Riesgoso,Ahorrador
5946418,606752,223756,869787,130402,856872,56782,78022,1029965,1858468,33048,17.32,31.25,Alto,Riesgoso,Ahorrador
5413894,633838,237092,1005416,176303,591325,65193,80997,546193,1098380,49928,10.09,20.29,Alto,Riesgoso,Ahorrador
6044001,548996,162616,1039134,168383,546707,45904,92996,1041210,2038059,62543,17.23,33.72,Alto,Riesgoso,Ahorrador
6345904,554467,193194,871727,135524,894251,73133,67651,695999,615340,48697,10.97,9.7,Alto,Riesgoso,Ahorrador
6333903,645124,193619,1026982,159245,811262,53189,88596,1104728,2677819,54600,17.44,42.28,Alto,Riesgoso,Ahorrador
6436907,515962,162110,889140,177535,580636,44437,70780,896220,2170928,25431,13.92,33.73,Alto,Riesgoso,Ahorrador
5675792,492311,239307,1143707,143658,863094,64318,109552,578512,1312802,50115,10.19,23.13,Alto,Riesgoso,Ahorrador
6940492,517645,236938,892749,169751,536976,53923,72680,998218,1706590,32727,14.38,24.59,Muy alto,Riesgoso,Ahorrador
8812001,622597,204958,975182,121844,949016,38432,110299,1436917,3947132,35911,16.31,44.79,Muy alto,Riesgoso,Ahorrador
6720573,522828,231275,923566,164283,1041295,60781,49931,1176783,3071626,27547,17.51,45.7,Muy alto,Riesgoso,Ahorrador
7704850,535618,173899,912725,158703,1244575,48506,94929,1063047,3152244,27313,13.8,40.91,Muy alto,Riesgoso,Ahorrador
7922275,499635,224530,992440,139493,1265695,69008,67351,948975,3440801,31072,11.98,43.43,Muy alto,Riesgoso,Ahorrador
6717250,683535,230085,868592,149971,916489,58085,92611,699172,2018632,50850,10.41,30.05,Muy alto,Riesgoso,Ahorrador
6700337,482941,186692,921578,170503,501999,61693,82799,703907,1237713,31150,10.51,18.47,Muy alto,Riesgoso,Ahorrador
6801979,565585,213596,984935,144910,1404689,33849,67601,1068001,1188035,27328,15.7,17.47,Muy alto,Riesgoso,Ahorrador
7096900,630379,228851,806986,122098,1152851,30343,37670,1224027,2688572,38467,17.25,37.88,Muy alto,Riesgoso,Ahorrador
8134452,677188,190110,1001663,148186,1310440,71407,91661,1095063,898802,35280,13.46,11.05,Muy alto,Riesgoso,Ahorrador
7342534,673239,163570,961493,126759,1477875,60594,73650,858690,2607162,25201,11.69,35.51,Muy alto,Riesgoso,Ahorrador
8068119,658552,176567,814983,141760,998162,53850,68229,887755,2476936,61561,11.0,30.7,Muy alto,Riesgoso,Ahorrador
9902527,545196,218130,1185168,128927,961837,74690,77148,1657014,1486583,66631,16.73,15.01,Muy alto,Riesgoso,Ahorrador
7108154,526314,165845,1028718,173806,1161694,59444,69085,1043817,2555441,39416,14.68,35.95,Muy alto,Riesgoso,Ahorrador
8857089,579769,196186,1107020,120037,688318,59588,63775,1528325,2189393,26825,17.26,24.72,Muy alto,Riesgoso,Ahorrador
8816842,667341,176139,1133999,165355,530836,65794,66121,1582763,2744072,64660,17.95,31.12,Muy alto,Riesgoso,Ahorrador
8424155,555848,218132,1190832,148128,997389,37709,100892,873826,3103597,50666,10.37,36.84,Muy alto,Riesgoso,Ahorrador
9450044,609095,175986,1170741,144797,731114,34087,72495,1606282,2267750,26387,17.0,24.0,Muy alto,Riesgoso,Ahorrador
8386327,611746,188638,1066167,175278,1148599,37809,70308,896415,2796631,36710,10.69,33.35,Muy alto,Riesgoso,Ahorrador
7696250,489714,204016,815504,141129,557832,69622,65947,1014451,2618816,44341,13.18,34.03,Muy alto,Riesgoso,Ahorrador
8491617,617681,207500,1000287,142775,948500,39964,81142,1185287,2757886,61362,13.96,32.48,Muy alto,Riesgoso,Ahorrador
7458714,486894,182271,930650,142919,501099,60494,63510,829870,1072037,63044,11.13,14.37,Muy alto,Riesgoso,Ahorrador
8882587,496869,221367,1108626,137265,567667,41526,59417,1526254,1193176,49518,17.18,13.43,Muy alto,Riesgoso,Ahorrador
8700807,603580,234025,939185,126815,1274245,57284,83210,1201836,3981627,50409,13.81,45.76,Muy alto,Riesgoso,Ahorrador
9102734,564239,198817,871276,143304,1188553,54044,38356,1579503,2566058,26432,17.35,28.19,Muy alto,Riesgoso,Ahorrador
6719491,643601,168305,844442,171931,1017603,41317,53871,770710,2422009,56315,11.47,36.04,Muy alto,Riesgoso,Ahorrador
6568399,650033,202856,951349,121549,1205097,52033,105400,883896,932580,62332,13.46,14.2,Muy alto,Riesgoso,Ahorrador
6726897,532389,191902,1176702,172122,1243245,31517,70243,710998,1750138,57979,10.57,26.02,Muy alto,Riesgoso,Ahorrador
9436963,545051,233715,1070938,160605,1331402,52815,78508,1666820,4057175,56784,17.66,42.99,Muy alto,Riesgoso,Ahorrador
7257892,651698,208897,1142184,167855,541880,52845,55667,1287768,1556390,49138,17.74,21.44,Muy alto,Riesgoso,Ahorrador
9773563,563557,234871,872949,175944,953952,71454,102227,1459036,4391505,30180,14.93,44.93,Muy alto,Riesgoso,Ahorrador
7071117,548336,216145,1185722,154223,764879,74635,80787,1012776,2273936,65424,14.32,32.16,Muy alto,Riesgoso,Ahorrador
9780956,503883,165239,854678,145429,949141,31944,67111,1030924,4269346,37564,10.54,43.65,Muy alto,Riesgoso,Ahorrador
9155935,680492,166374,807075,157096,1239559,49045,68172,1119776,1439763,60367,12.23,15.72,Muy alto,Riesgoso,Ahorrador
6847321,484287,207593,856075,143096,1433416,36379,95990,1068712,3198274,62339,15.61,46.71,Muy alto,Riesgoso,Ahorrador
8156804,644531,168648,1117302,163027,593300,27221,83855,929770,1889902,57015,11.4,23.17,Muy alto,Riesgoso,Ahorrador
9069678,584931,173398,1130403,148009,642913,66939,78965,1505008,3629535,44788,16.59,40.02,Muy alto,Riesgoso,Ahorrador
9729144,510581,191853,922557,164569,1213600,46953,39450,1690380,2007132,58878,17.37,20.63,Muy alto,Riesgoso,Ahorrador
8010119,570928,208741,1106451,137750,1124414,42582,93974,1229235,2885550,70245,15.35,36.02,Muy alto,Riesgoso,Ahorrador
6732182,589763,199258,810562,129153,1356027,41269,66546,906301,2830630,56967,13.46,42.05,Muy alto,Riesgoso,Ahorrador
8512741,483259,195143,927809,145770,634725,63005,98309,915794,3653630,41566,10.76,42.92,Muy alto,Riesgoso,Ahorrador
9670487,625034,237091,1010138,157343,1029857,28488,96392,1547203,2919315,28318,16.0,30.19,Muy alto,Riesgoso,Ahorrador
6971663,706541,226046,822642,120872,920119,34092,81108,994295,2500725,32992,14.26,35.87,Muy alto,Riesgoso,Ahorrador
7928889,636072,181426,1120488,158023,981354,40606,59846,1092083,2771060,38382,13.77,34.95,Muy alto,Riesgoso,Ahorrador
9688610,712964,174902,1113859,156276,1082474,61451,50334,1077489,2520991,40644,11.12,26.02,Muy alto,Riesgoso,Ahorrador
9587475,484963,199475,1008394,138627,1064764,59394,38503,1650903,4440227,28142,17.22,46.31,Muy alto,Riesgoso,Ahorrador
9681039,655468,232011,970464,175771,1219814,49347,79491,1025349,2088046,53635,10.59,21.57,Muy alto,Riesgoso,Ahorrador
8530987,657613,178898,1046924,135383,961960,31577,84717,1340593,1882409,47312,15.71,22.07,Muy alto,Riesgoso,Ahorrador
7064446,690505,186840,1003813,164775,1484410,51427,64644,1240923,2328628,56114,17.57,32.96,Muy alto,Riesgoso,Ahorrador
7382284,529090,164441,984662,177981,1393112,58623,74089,1200828,1068075,39018,16.27,14.47,Muy alto,Riesgoso,Ahorrador
7665639,541871,176409,822438,158994,867137,73415,100214,957975,1596539,61936,12.5,20.83,Muy alto,Riesgoso,Ahorrador
9879264,548330,184543,1125018,167006,1299412,49797,88617,1743083,3243637,46513,17.64,32.83,Muy alto,Riesgoso,Ahorrador
1540174,609219,162251,925333,126177,623817,104329,199584,119694,268002,118422,7.77,17.4,Bajo,Riesgoso,Gastador
1478701,513569,179262,926725,148927,1317294,184906,273560,155348,222979,91935,10.51,15.08,Bajo,Riesgoso,Gastador
979548,658483,198094,951882,135408,920671,137969,136336,116790,364117,204674,11.92,37.17,Bajo,Riesgoso,Gastador
1431682,715574,188320,809163,170886,646519,217227,123967,157520,298483,129395,11.0,20.85,Bajo,Riesgoso,Gastador
1342633,643996,196692,1042606,124656,764886,105255,215323,132732,327884,77502,9.89,24.42,Bajo,Riesgoso,Gastador
1351269,504567,223541,1192645,146724,1040545,113874,242513,92951,560941,215130,6.88,41.51,Bajo,Riesgoso,Gastador
1193699,514854,193093,1109861,160698,952060,222377,229781,91459,110502,165422,7.66,9.26,Bajo,Riesgoso,Gastador
1611894,651211,227251,1178413,149026,954204,205378,113975,121751,203732,175561,7.55,12.64,Bajo,Riesgoso,Gastador
836948,714396,228547,1143401,134026,542459,207429,206899,98428,258007,116964,11.76,30.83,Bajo,Riesgoso,Gastador
1400168,486942,191630,1004718,141394,518793,138999,133250,135453,432167,110958,9.67,30.87,Bajo,Riesgoso,Gastador
1192579,635025,212717,1056312,172371,679004,113933,281661,131418,555870,190401,11.02,46.61,Bajo,Riesgoso,Gastador
857052,610714,194356,1170914,121023,1322532,113654,291584,95726,164259,164722,11.17,19.17,Bajo,Riesgoso,Gastador
1473246,563880,193726,843788,132330,1075483,214918,269775,129174,445346,120607,8.77,30.23,Bajo,Riesgoso,Gastador
1551326,627309,193177,1135336,171993,695915,149167,326930,100385,475791,158404,6.47,30.67,Bajo,Riesgoso,Gastador
1599652,605885,196554,1105898,176146,1128866,77188,145759,159869,428668,144762,9.99,26.8,Bajo,Riesgoso,Gastador
912211,501556,185942,971216,176367,1391718,193098,336193,88169,139723,191652,9.67,15.32,Bajo,Riesgoso,Gastador
1274230,488035,192882,884629,163538,1098451,92514,301959,126680,414569,152654,9.94,32.53,Bajo,Riesgoso,Gastador
1421958,557939,215780,942710,162979,525826,144394,308161,103173,183397,150635,7.26,12.9,Bajo,Riesgoso,Gastador
1508217,703017,178655,862495,120485,1404668,189405,114622,166821,307899,207047,11.06,20.41,Bajo,Riesgoso,Gastador
1127250,687823,212233,828664,157126,1339467,172066,321624,116879,166064,136471,10.37,14.73,Bajo,Riesgoso,Gastador
1231227,492511,164598,868013,134697,1275873,153231,154104,103670,264399,133016,8.42,21.47,Bajo,Riesgoso,Gastador
922732,564000,172498,984955,121016,1439406,102459,185370,88142,206099,209930,9.55,22.34,Bajo,Riesgoso,Gastador
1293305,614323,216022,1065045,173813,506180,202861,174737,153991,421840,174050,11.91,32.62,Bajo,Riesgoso,Gastador
1570284,613579,182920,961827,146113,1413010,90222,165491,188315,532457,135958,11.99,33.91,Bajo,Riesgoso,Gastador
1060238,498246,209448,908045,152939,530064,93550,252689,87822,162585,190046,8.28,15.33,Bajo,Riesgoso,Gastador
1575810,584894,209471,1019692,139677,1430141,79201,312777,181536,366123,77730,11.52,23.23,Bajo,Riesgoso,Gastador
1535088,527929,231173,1074410,157935,1344203,177560,301431,128704,226128,199118,8.38,14.73,Bajo,Riesgoso,Gastador
997581,681954,181117,1075104,156854,1341875,188197,268016,112240,141275,150829,11.25,14.16,Bajo,Riesgoso,Gastador
1210457,569346,224842,1064640,149117,890050,92686,233935,118631,324256,222661,9.8,26.79,Bajo,Riesgoso,Gastador
864402,672277,238853,910486,122632,592103,124689,157154,78132,351315,150021,9.04,40.64,Bajo,Riesgoso,Gastador
846101,574556,213658,867023,138833,675585,147198,285767,75331,158880,195859,8.9,18.78,Bajo,Riesgoso,Gastador
999844,584747,233638,1047973,148662,1001928,96461,278702,81291,386574,208421,8.13,38.66,Bajo,Riesgoso,Gastador
1226507,558266,231191,844756,129090,1368720,101701,258521,108080,142995,144031,8.81,11.66,Bajo,Riesgoso,Gastador
1077940,686743,225196,891083,120220,869659,169861,188650,104142,364257,89896,9.66,33.79,Bajo,Riesgoso,Gastador
1315825,582164,218434,1018121,154179,838992,175077,275162,110421,524845,205328,8.39,39.89,Bajo,Riesgoso,Gastador
959580,710926,177012,854030,159362,799840,218584,189747,105794,350923,224101,11.03,36.57,Bajo,Riesgoso,Gastador
1574759,482628,171699,1101566,137830,853898,224249,172906,143319,132128,219904,9.1,8.39,Bajo,Riesgoso,Gastador
1169639,487793,179724,1114868,159736,1100658,81634,210739,108207,475985,165106,9.25,40.7,Bajo,Riesgoso,Gastador
1553270,674201,228520,1177286,171060,1408521,88080,311747,157832,274686,81557,10.16,17.68,Bajo,Riesgoso,Gastador
1222100,583522,195741,1095752,124255,1297900,167023,223232,87584,511012,205577,7.17,41.81,Bajo,Riesgoso,Gastador
1509132,571864,203658,1003496,134695,1130165,218213,235545,163921,447636,76888,10.86,29.66,Bajo,Riesgoso,Gastador
1022862,638719,174104,958303,156020,664119,108641,269350,95915,368107,199212,9.38,35.99,Bajo,Riesgoso,Gastador
1609947,566561,198163,1138888,144087,1437931,125684,263738,177273,466749,154905,11.01,28.99,Bajo,Riesgoso,Gastador
1284434,633445,233754,962367,122898,1034113,109609,170505,99438,147846,94496,7.74,11.51,Bajo,Riesgoso,Gastador
1248210,603150,206880,854765,177611,1455820,139246,157222,148854,333884,97938,11.93,26.75,Bajo,Riesgoso,Gastador
1059363,629129,183002,914360,126716,1461678,136039,174957,113997,148795,123074,10.76,14.05,Bajo,Riesgoso,Gastador
837050,578307,196877,808636,156545,1179478,212672,264044,60046,187979,178066,7.17,22.46,Bajo,Riesgoso,Gastador
1187785,521220,202736,1180120,128021,1243098,158985,327016,115263,515650,148684,9.7,43.41,Bajo,Riesgoso,Gastador
1140136,483090,225963,1052417,137140,1101552,219037,195803,110717,170394,111085,9.71,14.95,Bajo,Riesgoso,Gastador
1130740,507884,172455,1059945,134408,873650,90350,291335,108954,95477,143717,9.64,8.44,Bajo,Riesgoso,Gastador
1450877,523766,164459,1093582,146100,580163,124960,246472,146530,690992,89252,10.1,47.63,Bajo,Riesgoso,Gastador
1211822,712301,207202,1090661,135788,1120613,202982,289412,132120,542968,169133,10.9,44.81,Bajo,Riesgoso,Gastador
2607224,487347,187285,1136365,120496,892707,112349,140369,188174,525537,186120,7.22,20.16,Medio Bajo,Riesgoso,Gastador
1641221,637520,184834,1073848,126679,1356845,179347,256985,163765,538469,89801,9.98,32.81,Medio Bajo,Riesgoso,Gastador
1708838,563138,165497,926387,133785,661296,85052,198080,200747,361111,166564,11.75,21.13,Medio Bajo,Riesgoso,Gastador
2740383,602873,183650,824692,161931,550643,138815,187434,254599,612233,194736,9.29,22.34,Medio Bajo,Riesgoso,Gastador
2228279,620645,224641,1077143,146070,1181287,126666,207419,264589,531794,90309,11.87,23.87,Medio Bajo,Riesgoso,Gastador
2837865,605916,190492,1022504,152227,712757,91682,331745,324778,431368,76570,11.44,15.2,Medio Bajo,Riesgoso,Gastador
2568243,637228,199617,1069795,177403,1291446,160260,255246,263676,1171637,141087,10.27,45.62,Medio Bajo,Riesgoso,Gastador
2539956,598966,238227,1063181,146693,1191102,122655,306643,193273,819694,105158,7.61,32.27,Medio Bajo,Riesgoso,Gastador
2036217,651548,210374,901155,170458,527481,164581,116317,189262,505058,118810,9.29,24.8,Medio Bajo,Riesgoso,Gastador
2551722,719082,175948,981770,126186,976665,139072,330580,294809,990145,203963,11.55,38.8,Medio Bajo,Riesgoso,Gastador
2436711,499609,174545,952898,138975,1293930,189160,166964,231880,970709,106281,9.52,39.84,Medio Bajo,Riesgoso,Gastador
1781442,572715,175504,1110311,150516,975173,112778,246568,130788,462191,132817,7.34,25.94,Medio Bajo,Riesgoso,Gastador
2420768,572508,213484,839375,145113,1391947,209589,157275,238145,912464,152771,9.84,37.69,Medio Bajo,Riesgoso,Gastador
2374772,697419,203794,1000916,127473,1065726,194968,272550,277879,750603,122795,11.7,31.61,Medio Bajo,Riesgoso,Gastador
2809235,662937,232891,1019922,124176,839229,84843,201803,324424,238596,205657,11.55,8.49,Medio Bajo,Riesgoso,Gastador
2344805,528071,160185,956728,179317,1011555,101235,242568,150903,189380,150022,6.44,8.08,Medio Bajo,Riesgoso,Gastador
2566411,719281,180598,896671,131482,526346,103676,157258,177555,475647,129067,6.92,18.53,Medio Bajo,Riesgoso,Gastador
2298051,644278,168983,871186,145359,773963,187179,261240,211825,774320,208954,9.22,33.69,Medio Bajo,Riesgoso,Gastador
2296957,689146,217154,921685,133700,878492,149640,142178,156810,1062511,103908,6.83,46.26,Medio Bajo,Riesgoso,Gastador
2176834,695409,194691,861348,158447,1278457,167205,272849,245277,533805,212246,11.27,24.52,Medio Bajo,Riesgoso,Gastador
2040752,717319,209585,1121870,123359,567333,119828,295331,140839,297422,98850,6.9,14.57,Medio Bajo,Riesgoso,Gastador
2287877,703738,202159,1065355,168408,798460,167201,201829,265187,397382,90165,11.59,17.37,Medio Bajo,Riesgoso,Gastador
1828587,576524,192388,940366,174360,1244369,147383,256629,169929,190660,152381,9.29,10.43,Medio Bajo,Riesgoso,Gastador
2400498,548676,227842,872923,143263,737017,176771,179363,206637,474105,120699,8.61,19.75,Medio Bajo,Riesgoso,Gastador
2115583,587288,216073,987419,148752,521163,136653,149177,152695,681067,126533,7.22,32.19,Medio Bajo,Riesgoso,Gastador
2302493,553158,194805,801522,141146,541528,127769,271288,162764,801060,150949,7.07,34.79,Medio Bajo,Riesgoso,Gastador
1744428,564273,219890,999342,172017,1332302,212295,195845,145805,406110,148952,8.36,23.28,Medio Bajo,Riesgoso,Gastador
2332088,482189,164827,1029389,144666,1273406,174308,251646,242025,1118807,89619,10.38,47.97,Medio Bajo,Riesgoso,Gastador
2516101,491079,178054,873170,144478,1269803,176008,168405,247414,852289,105386,9.83,33.87,Medio Bajo,Riesgoso,Gastador
2346636,658163,188547,901605,179151,617429,99382,244682,158845,488195,80315,6.77,20.8,Medio Bajo,Riesgoso,Gastador
2242370,629097,209251,1114360,120401,994488,224751,217148,264966,655108,177274,11.82,29.21,Medio Bajo,Riesgoso,Gastador
2808991,524920,193142,916811,175091,1348560,98490,240266,216491,986749,141663,7.71,35.13,Medio Bajo,Riesgoso,Gastador
1874911,541052,175479,1055953,140819,755789,93921,207649,134306,440839,156386,7.16,23.51,Medio Bajo,Riesgoso,Gastador
1802792,521142,167089,985963,143413,1079667,142643,127242,154520,508264,154470,8.57,28.19,Medio Bajo,Riesgoso,Gastador
2420136,509104,168089,919585,146865,539837,198811,310571,198290,1099715,101663,8.19,45.44,Medio Bajo,Riesgoso,Gastador
1790257,719527,203312,881149,127451,627453,176243,329852,117613,647643,144150,6.57,36.18,Medio Bajo,Riesgoso,Gastador
2551863,689575,204356,814075,176814,1229078,77400,203987,300669,741142,168572,11.78,29.04,Medio Bajo,Riesgoso,Gastador
2315960,484259,200050,1095359,164384,765609,193554,218878,181251,655435,82083,7.83,28.3,Medio Bajo,Riesgoso,Gastador
1714976,653383,168823,894720,158922,1088684,82421,336147,133988,314930,149033,7.81,18.36,Medio Bajo,Riesgoso,Gastador
1900929,588124,166692,1013721,158139,1453186,166480,179711,162387,297889,126607,8.54,15.67,Medio Bajo,Riesgoso,Gastador
1786642,647168,203562,982548,124149,574894,216095,187084,146808,556307,160080,8.22,31.14,Medio Bajo,Riesgoso,Gastador
2677444,545003,178418,870422,123040,905656,210470,262133,190538,1102105,131429,7.12,41.16,Medio Bajo,Riesgoso,Gastador
2718061,539425,179849,1128718,164663,729577,80611,267681,263726,869546,105427,9.7,31.99,Medio Bajo,Riesgoso,Gastador
2745169,633762,170016,915712,150771,1238750,144930,169152,310691,1211421,170406,11.32,44.13,Medio Bajo,Riesgoso,Gastador
2067883,663597,162294,861495,162632,875406,151452,265389,240662,834807,149828,11.64,40.37,Medio Bajo,Riesgoso,Gastador
2757211,628655,208057,878268,167747,1047422,179449,324647,315398,1146414,179250,11.44,41.58,Medio Bajo,Riesgoso,Gastador
2334506,532693,171193,1087154,151542,1249714,220999,200841,204958,203566,156367,8.78,8.72,Medio Bajo,Riesgoso,Gastador
2609495,698903,183575,864791,155946,519065,199242,307495,248587,604594,93963,9.53,23.17,Medio Bajo,Riesgoso,Gastador
2286383,685912,235017,1103984,132067,1288131,81303,176426,174670,698792,171211,7.64,30.56,Medio Bajo,Riesgoso,Gastador
2524741,712293,184759,1114552,153549,832713,223309,120352,180957,315075,129134,7.17,12.48,Medio Bajo,Riesgoso,Gastador
1750323,586167,187047,930762,144381,552543,215097,265471,192006,226392,202408,10.97,12.93,Medio Bajo,Riesgoso,Gastador
1892385,576090,225173,960363,173148,1448238,221262,134417,151230,465605,171932,7.99,24.6,Medio Bajo,Riesgoso,Gastador
3004172,666183,186514,1103880,128350,1363209,136350,294492,357556,747647,149532,11.9,24.89,Medio,Riesgoso,Gastador
3486255,659680,178988,1169158,173234,1397337,152034,240398,228137,475564,98288,6.54,13.64,Medio,Riesgoso,Gastador
3567917,538380,205730,982685,123860,817351,75755,262636,421020,1321253,220109,11.8,37.03,Medio,Riesgoso,Gastador
3854417,641829,200764,815420,135724,1038907,95880,207025,450318,1537916,203778,11.68,39.9,Medio,Riesgoso,Gastador
3633428,644684,195863,983579,164926,1392749,198325,280226,236057,1664521,92521,6.5,45.81,Medio,Riesgoso,Gastador
3209012,638221,238553,858859,168665,1156963,116721,199306,344780,1036601,109098,10.74,32.3,Medio,Riesgoso,Gastador
2970132,513914,227070,983609,121710,1461603,130051,145451,203685,1312727,199465,6.86,44.2,Medio,Riesgoso,Gastador
3100975,683793,238058,1129405,144040,1347667,205038,144807,351948,951151,80477,11.35,30.67,Medio,Riesgoso,Gastador
3255720,531811,191702,875221,170379,882833,184527,256965,342673,422083,130410,10.53,12.96,Medio,Riesgoso,Gastador
3741529,677866,176673,949588,144093,847322,147450,141847,338814,1607143,188789,9.06,42.95,Medio,Riesgoso,Gastador
3076325,580713,211125,1069981,136470,1141292,194287,247661,263592,1233195,173410,8.57,40.09,Medio,Riesgoso,Gastador
3645789,640325,190502,824115,165044,843759,96214,185209,286983,613275,97308,7.87,16.82,Medio,Riesgoso,Gastador
3674093,552791,175849,1005730,129722,869860,152501,212102,395642,1117461,119170,10.77,30.41,Medio,Riesgoso,Gastador
3279891,703843,213267,1136155,171772,1428453,179247,301943,363405,388644,128707,11.08,11.85,Medio,Riesgoso,Gastador
3456499,561414,197526,1177275,170566,543713,193851,120704,380475,1312849,162592,11.01,37.98,Medio,Riesgoso,Gastador
2927439,664292,211076,1151566,141713,582274,101152,283863,320051,1083167,141330,10.93,37.0,Medio,Riesgoso,Gastador
3556789,671347,163175,1118168,143734,1326520,139059,329560,371137,1057217,185438,10.43,29.72,Medio,Riesgoso,Gastador
2938463,557515,205710,1169846,158404,926744,109789,310419,243213,327150,119899,8.28,11.13,Medio,Riesgoso,Gastador
3883199,668125,173570,924555,149627,1439154,156033,238167,292200,1225108,134181,7.52,31.55,Medio,Riesgoso,Gastador
4024446,502138,162098,1081327,160036,1348732,186368,173886,438342,579460,136395,10.89,14.4,Medio,Riesgoso,Gastador
3133789,568712,160200,1129181,174233,1461376,202022,280712,347548,1337328,180672,11.09,42.67,Medio,Riesgoso,Gastador
3490505,663051,182752,1184239,143841,1068624,129927,232212,383314,1139563,214997,10.98,32.65,Medio,Riesgoso,Gastador
3001513,597627,172625,1178966,164623,1135690,120967,129398,301620,301953,207513,10.05,10.06,Medio,Riesgoso,Gastador
3536448,537262,182659,983387,163213,714260,206057,137028,366200,575919,120197,10.36,16.29,Medio,Riesgoso,Gastador
3024038,578117,163922,851075,137447,503419,100374,235787,356879,943899,219658,11.8,31.21,Medio,Riesgoso,Gastador
3924403,500552,209118,1158614,129999,1016466,166845,293142,258189,503558,197083,6.58,12.83,Medio,Riesgoso,Gastador
3951528,490123,164452,1084827,174882,1064765,107623,330506,435194,1803931,213018,11.01,45.65,Medio,Riesgoso,Gastador
3561631,691993,186441,969756,163582,695231,203474,315445,340520,681434,159372,9.56,19.13,Medio,Riesgoso,Gastador
3944795,504371,167969,1160432,172292,1001256,76862,142445,361224,1162887,125580,9.16,29.48,Medio,Riesgoso,Gastador
2972087,522372,193511,1134436,175739,1399309,124652,298928,341531,1024214,97480,11.49,34.46,Medio,Riesgoso,Gastador
3610905,649086,223722,915505,139100,706163,93646,149167,247603,545033,163336,6.86,15.09,Medio,Riesgoso,Gastador
3495486,583442,196007,1146291,137295,1076048,110734,280271,340171,820523,134124,9.73,23.47,Medio,Riesgoso,Gastador
3909300,711665,173605,903971,171658,814811,170838,320367,465140,1763791,209839,11.9,45.12,Medio,Riesgoso,Gastador
3977429,564614,196902,1103568,155766,811308,162403,225138,393529,792870,186671,9.89,19.93,Medio,Riesgoso,Gastador
3350821,529271,160460,950797,177169,1280253,177190,145201,234495,1601135,96746,7.0,47.78,Medio,Riesgoso,Gastador
3168211,572748,224087,871980,173770,863113,218079,232205,242960,1169120,131650,7.67,36.9,Medio,Riesgoso,Gastador
3226079,675258,226081,909053,158917,940622,190942,171469,220231,1394597,133482,6.83,43.23,Medio,Riesgoso,Gastador
3738311,567380,234122,1194438,150843,641830,114748,249454,426763,1125953,110570,11.42,30.12,Medio,Riesgoso,Gastador
3786282,685096,197241,802796,176136,1423555,153105,281834,250001,1535098,134427,6.6,40.54,Medio,Riesgoso,Gastador
3297422,548583,168426,892465,163229,846179,217430,296434,226418,1110880,128127,6.87,33.69,Medio,Riesgoso,Gastador
3168337,593428,214588,855379,133536,1144355,102437,180524,234339,571526,175009,7.4,18.04,Medio,Riesgoso,Gastador
4062462,652652,169050,897272,168453,1001359,147005,304159,414155,957417,143054,10.19,23.57,Medio,Riesgoso,Gastador
2983685,529076,202509,893061,126887,1497674,171295,229489,308808,657338,188082,10.35,22.03,Medio,Riesgoso,Gastador
2956691,535037,210931,1168972,124076,1113740,151834,241504,242297,1240851,178426,8.19,41.97,Medio,Riesgoso,Gastador
3123643,488677,172870,948552,159790,743845,192568,316782,323692,255115,75383,10.36,8.17,Medio,Riesgoso,Gastador
2876215,551502,169872,803414,177960,852945,77844,116743,197392,543064,135965,6.86,18.88,Medio,Riesgoso,Gastador
2966748,687852,228618,1027035,140879,1202709,121531,170397,305297,642034,117305,10.29,21.64,Medio,Riesgoso,Gastador
3841383,655990,196548,1084169,138954,1245770,78651,169633,384606,1295540,162954,10.01,33.73,Medio,Riesgoso,Gastador
3450906,481948,228611,965102,153426,1091693,213547,242627,232832,616912,115850,6.75,17.88,Medio,Riesgoso,Gastador
2888561,605528,190189,822778,175891,970443,143785,247795,285094,383863,178084,9.87,13.29,Medio,Riesgoso,Gastador
3931746,539758,235313,849791,142314,717440,210614,196815,280962,788544,177996,7.15,20.06,Medio,Riesgoso,Gastador
3166481,572756,215237,846522,135332,821639,130760,129875,254789,577361,200254,8.05,18.23,Medio,Riesgoso,Gastador
4736080,686560,235238,1157978,123201,733009,119900,170203,492243,1507711,178316,10.39,31.83,Medio Alto,Riesgoso,Gastador
4242922,592746,163433,1027564,155151,799084,108202,267270,392626,1843329,161601,9.25,43.44,Medio Alto,Riesgoso,Gastador
4885682,547236,183817,878089,123500,1471053,82425,212731,396751,939610,165812,8.12,19.23,Medio Alto,Riesgoso,Gastador
4801964,578936,162524,1067062,158209,974882,157424,190678,370878,2260780,120379,7.72,47.08,Medio Alto,Riesgoso,Gastador
4393747,537439,163508,813654,125400,1360414,216867,319440,497066,1979779,213095,11.31,45.06,Medio Alto,Riesgoso,Gastador
4412899,575446,234758,955590,134412,925553,114956,246824,525603,1209581,85890,11.91,27.41,Medio Alto,Riesgoso,Gastador
5129970,514728,181283,899622,151936,1484803,91981,225562,416657,1091606,189633,8.12,21.28,Medio Alto,Riesgoso,Gastador
5160703,581589,220631,833674,142608,1338838,158467,320544,408900,1027828,132794,7.92,19.92,Medio Alto,Riesgoso,Gastador
5040578,663048,182703,1164903,145191,960442,137255,191099,333818,1675474,101092,6.62,33.24,Medio Alto,Riesgoso,Gastador
4177731,563803,231368,1194886,171839,596875,165726,299783,398245,1281367,83924,9.53,30.67,Medio Alto,Riesgoso,Gastador
5272307,492126,167794,938458,149342,1037192,197781,259914,602721,2118998,78210,11.43,40.19,Medio Alto,Riesgoso,Gastador
4105069,559178,205812,1108559,155207,1314570,80597,147105,403863,580997,117936,9.84,14.15,Medio Alto,Riesgoso,Gastador
4195982,569753,221560,1194117,130220,649011,178409,242843,468751,578145,91851,11.17,13.78,Medio Alto,Riesgoso,Gastador
4729637,547078,239044,1121107,151029,1496145,132884,147983,462421,786352,217220,9.78,16.63,Medio Alto,Riesgoso,Gastador
4097386,713323,213164,1065353,175958,1477900,168619,324643,325289,1066514,147542,7.94,26.03,Medio Alto,Riesgoso,Gastador
4766060,566250,224523,1006231,122300,677672,195196,264182,375809,1156840,207067,7.89,24.27,Medio Alto,Riesgoso,Gastador
4653374,716897,204949,1191888,178316,1245046,172894,274810,426030,1658779,96425,9.16,35.65,Medio Alto,Riesgoso,Gastador
4436377,615274,205181,906290,170225,924379,108788,199364,362758,1768638,181595,8.18,39.87,Medio Alto,Riesgoso,Gastador
4513292,507992,218329,915804,168805,1381034,224645,323968,312416,398372,173188,6.92,8.83,Medio Alto,Riesgoso,Gastador
4271096,556895,183801,857862,130176,786133,82828,273492,485581,1814468,143809,11.37,42.48,Medio Alto,Riesgoso,Gastador
4700958,686302,238787,1182726,179277,714663,130522,197060,532772,1107847,140142,11.33,23.57,Medio Alto,Riesgoso,Gastador
4837742,657688,180016,1107792,147916,1224399,103532,329788,357026,860920,101960,7.38,17.8,Medio Alto,Riesgoso,Gastador
5219154,698061,216372,1098370,145643,1053300,152730,205404,472267,474677,193696,9.05,9.09,Medio Alto,Riesgoso,Gastador
4204696,487145,202484,1019497,128201,757376,150861,140637,412718,1352247,174093,9.82,32.16,Medio Alto,Riesgoso,Gastador
4457146,626581,212212,976789,146943,513160,109929,291723,354188,1416163,163823,7.95,31.77,Medio Alto,Riesgoso,Gastador
5141031,566965,193583,1086164,145385,1092060,119659,177574,575598,1590934,132407,11.2,30.95,Medio Alto,Riesgoso,Gastador
4725531,515341,236608,914678,147519,592470,84858,156059,384223,1907798,92394,8.13,40.37,Medio Alto,Riesgoso,Gastador
4083930,496726,210142,900583,164132,960030,76187,192063,345169,1504656,205302,8.45,36.84,Medio Alto,Riesgoso,Gastador
4189665,576970,213647,920918,140755,1246104,95534,259371,471621,344392,172404,11.26,8.22,Medio Alto,Riesgoso,Gastador
4970313,666974,206473,876522,122266,1135139,90186,147184,340497,1927676,190820,6.85,38.78,Medio Alto,Riesgoso,Gastador
5009961,638598,204573,850948,160106,522701,158356,140827,377294,1497943,164051,7.53,29.9,Medio Alto,Riesgoso,Gastador
4594909,598109,193936,971036,166588,574225,87202,307789,516228,1672543,126257,11.23,36.4,Medio Alto,Riesgoso,Gastador
4428101,628342,202701,967663,149654,951261,204292,186518,433705,1879104,99683,9.79,42.44,Medio Alto,Riesgoso,Gastador
4885338,567260,230401,925550,141030,1356550,168830,319382,411112,1841724,166646,8.42,37.7,Medio Alto,Riesgoso,Gastador
5045493,505711,226204,814319,149774,1199104,207294,176406,371783,2218755,84990,7.37,43.97,Medio Alto,Riesgoso,Gastador
4557641,514250,235596,1101955,130246,832226,93406,121790,464427,685829,141281,10.19,15.05,Medio Alto,Riesgoso,Gastador
4536059,498532,223666,1128756,178377,694471,178984,119616,447971,1666799,216880,9.88,36.75,Medio Alto,Riesgoso,Gastador
4179677,590742,171304,1087942,153404,1260923,156818,193334,403908,1066051,186255,9.66,25.51,Medio Alto,Riesgoso,Gastador
4564671,514403,183971,1134125,157930,661016,224172,166276,528951,1259376,83854,11.59,27.59,Medio Alto,Riesgoso,Gastador
5066537,701045,182679,1101523,165313,532332,94703,267440,363407,1150394,221439,7.17,22.71,Medio Alto,Riesgoso,Gastador
4927464,660736,166351,1020037,161082,1458717,106461,316466,534805,1613474,171649,10.85,32.74,Medio Alto,Riesgoso,Gastador
5173793,665528,178149,900405,126672,730347,187623,205469,351491,1903122,210900,6.79,36.78,Medio Alto,Riesgoso,Gastador
4380642,563833,166999,876360,147247,513849,143929,175548,517764,954083,203238,11.82,21.78,Medio Alto,Riesgoso,Gastador
4071602,698005,229548,1170987,179547,1327382,217349,328944,340677,571681,101763,8.37,14.04,Medio Alto,Riesgoso,Gastador
4751609,704945,216132,814576,149159,933074,171079,171708,409757,1309691,134084,8.62,27.56,Medio Alto,Riesgoso,Gastador
4928012,669693,200227,972419,153316,933633,116903,118099,474275,2221332,117161,9.62,45.08,Medio Alto,Riesgoso,Gastador
4486503,710358,216238,1034944,148122,1285923,221739,269176,338098,1338551,195436,7.54,29.84,Medio Alto,Riesgoso,Gastador
4540040,677596,191808,836902,129726,582481,120537,120120,506147,1506254,111952,11.15,33.18,Medio Alto,Riesgoso,Gastador
4366649,605611,231678,914378,153767,1340896,169487,188429,330780,442463,124030,7.58,10.13,Medio Alto,Riesgoso,Gastador
4116746,527403,173985,819693,124676,1306371,93286,294582,381956,378832,147364,9.28,9.2,Medio Alto,Riesgoso,Gastador
4619646,633863,215945,1012983,174535,1156423,103708,212385,381853,2015574,217001,8.27,43.63,Medio Alto,Riesgoso,Gastador
5076555,517824,215128,1054284,142610,920833,189597,326347,536009,1618767,216109,10.56,31.89,Medio Alto,Riesgoso,Gastador
6450287,633267,204242,927433,159329,1236019,94630,329364,665067,1299186,211373,10.31,20.14,Alto,Riesgoso,Gastador
5485072,541232,214324,1088741,135839,896522,197047,302336,503101,993594,143232,9.17,18.11,Alto,Riesgoso,Gastador
6409046,626561,199844,982363,155994,985736,119349,193886,451982,2484597,191775,7.05,38.77,Alto,Riesgoso,Gastador
5804306,704865,227506,1064743,138092,738146,78342,307857,685929,1457637,127374,11.82,25.11,Alto,Riesgoso,Gastador
5402539,649690,176705,853018,164888,952594,197661,172288,564825,2150848,160643,10.45,39.81,Alto,Riesgoso,Gastador
5483597,505890,228604,994850,179148,1305247,192721,123773,607651,1298504,116315,11.08,23.68,Alto,Riesgoso,Gastador
5363096,585845,198525,822524,173539,999159,191386,190222,428082,744844,80391,7.98,13.89,Alto,Riesgoso,Gastador
6376173,584456,185227,1084586,142646,1227702,125665,251703,585923,2697799,92704,9.19,42.31,Alto,Riesgoso,Gastador
5561346,555879,182881,960561,162035,585098,204040,152398,479092,711884,118727,8.61,12.8,Alto,Riesgoso,Gastador
6024846,665820,164137,980774,130081,993310,221788,285788,435547,2003974,113768,7.23,33.26,Alto,Riesgoso,Gastador
5557460,573508,217195,943221,129630,1387863,208526,323445,577030,1216538,204849,10.38,21.89,Alto,Riesgoso,Gastador
6125955,540140,165590,971735,139692,1496703,176077,333480,529853,1598463,193970,8.65,26.09,Alto,Riesgoso,Gastador
5946392,662563,235117,1060129,140942,1184703,148048,299345,610833,1152953,123628,10.27,19.39,Alto,Riesgoso,Gastador
5341675,630451,235382,1170244,165031,1186516,210302,291624,420041,1163962,194598,7.86,21.79,Alto,Riesgoso,Gastador
6194335,701211,191757,859366,130800,1076141,108070,327340,736388,2463288,82650,11.89,39.77,Alto,Riesgoso,Gastador
6039473,570837,228832,1007013,134657,885888,220312,128146,717360,2010467,216037,11.88,33.29,Alto,Riesgoso,Gastador
6152233,701224,186556,1163262,120588,1259660,160681,208417,537712,2683243,164422,8.74,43.61,Alto,Riesgoso,Gastador
6283526,482074,217835,1097567,155053,1020471,118244,171483,596817,2061356,77790,9.5,32.81,Alto,Riesgoso,Gastador
5958006,484019,160442,1155005,158170,999436,142364,275128,508796,1365709,197386,8.54,22.92,Alto,Riesgoso,Gastador
6365233,548055,169455,835998,163232,1238340,114823,320373,660560,1565787,119122,10.38,24.6,Alto,Riesgoso,Gastador
5295371,513731,200992,869726,124615,666791,224959,170433,365004,650861,94821,6.89,12.29,Alto,Riesgoso,Gastador
6286278,533077,212914,1199774,168164,1452810,87743,242535,533825,2458551,83701,8.49,39.11,Alto,Riesgoso,Gastador
5925583,681376,194566,1028727,153706,1040594,174197,280810,622958,2673645,131236,10.51,45.12,Alto,Riesgoso,Gastador
6284605,531166,164937,1142230,173795,1460625,101149,226257,636891,964856,186431,10.13,15.35,Alto,Riesgoso,Gastador
6270056,635055,164153,840965,148311,889983,203996,204536,413771,1482869,137886,6.6,23.65,Alto,Riesgoso,Gastador
5301253,649023,175191,1096694,137043,566869,196873,211316,368912,957841,115889,6.96,18.07,Alto,Riesgoso,Gastador
6324960,507727,236667,967833,159998,741225,173754,144316,463800,817182,86551,7.33,12.92,Alto,Riesgoso,Gastador
5529371,667724,164524,1134963,169241,1260541,86813,149076,509314,2285228,78359,9.21,41.33,Alto,Riesgoso,Gastador
6210433,524351,160491,919803,152228,1491994,201259,323395,664192,1939701,85657,10.69,31.23,Alto,Riesgoso,Gastador
6215249,543706,239749,898803,152511,1464868,78963,290547,478852,1783051,129623,7.7,28.69,Alto,Riesgoso,Gastador
6197493,536783,174838,965096,172952,508997,82668,233268,593325,1389099,224505,9.57,22.41,Alto,Riesgoso,Gastador
6215555,689159,210765,800484,139502,1159948,158626,212547,449654,2420063,119112,7.23,38.94,Alto,Riesgoso,Gastador
5940014,514875,161138,1116895,160391,906828,216178,137000,645025,1364261,98209,10.86,22.97,Alto,Riesgoso,Gastador
6043342,650944,199854,966146,169804,1363499,100313,307806,643305,1803513,83904,10.64,29.84,Alto,Riesgoso,Gastador
6398474,557087,189233,1015608,156941,791482,83810,120059,660948,758223,106495,10.33,11.85,Alto,Riesgoso,Gastador
5622001,553427,166950,934912,136940,905288,138126,194543,546549,2108076,111353,9.72,37.5,Alto,Riesgoso,Gastador
5434906,679496,214146,926719,145653,1453359,213732,187141,396355,964557,216701,7.29,17.75,Alto,Riesgoso,Gastador
6286657,509163,207084,1176425,148976,821438,195319,280386,474401,1021880,113413,7.55,16.25,Alto,Riesgoso,Gastador
5393255,547141,200659,1145091,141697,561131,217875,114942,509835,974637,161911,9.45,18.07,Alto,Riesgoso,Gastador
5562069,556476,164658,1026040,145451,976780,206545,201245,578048,1268415,164283,10.39,22.8,Alto,Riesgoso,Gastador
6488194,608802,221202,1063983,147864,1256728,164861,119890,468250,1161022,186533,7.22,17.89,Alto,Riesgoso,Gastador
6314978,492251,175867,1180063,169423,1374957,199400,130580,573102,2940233,141477,9.08,46.56,Alto,Riesgoso,Gastador
6190801,533468,239963,837880,151822,1371371,187992,241821,514421,2805357,203484,8.31,45.31,Alto,Riesgoso,Gastador
6425363,592812,180320,907761,144508,1044493,202453,206142,669173,676401,221799,10.41,10.53,Alto,Riesgoso,Gastador
6090291,591272,189867,932077,176571,1223999,129200,155865,390194,1306472,169957,6.41,21.45,Alto,Riesgoso,Gastador
6284976,588585,201244,1179569,166095,988473,161988,173827,434152,2735567,184978,6.91,43.53,Alto,Riesgoso,Gastador
6107621,578102,235108,1072197,162396,1334220,125001,211084,488033,1436362,82958,7.99,23.52,Alto,Riesgoso,Gastador
5774221,567437,193628,1082891,135033,1318986,135104,159969,371027,1507370,107355,6.43,26.11,Alto,Riesgoso,Gastador
5993258,588304,170254,830282,139302,897303,142660,257849,713482,2716658,132480,11.9,45.33,Alto,Riesgoso,Gastador
5723173,564349,198240,822382,141973,1050303,166337,196751,586831,1869399,214739,10.25,32.66,Alto,Riesgoso,Gastador
6201964,583671,162311,1020519,167860,586608,196045,118128,586965,919590,160072,9.46,14.83,Alto,Riesgoso,Gastador
6437631,700964,194980,1035625,157089,1152059,155640,159293,706710,2485020,162438,10.98,38.6,Alto,Riesgoso,Gastador
7974071,662173,239453,915903,142733,741426,196845,133568,773793,2174463,216411,9.7,27.27,Muy alto,Riesgoso,Gastador
7694329,593551,200853,1050573,148031,783481,79551,149396,884196,1260782,200383,11.49,16.39,Muy alto,Riesgoso,Gastador
8699387,539504,188560,1108397,123324,1323703,139467,133578,702157,2476016,130856,8.07,28.46,Muy alto,Riesgoso,Gastador
9482765,484594,235808,873788,147367,1445398,222687,257742,1070686,1616457,188887,11.29,17.05,Muy alto,Riesgoso,Gastador
8969556,573148,183908,1065728,133703,1054690,173871,145817,1032264,2442491,223537,11.51,27.23,Muy alto,Riesgoso,Gastador
9501655,625355,184975,1010828,163856,880985,179946,279015,1104815,4183702,120103,11.63,44.03,Muy alto,Riesgoso,Gastador
9247232,660046,209402,1133713,126957,1278809,142699,271123,897697,1513915,78770,9.71,16.37,Muy alto,Riesgoso,Gastador
9876235,594723,182096,987628,166820,753201,157312,192090,964660,3211411,174072,9.77,32.52,Muy alto,Riesgoso,Gastador
8533304,573258,183825,1161247,130123,992244,187673,184343,767036,2631943,131971,8.99,30.84,Muy alto,Riesgoso,Gastador
7743870,687710,190910,849668,147919,1278785,164563,327822,672333,2990662,150697,8.68,38.62,Muy alto,Riesgoso,Gastador
8534829,496711,161056,1059823,155165,984482,206769,333004,549220,3430322,98688,6.44,40.19,Muy alto,Riesgoso,Gastador
7544521,565549,168877,921094,150280,1431661,182980,330111,805017,937035,214780,10.67,12.42,Muy alto,Riesgoso,Gastador
9697021,582540,177946,1155682,126780,1006085,123918,247697,987816,1292839,153339,10.19,13.33,Muy alto,Riesgoso,Gastador
8299348,579191,174474,896817,149386,1113762,144370,166522,765759,1462130,85934,9.23,17.62,Muy alto,Riesgoso,Gastador
8082520,660636,164398,975879,157281,643703,206803,219407,799125,940631,90468,9.89,11.64,Muy alto,Riesgoso,Gastador
8834772,699549,210428,983004,149250,879874,106811,180665,878753,2396983,206439,9.95,27.13,Muy alto,Riesgoso,Gastador
9948337,495368,214437,1014235,132364,1178368,132351,250948,849751,1092539,194807,8.54,10.98,Muy alto,Riesgoso,Gastador
9187549,516830,219433,818471,168339,895887,105553,289120,941388,3580855,202660,10.25,38.98,Muy alto,Riesgoso,Gastador
7169795,618057,177641,1103524,138153,1258723,163782,276513,677546,1195354,142490,9.45,16.67,Muy alto,Riesgoso,Gastador
9160594,598075,218722,1141352,145018,1278516,181510,135261,873745,2940325,211962,9.54,32.1,Muy alto,Riesgoso,Gastador
9270084,480764,191327,1183359,166250,587394,168514,150144,897598,1557215,191109,9.68,16.8,Muy alto,Riesgoso,Gastador
8842492,633903,160518,1195667,131200,643696,122710,126227,915491,3353740,145410,10.35,37.93,Muy alto,Riesgoso,Gastador
6717761,633444,186885,1087694,174938,513719,81264,253301,465434,1756637,177922,6.93,26.15,Muy alto,Riesgoso,Gastador
8047454,642085,203931,1024674,179187,531593,194571,216632,636281,2023637,153378,7.91,25.15,Muy alto,Riesgoso,Gastador
8861116,700890,228209,1174933,140026,796953,160950,251815,650910,1695255,177234,7.35,19.13,Muy alto,Riesgoso,Gastador
9115242,672611,234173,1169794,151549,582469,171726,198177,823500,1610221,85007,9.03,17.67,Muy alto,Riesgoso,Gastador
8593396,595385,184768,872038,166334,743802,202268,324964,621139,3713536,99500,7.23,43.21,Muy alto,Riesgoso,Gastador
8465204,541513,226289,898301,148050,1421366,105652,281202,897784,3318929,152065,10.61,39.21,Muy alto,Riesgoso,Gastador
7103619,597370,225959,960709,121676,1315066,213107,133307,603268,3165605,119229,8.49,44.56,Muy alto,Riesgoso,Gastador
9410119,595048,208719,812814,175858,1074900,105624,266488,834142,3312203,213931,8.86,35.2,Muy alto,Riesgoso,Gastador
7089748,660526,175638,1063464,179533,1370713,149991,287730,473598,686137,223700,6.68,9.68,Muy alto,Riesgoso,Gastador
8044397,624572,165569,1198083,152071,897679,191144,305356,595373,928654,161749,7.4,11.54,Muy alto,Riesgoso,Gastador
7035218,586623,177528,1012555,136881,1381658,205661,249622,632209,3343919,172473,8.99,47.53,Muy alto,Riesgoso,Gastador
7470648,585813,223440,920748,170763,828395,92094,202198,557000,3316569,147739,7.46,44.39,Muy alto,Riesgoso,Gastador
9777747,657776,199773,1103829,120435,1274932,152516,273450,713850,3663488,134018,7.3,37.47,Muy alto,Riesgoso,Gastador
7602792,581616,209626,1133610,147170,1046857,179413,317036,728768,1264235,89117,9.59,16.63,Muy alto,Riesgoso,Gastador
8474501,542189,218777,1036137,122030,1239542,158972,303550,685190,1008793,167997,8.09,11.9,Muy alto,Riesgoso,Gastador
7892960,499712,210231,847977,137201,678083,98534,160863,664555,1108086,114331,8.42,14.04,Muy alto,Riesgoso,Gastador
9501932,517548,163376,1136170,172025,840297,110030,133038,1106228,3958884,78415,11.64,41.66,Muy alto,Riesgoso,Gastador
9545882,559373,175355,1022801,132333,1126708,131998,333373,1027010,4581716,109434,10.76,48.0,Muy alto,Riesgoso,Gastador
7784844,509497,201953,952981,161423,1267183,174341,287676,868003,2826300,155146,11.15,36.31,Muy alto,Riesgoso,Gastador
8564207,547579,175805,912040,178104,789274,157976,290495,719524,3443739,97765,8.4,40.21,Muy alto,Riesgoso,Gastador
8479154,533113,190542,962724,135493,722961,105343,278449,908262,3743734,205695,10.71,44.15,Muy alto,Riesgoso,Gastador
7698033,525674,216559,871674,128997,528658,216483,166719,835763,3109100,115362,10.86,40.39,Muy alto,Riesgoso,Gastador
8373727,688154,183688,1069538,130331,1109450,171909,306673,607739,2080189,121744,7.26,24.84,Muy alto,Riesgoso,Gastador
9706752,487247,176946,1110158,153593,908384,217318,182244,876266,3867730,202781,9.03,39.85,Muy alto,Riesgoso,Gastador
6537012,625795,190615,1165398,152593,601435,149908,308188,680169,1504042,167824,10.4,23.01,Muy alto,Riesgoso,Gastador
7288706,577132,161606,1072979,156229,573717,75996,116412,871347,596788,221237,11.95,8.19,Muy alto,Riesgoso,Gastador
6978460,602140,224102,1064184,175195,1277878,189699,322905,724447,958086,107691,10.38,13.73,Muy alto,Riesgoso,Gastador
7865592,704478,175110,996521,135798,514616,200698,178970,586000,1294388,126324,7.45,16.46,Muy alto,Riesgoso,Gastador
7829668,626654,195910,1114542,135299,951716,207125,299247,869964,2021016,141300,11.11,25.81,Muy alto,Riesgoso,Gastador
7864482,539346,206668,1169970,165596,1259779,193980,235835,721906,688159,133071,9.18,8.75,Muy alto,Riesgoso,Gastador
855224,630867,213803,1040124,123419,967603,32492,73522,72054,210405,28561,8.43,24.6,Bajo,Riesgoso,Endeudado
890618,633044,207167,1156758,128707,605946,71189,48414,90941,270482,59078,10.21,30.37,Bajo,Riesgoso,Endeudado
1467130,593895,225346,1026826,147836,1273222,41149,74287,136013,596158,46814,9.27,40.63,Bajo,Riesgoso,Endeudado
1227682,560263,206578,1159442,173562,863367,71891,53074,102197,286072,66442,8.32,23.3,Bajo,Riesgoso,Endeudado
1622682,558013,231112,1162849,158254,1436609,65136,77214,190911,255109,60499,11.77,15.72,Bajo,Riesgoso,Endeudado
962803,542901,197260,1129050,128692,878701,54476,89046,98691,103456,73231,10.25,10.75,Bajo,Riesgoso,Endeudado
1107618,600578,168600,1162298,169320,698384,60913,93915,90727,512959,51390,8.19,46.31,Bajo,Riesgoso,Endeudado
1286676,489949,170439,1110736,151701,1296284,71125,52749,145275,243912,52229,11.29,18.96,Bajo,Riesgoso,Endeudado
1311337,549846,201062,856543,134763,1040600,62051,77622,115509,399952,42481,8.81,30.5,Bajo,Riesgoso,Endeudado
1224808,600320,190916,1151899,131817,587009,48106,60426,105771,417502,48110,8.64,34.09,Bajo,Riesgoso,Endeudado
819275,538872,228013,857782,149240,1070756,65578,78630,86791,382704,42963,10.59,46.71,Bajo,Riesgoso,Endeudado
1570030,539242,169613,922709,170569,688549,41314,65595,174548,455804,36357,11.12,29.03,Bajo,Riesgoso,Endeudado
1281768,710136,228386,1018299,158431,647539,29357,86311,100875,744721,38490,7.87,58.1,Bajo,Riesgoso,Endeudado
1542199,654067,215448,1042296,173432,960395,34186,97157,168805,294847,63010,10.95,19.12,Bajo,Riesgoso,Endeudado
1220688,626242,227055,1091667,154803,1425644,38723,92937,136060,174153,56586,11.15,14.27,Bajo,Riesgoso,Endeudado
1608482,708610,193093,1023097,149309,837023,36845,105409,152970,493408,46702,9.51,30.68,Bajo,Riesgoso,Endeudado
1406728,605986,197972,1017222,147879,1431244,30140,110863,103102,169139,57516,7.33,12.02,Bajo,Riesgoso,Endeudado
1539634,575888,188797,1113247,175374,1073817,60427,57741,142616,381993,65225,9.26,24.81,Bajo,Riesgoso,Endeudado
975124,522909,160862,802704,169194,769183,42947,73237,99871,232466,69245,10.24,23.84,Bajo,Riesgoso,Endeudado
1060017,580055,209603,1017985,149317,1219236,34998,74382,125013,331489,36837,11.79,31.27,Bajo,Riesgoso,Endeudado
1051985,513215,164207,800713,145913,636666,43574,98410,75344,134373,48961,7.16,12.77,Bajo,Riesgoso,Endeudado
893387,611850,232338,968169,141119,639658,50574,78880,88305,502649,32374,9.88,56.26,Bajo,Riesgoso,Endeudado
997040,662276,229653,984574,127903,677761,35916,66005,112844,192525,26942,11.32,19.31,Bajo,Riesgoso,Endeudado
1460780,504014,236357,893159,179334,514378,48173,67964,170288,188694,27665,11.66,12.92,Bajo,Riesgoso,Endeudado
1131256,482666,180651,846005,162119,1182266,37691,84417,130287,625615,74815,11.52,55.3,Bajo,Riesgoso,Endeudado
1504177,575460,201901,1154426,173216,1440254,53230,68185,158065,334655,72401,10.51,22.25,Bajo,Riesgoso,Endeudado
1605632,530689,183808,1137633,170213,644111,74400,91397,177842,645978,49587,11.08,40.23,Bajo,Riesgoso,Endeudado
811623,622713,185460,1143205,159295,865859,52977,86371,58582,389886,56905,7.22,48.04,Bajo,Riesgoso,Endeudado
1267867,560286,166549,1140111,170442,1234909,25877,68548,135648,130548,43175,10.7,10.3,Bajo,Riesgoso,Endeudado
930969,704981,235004,1116667,149608,1425455,34981,71542,70496,482757,44502,7.57,51.86,Bajo,Riesgoso,Endeudado
1586814,689784,230221,1042145,129784,1318597,34451,81888,161436,533973,27669,10.17,33.65,Bajo,Riesgoso,Endeudado
916178,667605,217319,977188,151811,1294769,70712,95434,76730,162337,57796,8.38,17.72,Bajo,Riesgoso,Endeudado
1242634,512100,211316,926408,162897,873050,31530,109117,102274,630221,68219,8.23,50.72,Bajo,Riesgoso,Endeudado
1369488,572103,186815,1196882,150945,1153728,58103,89977,108265,238789,68739,7.91,17.44,Bajo,Riesgoso,Endeudado
1268955,484543,164277,887170,137324,827365,29041,75478,144511,526338,44326,11.39,41.48,Bajo,Riesgoso,Endeudado
846713,628123,191812,1182138,154077,1353807,56833,65196,55257,436361,41459,6.53,51.54,Bajo,Riesgoso,Endeudado
1010676,690443,211303,1168651,126027,1287037,49212,50542,98146,517580,57845,9.71,51.21,Bajo,Riesgoso,Endeudado
1531132,628104,186887,1098956,147930,920545,66553,89497,161834,236908,65711,10.57,15.47,Bajo,Riesgoso,Endeudado
1457459,699141,229541,978634,144392,1453005,61481,94677,93525,841642,39199,6.42,57.75,Bajo,Riesgoso,Endeudado
1522549,669618,228915,971310,123901,935063,28478,43741,98767,578216,62474,6.49,37.98,Bajo,Riesgoso,Endeudado
1009634,640463,212752,824102,140852,1458528,63142,59949,66471,604150,42098,6.58,59.84,Bajo,Riesgoso,Endeudado
1004297,561549,211058,1028733,121036,745174,37277,55590,68558,262624,59883,6.83,26.15,Bajo,Riesgoso,Endeudado
994844,527908,180737,1011514,144121,584238,64970,41325,89756,189600,51474,9.02,19.06,Bajo,Riesgoso,Endeudado
1617678,704796,219759,1054277,147202,1100197,61914,42358,152247,395286,52641,9.41,24.44,Bajo,Riesgoso,Endeudado
1336502,634364,236169,805338,129967,1059367,31913,112283,126304,494701,34592,9.45,37.01,Bajo,Riesgoso,Endeudado
912877,690110,219238,1055861,125454,589337,30333,67514,73684,356088,31086,8.07,39.01,Bajo,Riesgoso,Endeudado
876593,594713,167378,1068404,177044,535309,65658,67668,93796,438616,63557,10.7,50.04,Bajo,Riesgoso,Endeudado
1541419,558670,214987,1193744,123980,638938,70247,67570,114015,722458,56293,7.4,46.87,Bajo,Riesgoso,Endeudado
928731,528395,235728,992238,167382,506274,50649,85393,110801,175255,56689,11.93,18.87,Bajo,Riesgoso,Endeudado
1492860,571078,165938,898626,128745,1060866,72241,102524,171542,786987,63326,11.49,52.72,Bajo,Riesgoso,Endeudado
1267025,532312,185609,1033454,151780,802973,35478,58240,82569,297091,70447,6.52,23.45,Bajo,Riesgoso,Endeudado
1438728,619523,193166,884941,174489,1479921,44690,102451,125963,244765,29048,8.76,17.01,Bajo,Riesgoso,Endeudado
1724004,631628,222536,916706,135853,1178431,51042,60538,146540,520527,72919,8.5,30.19,Medio Bajo,Riesgoso,Endeudado
1877782,694459,199961,1111564,173010,765189,50742,58084,212553,200229,66063,11.32,10.66,Medio Bajo,Riesgoso,Endeudado
1650700,533252,166043,947788,136461,780871,28034,74913,135144,307763,45373,8.19,18.64,Medio Bajo,Riesgoso,Endeudado
2302453,535621,211064,945457,138340,815095,31552,96304,193914,873372,45299,8.42,37.93,Medio Bajo,Riesgoso,Endeudado
2687075,665036,189393,905005,175844,1385399,65382,100411,260326,1354514,73009,9.69,50.41,Medio Bajo,Riesgoso,Endeudado
1904735,575583,170548,1073028,165146,679314,63162,98730,132125,495589,73780,6.94,26.02,Medio Bajo,Riesgoso,Endeudado
2596801,581461,181566,1039602,146582,759267,46132,46254,202982,731388,60505,7.82,28.16,Medio Bajo,Riesgoso,Endeudado
2419297,660255,187280,1135172,129429,1139044,51165,81436,172026,1220968,44763,7.11,50.47,Medio Bajo,Riesgoso,Endeudado
2706537,526763,202318,1061113,166199,1435421,60474,52951,232292,527495,45238,8.58,19.49,Medio Bajo,Riesgoso,Endeudado
2737753,607927,181602,950507,135676,1231361,43253,98226,288605,1243929,62948,10.54,45.44,Medio Bajo,Riesgoso,Endeudado
2582756,635275,217624,952244,132727,598408,53743,60814,186871,1329623,74231,7.24,51.48,Medio Bajo,Riesgoso,Endeudado
2029157,677830,186890,846063,158989,846742,58681,65360,187891,206575,53878,9.26,10.18,Medio Bajo,Riesgoso,Endeudado
2754484,658986,176798,949122,140837,1346849,28322,55324,258678,275676,58012,9.39,10.01,Medio Bajo,Riesgoso,Endeudado
2598191,627700,221538,1145343,141349,802202,53716,101705,248817,1255427,51389,9.58,48.32,Medio Bajo,Riesgoso,Endeudado
1860662,684807,222588,898121,158261,1018566,66061,75803,221288,197110,51475,11.89,10.59,Medio Bajo,Riesgoso,Endeudado
1779672,654608,222089,951516,168703,972951,43907,65421,157865,682114,72588,8.87,38.33,Medio Bajo,Riesgoso,Endeudado
2779239,617904,195819,965593,135238,1420833,68826,64873,279397,1587293,48097,10.05,57.11,Medio Bajo,Riesgoso,Endeudado
1700711,669080,238196,850488,132578,1146142,38618,100178,196397,209242,55066,11.55,12.3,Medio Bajo,Riesgoso,Endeudado
2100264,545669,202833,1015990,147692,626714,50347,109933,167217,1047174,56818,7.96,49.86,Medio Bajo,Riesgoso,Endeudado
1965676,556545,210924,1026134,171530,552123,59989,37634,191999,861324,54457,9.77,43.82,Medio Bajo,Riesgoso,Endeudado
2556886,609894,227936,937715,124612,635019,52738,45488,198654,634486,61023,7.77,24.81,Medio Bajo,Riesgoso,Endeudado
2139319,520191,175724,890809,159296,1226754,68225,99611,180685,1013549,50198,8.45,47.38,Medio Bajo,Riesgoso,Endeudado
2535646,534282,219336,1072949,134203,1154644,43679,64589,175122,357826,43822,6.91,14.11,Medio Bajo,Riesgoso,Endeudado
2593176,591427,220105,1125472,142999,994038,65934,72379,169984,714736,74553,6.56,27.56,Medio Bajo,Riesgoso,Endeudado
2491800,514192,181200,1173602,176209,769065,28310,77397,212857,515872,61761,8.54,20.7,Medio Bajo,Riesgoso,Endeudado
2419206,626029,161147,916482,144919,1081814,26396,78273,278462,322458,57933,11.51,13.33,Medio Bajo,Riesgoso,Endeudado
1687451,505725,195700,1115134,141284,1267407,39517,100766,170463,703292,54834,10.1,41.68,Medio Bajo,Riesgoso,Endeudado
2023721,587490,183809,827328,172943,1168150,33371,102532,133587,487374,37371,6.6,24.08,Medio Bajo,Riesgoso,Endeudado
2734869,634660,196591,947729,172082,1063809,26453,75875,272988,537488,54958,9.98,19.65,Medio Bajo,Riesgoso,Endeudado
1959135,682852,174331,946775,157936,1214780,72933,52327,129678,557032,68683,6.62,28.43,Medio Bajo,Riesgoso,Endeudado
1807309,579438,160246,847769,140461,1028165,29644,66960,210000,255346,70663,11.62,14.13,Medio Bajo,Riesgoso,Endeudado
2472969,702529,176880,1099834,162778,874043,35056,88462,158328,1445235,65535,6.4,58.44,Medio Bajo,Riesgoso,Endeudado
2784673,673131,166160,844391,142743,1140912,51936,99209,214791,537907,29377,7.71,19.32,Medio Bajo,Riesgoso,Endeudado
1807152,672174,164555,1130461,166742,809913,38603,59333,185476,566464,64554,10.26,31.35,Medio Bajo,Riesgoso,Endeudado
2383622,480677,198333,854435,137812,1233031,35394,67531,159515,746308,41555,6.69,31.31,Medio Bajo,Riesgoso,Endeudado
2302080,718765,214861,972697,120196,594024,56328,104892,154305,1101597,59061,6.7,47.85,Medio Bajo,Riesgoso,Endeudado
2362413,707287,227593,1111862,179184,710670,26925,42387,185894,1115204,29456,7.87,47.21,Medio Bajo,Riesgoso,Endeudado
2168459,699228,167889,1042779,174013,515151,28837,62988,235881,653354,26321,10.88,30.13,Medio Bajo,Riesgoso,Endeudado
2710576,521716,191894,844943,178791,602974,65409,61904,316657,428966,43547,11.68,15.83,Medio Bajo,Riesgoso,Endeudado
2006021,716455,194417,832524,124360,881591,72304,43258,189455,769542,40752,9.44,38.36,Medio Bajo,Riesgoso,Endeudado
1834259,571207,224792,883213,142620,1422023,61272,39718,196487,917327,27499,10.71,50.01,Medio Bajo,Riesgoso,Endeudado
1857682,593743,178587,887911,141116,804819,49926,61030,211990,586484,25021,11.41,31.57,Medio Bajo,Riesgoso,Endeudado
1874929,654478,239276,835562,148595,1412245,50423,61530,128904,1111324,29523,6.88,59.27,Medio Bajo,Riesgoso,Endeudado
2239407,517944,209093,1144035,138984,1267984,35941,90054,254974,1262342,31986,11.39,56.37,Medio Bajo,Riesgoso,Endeudado
1808618,644653,227911,921288,145822,754431,28100,65311,173570,254727,34613,9.6,14.08,Medio Bajo,Riesgoso,Endeudado
1862552,505198,193052,1144076,161340,1059264,40446,66940,120793,810315,72006,6.49,43.51,Medio Bajo,Riesgoso,Endeudado
1860485,534796,215942,917775,144332,1431769,64748,78083,163602,797273,44387,8.79,42.85,Medio Bajo,Riesgoso,Endeudado
1979405,632867,239967,966970,173050,1337700,68479,51867,209618,380580,58463,10.59,19.23,Medio Bajo,Riesgoso,Endeudado
2571312,570122,236472,1057543,168824,842915,36608,78380,187337,433033,60820,7.29,16.84,Medio Bajo,Riesgoso,Endeudado
1816068,699077,221110,1129107,166514,936467,38138,59310,141202,590671,43829,7.78,32.52,Medio Bajo,Riesgoso,Endeudado
2370423,635957,183594,945760,152912,608697,51787,63625,218979,719756,39040,9.24,30.36,Medio Bajo,Riesgoso,Endeudado
2381529,602139,215536,1124178,175058,877429,73273,46856,267457,901606,35266,11.23,37.86,Medio Bajo,Riesgoso,Endeudado
3985008,713983,210832,819440,144511,964660,27409,66202,365657,2092145,61663,9.18,52.5,Medio,Riesgoso,Endeudado
3127831,597004,177634,962512,140091,878442,46281,50364,368385,1871080,26740,11.78,59.82,Medio,Riesgoso,Endeudado
3322442,627683,162631,1084763,168699,688005,45542,43508,353862,1189777,29989,10.65,35.81,Medio,Riesgoso,Endeudado
4011376,619029,228489,983726,130478,1471511,48382,103892,435413,1518924,34185,10.85,37.87,Medio,Riesgoso,Endeudado
3906201,518689,218508,1165104,176834,1252569,60895,97201,348975,736103,58109,8.93,18.84,Medio,Riesgoso,Endeudado
3689708,700742,222529,1110533,143815,687473,45223,64928,384729,1964576,36953,10.43,53.24,Medio,Riesgoso,Endeudado
3922653,637190,211744,1068778,129844,1039031,28580,55931,284128,533611,61958,7.24,13.6,Medio,Riesgoso,Endeudado
3538352,510823,189306,984707,177622,1408608,25333,78853,252527,1568915,71271,7.14,44.34,Medio,Riesgoso,Endeudado
3440986,498394,180318,1001212,174278,1498442,74849,73190,242873,358481,73232,7.06,10.42,Medio,Riesgoso,Endeudado
2884944,612526,185653,908080,171110,535626,72044,100781,255763,1657162,26439,8.87,57.44,Medio,Riesgoso,Endeudado
3348649,631129,236704,1038992,164875,1271723,74249,88468,317705,1293977,42489,9.49,38.64,Medio,Riesgoso,Endeudado
3479743,649965,195884,1004440,161993,572049,65684,44687,369871,1761253,44376,10.63,50.61,Medio,Riesgoso,Endeudado
3060458,502879,231307,1193141,179107,792373,27635,67890,231560,544772,61942,7.57,17.8,Medio,Riesgoso,Endeudado
3456142,610539,221554,911554,150414,923389,36190,95966,293031,1683785,60014,8.48,48.72,Medio,Riesgoso,Endeudado
3993337,617537,167743,803634,156795,1087039,26023,56024,413246,652005,47319,10.35,16.33,Medio,Riesgoso,Endeudado
3724740,642355,196704,839224,144400,1229422,56386,55759,391937,1418276,41705,10.52,38.08,Medio,Riesgoso,Endeudado
3164946,497800,179753,873784,144617,1332588,68342,73543,294074,1619039,67320,9.29,51.16,Medio,Riesgoso,Endeudado
3621035,650071,180744,1034998,155647,1115931,67028,105460,348132,1080562,51896,9.61,29.84,Medio,Riesgoso,Endeudado
3049297,708256,235227,989588,154693,1235897,62983,92940,353296,1697886,46644,11.59,55.68,Medio,Riesgoso,Endeudado
3720657,657938,224919,842358,163470,1305893,60494,97321,379341,1779089,52687,10.2,47.82,Medio,Riesgoso,Endeudado
3075469,680119,165289,1140062,173658,776059,62965,81863,205485,1356312,30434,6.68,44.1,Medio,Riesgoso,Endeudado
3661497,519825,221995,1055642,135998,802935,59409,111108,337682,677245,47629,9.22,18.5,Medio,Riesgoso,Endeudado
3234236,643555,204753,1120344,135876,1435347,56772,68858,302681,848647,60376,9.36,26.24,Medio,Riesgoso,Endeudado
3787481,577248,178907,1001909,161257,563308,47783,46076,280476,1931027,57658,7.41,50.98,Medio,Riesgoso,Endeudado
3527800,593408,178719,952192,173813,895614,60853,80181,353971,1986605,62240,10.03,56.31,Medio,Riesgoso,Endeudado
3575267,608376,212654,863805,144274,1200269,54706,50108,280510,1754465,42856,7.85,49.07,Medio,Riesgoso,Endeudado
3383815,600477,179512,931106,166285,954342,64249,40192,231936,1611282,33033,6.85,47.62,Medio,Riesgoso,Endeudado
3642040,612349,237383,1056552,135488,1137559,59688,58964,414878,471224,44738,11.39,12.94,Medio,Riesgoso,Endeudado
3895617,663825,195582,1108208,162380,1270229,30575,105974,389887,2136035,27335,10.01,54.83,Medio,Riesgoso,Endeudado
3882921,515458,228762,953859,160101,853552,35772,106521,310737,568237,63125,8.0,14.63,Medio,Riesgoso,Endeudado
2920401,566674,167214,1090605,170170,737993,69997,39681,293045,539638,57437,10.03,18.48,Medio,Riesgoso,Endeudado
3119316,675219,178663,850853,147366,1474909,39736,81916,248339,414019,54032,7.96,13.27,Medio,Riesgoso,Endeudado
2892598,496641,222383,828588,125760,839739,43691,110493,234991,1627247,34905,8.12,56.26,Medio,Riesgoso,Endeudado
2958203,519085,163633,1185037,132688,760593,42897,88076,272107,464292,31583,9.2,15.7,Medio,Riesgoso,Endeudado
3454649,602614,176997,1135074,174018,1425830,39171,106217,245028,855294,26070,7.09,24.76,Medio,Riesgoso,Endeudado
3148068,577904,231832,1148474,164930,897225,26350,68804,344854,393781,39582,10.95,12.51,Medio,Riesgoso,Endeudado
3603676,703450,185725,846128,154454,813429,52631,107987,263031,957796,59997,7.3,26.58,Medio,Riesgoso,Endeudado
2946514,551214,214325,1121854,167535,702866,73252,75217,347517,838320,63376,11.79,28.45,Medio,Riesgoso,Endeudado
3342289,677885,210724,898806,161064,651490,30197,58386,254999,793848,38451,7.63,23.75,Medio,Riesgoso,Endeudado
3903746,534818,227511,963208,167767,706980,51712,58505,321063,1230746,65062,8.22,31.53,Medio,Riesgoso,Endeudado
3942322,659450,191747,1004115,138998,1277480,61061,68888,430047,2197531,64746,10.91,55.74,Medio,Riesgoso,Endeudado
3100484,577143,165030,968302,177504,832149,63174,80775,339118,750038,34874,10.94,24.19,Medio,Riesgoso,Endeudado
3131563,495130,203756,1141995,133045,1246659,54311,88441,272670,1104137,37214,8.71,35.26,Medio,Riesgoso,Endeudado
3715209,579667,162989,885407,137161,769004,45593,63550,257614,663534,50519,6.93,17.86,Medio,Riesgoso,Endeudado
2906987,488641,161464,880115,161592,1060350,46435,90149,234832,1464304,42379,8.08,50.37,Medio,Riesgoso,Endeudado
4057569,690610,203917,1196403,168353,643268,66881,72394,431358,1008286,28456,10.63,24.85,Medio,Riesgoso,Endeudado
3205184,488015,208576,1127098,129923,1498092,26851,69326,211025,934448,57149,6.58,29.15,Medio,Riesgoso,Endeudado
2950175,676695,212593,1000822,149306,662712,70632,38990,263104,1508016,54829,8.92,51.12,Medio,Riesgoso,Endeudado
3473757,627726,173072,935113,135372,1102625,58843,107541,372876,467353,26970,10.73,13.45,Medio,Riesgoso,Endeudado
3983610,506908,182308,877813,121122,923154,70262,48610,382629,514899,66109,9.61,12.93,Medio,Riesgoso,Endeudado
3005121,497203,231592,936459,148313,1046022,59853,72209,347537,1580476,51003,11.56,52.59,Medio,Riesgoso,Endeudado
3956994,706347,173735,1081488,168274,691940,65944,56836,387348,2145094,66575,9.79,54.21,Medio,Riesgoso,Endeudado
4640669,627976,232833,977831,161710,1206104,29350,39571,507962,1148917,36533,10.95,24.76,Medio Alto,Riesgoso,Endeudado
4261670,498664,232697,1104179,136065,1133021,31337,48829,273138,1873909,31849,6.41,43.97,Medio Alto,Riesgoso,Endeudado
4102858,689350,219642,1184360,170546,597355,29119,56102,286499,1446573,30834,6.98,35.26,Medio Alto,Riesgoso,Endeudado
4961060,571630,162441,1153645,166457,1337904,62283,65767,439721,1388597,55959,8.86,27.99,Medio Alto,Riesgoso,Endeudado
4737384,646051,208478,809403,170894,1325343,58811,40969,345060,2599735,33027,7.28,54.88,Medio Alto,Riesgoso,Endeudado
4849659,717952,218079,866064,167224,1019734,41999,50483,502277,551669,39344,10.36,11.38,Medio Alto,Riesgoso,Endeudado
5217274,712617,165596,1066002,142813,815806,74935,68647,363334,547570,33116,6.96,10.5,Medio Alto,Riesgoso,Endeudado
5038928,693627,213375,1144071,120679,558689,55814,108725,468766,1735233,50940,9.3,34.44,Medio Alto,Riesgoso,Endeudado
4624438,679637,191380,861823,142149,733572,69371,65244,498276,1436606,40429,10.77,31.07,Medio Alto,Riesgoso,Endeudado
4080020,667879,235859,1174254,141415,827210,25167,99089,441481,1474220,35399,10.82,36.13,Medio Alto,Riesgoso,Endeudado
4107817,560109,225454,1030703,134665,1263253,47983,106902,270835,2197637,63196,6.59,53.5,Medio Alto,Riesgoso,Endeudado
4672636,689851,198553,1038028,173886,689818,69196,48013,313613,1978015,28316,6.71,42.33,Medio Alto,Riesgoso,Endeudado
5021941,542372,222075,935595,164093,501853,26130,49095,507412,1799898,67738,10.1,35.84,Medio Alto,Riesgoso,Endeudado
4194825,641483,220114,914117,161546,873468,32939,54904,376548,1559940,70813,8.98,37.19,Medio Alto,Riesgoso,Endeudado
5123289,503497,181859,1152824,161495,922337,57713,57904,521972,1604429,35188,10.19,31.32,Medio Alto,Riesgoso,Endeudado
4309400,716519,236860,874394,162702,858724,64423,66970,478725,2469428,43886,11.11,57.3,Medio Alto,Riesgoso,Endeudado
4607145,673684,163024,847679,145654,977641,42292,91953,424167,2669737,68328,9.21,57.95,Medio Alto,Riesgoso,Endeudado
4869559,592959,221575,923585,121109,1428970,53007,87429,496472,1414508,31518,10.2,29.05,Medio Alto,Riesgoso,Endeudado
4977716,583372,191710,942380,135639,658235,29099,88181,529899,2750202,28638,10.65,55.25,Medio Alto,Riesgoso,Endeudado
4311274,672337,232868,967618,156525,1341074,30270,67351,361047,1610689,70477,8.37,37.36,Medio Alto,Riesgoso,Endeudado
4765501,492573,227703,1084327,129221,592215,34004,105139,438619,804015,38504,9.2,16.87,Medio Alto,Riesgoso,Endeudado
5050757,578383,227441,920708,174411,990201,37301,60833,441982,1778726,36093,8.75,35.22,Medio Alto,Riesgoso,Endeudado
4318734,514194,216596,849050,122324,875887,33243,70144,373673,1463651,69450,8.65,33.89,Medio Alto,Riesgoso,Endeudado
4898063,639494,211060,849251,178263,963732,67691,100656,577326,2041833,52983,11.79,41.69,Medio Alto,Riesgoso,Endeudado
4708388,518557,174450,965053,164053,1150647,41816,62820,529516,567758,39807,11.25,12.06,Medio Alto,Riesgoso,Endeudado
5278525,525541,207356,801197,149703,1414548,69014,38513,357210,1289020,67789,6.77,24.42,Medio Alto,Riesgoso,Endeudado
4638690,657204,181712,943142,171257,637591,57220,84632,507105,1538897,41175,10.93,33.18,Medio Alto,Riesgoso,Endeudado
4389506,533703,215845,1039224,165262,1138739,67319,49524,429146,1776332,50460,9.78,40.47,Medio Alto,Riesgoso,Endeudado
4449855,653604,179738,836964,137596,925386,65133,108783,333966,812389,63006,7.51,18.26,Medio Alto,Riesgoso,Endeudado
4301849,579416,239703,929730,164862,1210035,61073,109882,319168,2414053,26739,7.42,56.12,Medio Alto,Riesgoso,Endeudado
4185123,576291,163587,1186112,149508,1280988,50115,63124,325986,894162,43088,7.79,21.37,Medio Alto,Riesgoso,Endeudado
5124127,603824,232657,882397,168032,612636,26764,93386,540389,1310951,57121,10.55,25.58,Medio Alto,Riesgoso,Endeudado
5285535,667839,180943,895600,156619,642067,36460,53231,496743,1380728,55732,9.4,26.12,Medio Alto,Riesgoso,Endeudado
4386508,569477,231554,833813,147727,1152548,27839,45198,513154,1893320,55564,11.7,43.16,Medio Alto,Riesgoso,Endeudado
4204513,661851,224427,1013474,160150,840617,45492,46496,458559,596858,34145,10.91,14.2,Medio Alto,Riesgoso,Endeudado
4987450,619721,179040,866977,130068,622647,31743,55477,498238,1089073,45693,9.99,21.84,Medio Alto,Riesgoso,Endeudado
4156289,646296,182314,1003196,156384,729735,42577,40695,368536,1586295,47229,8.87,38.17,Medio Alto,Riesgoso,Endeudado
5103113,628118,203585,964399,125186,1267150,67659,44410,374268,987872,61440,7.33,19.36,Medio Alto,Riesgoso,Endeudado
5221432,551059,188956,1024208,134168,1087726,33401,95554,510821,1286135,49763,9.78,24.63,Medio Alto,Riesgoso,Endeudado
4953259,599832,174934,1150109,178824,941309,65344,85664,520107,2842255,72335,10.5,57.38,Medio Alto,Riesgoso,Endeudado
4540594,590703,199512,1040299,124949,1194523,55377,95383,461233,2663827,56722,10.16,58.67,Medio Alto,Riesgoso,Endeudado
4810393,491822,192411,1026103,125909,1136431,49904,62083,526845,1884687,37513,10.95,39.18,Medio Alto,Riesgoso,Endeudado
5162607,589362,199422,1050497,133949,880757,25293,39457,536627,2796503,48883,10.39,54.17,Medio Alto,Riesgoso,Endeudado
5147387,611356,190687,1092406,122257,689536,70388,67008,359856,2484988,36005,6.99,48.28,Medio Alto,Riesgoso,Endeudado
4975479,708184,220787,1058406,149255,1355555,72907,91120,451620,778495,26436,9.08,15.65,Medio Alto,Riesgoso,Endeudado
4735943,569389,162893,978229,141274,1478196,53377,76413,308763,626817,67892,6.52,13.24,Medio Alto,Riesgoso,Endeudado
5168532,598446,210726,1114414,154067,581160,61022,46329,543326,3043770,25460,10.51,58.89,Medio Alto,Riesgoso,Endeudado
5059733,677158,180319,861921,175607,1136847,70276,48238,365435,1210019,33730,7.22,23.91,Medio Alto,Riesgoso,Endeudado
4921844,679750,178517,1060463,141183,904867,53225,93820,512381,1957831,36018,10.41,39.78,Medio Alto,Riesgoso,Endeudado
4961589,520407,203691,869452,127979,573776,58840,43695,570857,842080,36817,11.51,16.97,Medio Alto,Riesgoso,Endeudado
4945672,705273,190486,1130181,161028,516168,39785,65908,389157,1054383,38833,7.87,21.32,Medio Alto,Riesgoso,Endeudado
5059529,544701,178095,932311,158737,1237959,60067,102062,461462,1060847,34270,9.12,20.97,Medio Alto,Riesgoso,Endeudado
5979339,635894,160466,803539,176330,1214296,61257,105122,447051,3292906,40229,7.48,55.07,Alto,Riesgoso,Endeudado
6112065,703914,168237,1047019,168989,1352854,29070,45689,643430,2269289,28869,10.53,37.13,Alto,Riesgoso,Endeudado
6160413,560585,225478,1187333,165956,1168721,58310,49070,594091,2250999,59914,9.64,36.54,Alto,Riesgoso,Endeudado
5410172,548632,219172,1175889,127521,1388546,41921,66383,547022,1312052,35214,10.11,24.25,Alto,Riesgoso,Endeudado
6438278,663014,170408,1187843,163845,974408,56067,94382,504962,2024684,54243,7.84,31.45,Alto,Riesgoso,Endeudado
5879759,682140,205389,1125992,163080,544906,60355,90911,402019,3404822,68654,6.84,57.91,Alto,Riesgoso,Endeudado
5654145,498305,234043,858222,131516,533412,32679,68407,508240,856821,64628,8.99,15.15,Alto,Riesgoso,Endeudado
5750956,523011,186928,1033176,122022,526352,35125,105705,649312,632808,64388,11.29,11.0,Alto,Riesgoso,Endeudado
5687828,647602,236162,1149481,147768,1197858,42349,74635,374993,1167108,47353,6.59,20.52,Alto,Riesgoso,Endeudado
5360289,503346,199877,821059,166856,1080371,59395,69889,580421,1261397,54385,10.83,23.53,Alto,Riesgoso,Endeudado
5660543,615886,198657,979456,168603,1032709,54021,49808,396732,825483,25262,7.01,14.58,Alto,Riesgoso,Endeudado
5935451,606697,197207,1025931,160022,1278514,43439,48131,549526,2480639,70288,9.26,41.79,Alto,Riesgoso,Endeudado
6456222,545891,207412,890693,164702,763859,64754,41800,588630,3696606,60409,9.12,57.26,Alto,Riesgoso,Endeudado
5693359,588457,210704,1105440,135734,1153023,64623,41353,374728,1149861,44163,6.58,20.2,Alto,Riesgoso,Endeudado
5618586,650427,237215,1070137,150061,793183,29316,63207,561504,3236576,40096,9.99,57.6,Alto,Riesgoso,Endeudado
6499451,532088,226308,1107061,177076,914482,42156,111538,496792,984544,32158,7.64,15.15,Alto,Riesgoso,Endeudado
5625950,589166,229680,1193557,165491,938598,68544,108306,649837,681677,44923,11.55,12.12,Alto,Riesgoso,Endeudado
6263121,519139,163468,1165596,140578,1450286,35297,102449,679294,2466222,35272,10.85,39.38,Alto,Riesgoso,Endeudado
5760126,549451,232263,1142187,178550,1111697,68300,77825,373940,2894323,63929,6.49,50.25,Alto,Riesgoso,Endeudado
6070803,610627,169360,1041239,145765,543547,35577,95724,667653,2049325,54387,11.0,33.76,Alto,Riesgoso,Endeudado
5326823,682339,221907,907580,160105,863020,27047,67315,367445,1063745,34908,6.9,19.97,Alto,Riesgoso,Endeudado
6024735,621806,236129,882460,129145,1085964,27606,101553,428903,1176227,34598,7.12,19.52,Alto,Riesgoso,Endeudado
5785118,717460,211986,1039659,169045,854096,31901,62534,407836,2009981,40010,7.05,34.74,Alto,Riesgoso,Endeudado
5651107,600819,171722,910603,145135,842906,40214,38073,523406,2964234,59579,9.26,52.45,Alto,Riesgoso,Endeudado
6303142,617961,197757,1138964,122142,1249318,53776,104806,677174,3291294,71908,10.74,52.22,Alto,Riesgoso,Endeudado
6462767,605886,190118,913573,134084,1111214,68857,72180,705768,1037225,31552,10.92,16.05,Alto,Riesgoso,Endeudado
5822967,655418,178172,1013489,128248,599493,65987,70463,476962,1808684,46677,8.19,31.06,Alto,Riesgoso,Endeudado
6178629,495708,164926,816229,156068,649968,28927,61376,491443,2873834,28432,7.95,46.51,Alto,Riesgoso,Endeudado
5733913,713338,204633,989041,158401,1291305,35110,42530,456515,3433690,67952,7.96,59.88,Alto,Riesgoso,Endeudado
5913954,660771,173428,867789,178607,1296852,56550,100194,668091,3132436,61817,11.3,52.97,Alto,Riesgoso,Endeudado
5544303,671618,238019,947621,145274,958094,39854,88685,620703,661983,70993,11.2,11.94,Alto,Riesgoso,Endeudado
5752633,694882,214265,946805,177880,597232,58673,65683,375423,3208254,48285,6.53,55.77,Alto,Riesgoso,Endeudado
5903552,585660,209641,812556,154720,1413555,64537,66278,500868,988999,37857,8.48,16.75,Alto,Riesgoso,Endeudado
5992299,638617,184700,1121456,159723,1426376,57665,40423,515115,2876176,59418,8.6,48.0,Alto,Riesgoso,Endeudado
6315504,571013,162529,1038343,135291,1214821,68376,56178,613630,3070881,49927,9.72,48.62,Alto,Riesgoso,Endeudado
6141926,618646,238726,1179280,171919,1298044,46128,39627,719403,1524328,70920,11.71,24.82,Alto,Riesgoso,Endeudado
6162398,524204,220215,971236,168319,1059702,55451,90538,400436,3461799,70091,6.5,56.18,Alto,Riesgoso,Endeudado
6273343,503267,239597,881514,175030,1463485,34324,105567,584446,2351412,52027,9.32,37.48,Alto,Riesgoso,Endeudado
6224519,716179,190383,1052192,161845,1481674,29335,98140,608948,2149102,68721,9.78,34.53,Alto,Riesgoso,Endeudado
5562692,627680,236239,1023363,156816,1439094,53289,106022,633721,2514070,72947,11.39,45.2,Alto,Riesgoso,Endeudado
6500917,594117,213696,1181455,158488,609912,47202,78554,752084,2189551,63595,11.57,33.68,Alto,Riesgoso,Endeudado
6116783,563365,196310,1181817,138209,972191,36759,49361,422167,1627250,37262,6.9,26.6,Alto,Riesgoso,Endeudado
5333150,596217,178728,1074456,168340,1063241,49969,103018,396186,1395563,50062,7.43,26.17,Alto,Riesgoso,Endeudado
5811152,570522,224027,823860,138849,1030363,35782,90450,627774,3293930,43138,10.8,56.68,Alto,Riesgoso,Endeudado
6372963,672675,188918,1185838,152683,1098914,70700,78883,429800,2855384,53698,6.74,44.8,Alto,Riesgoso,Endeudado
5320472,620945,169752,1149448,141019,1423766,44666,98696,347496,730648,56725,6.53,13.73,Alto,Riesgoso,Endeudado
5433058,570614,233045,1125529,147956,892172,55677,109155,453021,2918399,70955,8.34,53.72,Alto,Riesgoso,Endeudado
5846337,618792,163285,1179743,177247,684767,27023,86013,478669,1233764,38223,8.19,21.1,Alto,Riesgoso,Endeudado
5607617,698100,162261,1039128,146493,1375131,30811,40631,635981,1775481,58031,11.34,31.66,Alto,Riesgoso,Endeudado
5338290,669486,211006,897351,151196,881243,74569,111229,593100,1619015,43297,11.11,30.33,Alto,Riesgoso,Endeudado
5397757,541136,197213,1013516,163890,850255,51094,60068,420355,740365,68512,7.79,13.72,Alto,Riesgoso,Endeudado
5478414,659913,203695,805979,167663,1418805,47064,55801,424098,1037503,38206,7.74,18.94,Alto,Riesgoso,Endeudado
9257529,553654,229534,1086916,142436,1416465,31642,71028,777194,1726736,32642,8.4,18.65,Muy alto,Riesgoso,Endeudado
7684284,628380,195632,1042454,172357,1070653,60096,108577,847187,1929929,61972,11.02,25.12,Muy alto,Riesgoso,Endeudado
9501696,707595,230719,997591,135814,1408315,48698,97164,899585,5274273,45877,9.47,55.51,Muy alto,Riesgoso,Endeudado
7558211,676970,218758,902936,171736,947945,38536,89711,682112,4457412,44238,9.02,58.97,Muy alto,Riesgoso,Endeudado
7399572,637813,209048,846945,125848,553320,29574,106894,620006,2506621,70271,8.38,33.88,Muy alto,Riesgoso,Endeudado
9223706,687828,179859,886537,178309,1096997,31058,62193,682238,2170877,65013,7.4,23.54,Muy alto,Riesgoso,Endeudado
7855733,719780,194269,1069870,156942,1009353,39897,110566,588540,2940320,54790,7.49,37.43,Muy alto,Riesgoso,Endeudado
9117623,591212,209345,873189,176587,1241426,57589,78661,963141,2542346,40308,10.56,27.88,Muy alto,Riesgoso,Endeudado
8291935,563630,200066,1042077,150615,753596,31946,78699,791151,4038270,51707,9.54,48.7,Muy alto,Riesgoso,Endeudado
9380786,701985,169132,851954,143734,1380728,57097,87232,1036655,4435984,30397,11.05,47.29,Muy alto,Riesgoso,Endeudado
8834433,650590,236277,1010700,163069,586004,51847,71146,1052823,1489244,42202,11.92,16.86,Muy alto,Riesgoso,Endeudado
9295072,582844,185685,898589,125586,521508,46766,86774,773047,1594110,55509,8.32,17.15,Muy alto,Riesgoso,Endeudado
7076503,496509,235919,935094,150661,933404,35326,107553,474988,2641443,41505,6.71,37.33,Muy alto,Riesgoso,Endeudado
9915507,659920,170863,991734,122968,1470906,56948,104324,645171,4808513,71355,6.51,48.49,Muy alto,Riesgoso,Endeudado
6754946,669496,205871,1172316,146990,780353,38999,64117,457114,2149368,38542,6.77,31.82,Muy alto,Riesgoso,Endeudado
9432218,525880,199868,1152569,134124,708053,32959,41185,1030793,4022725,60685,10.93,42.65,Muy alto,Riesgoso,Endeudado
7127096,622717,205937,940651,127547,1105676,50247,112393,760522,2968064,64074,10.67,41.64,Muy alto,Riesgoso,Endeudado
9819217,681056,174039,976127,147930,955674,68555,76745,1122555,4569521,48807,11.43,46.54,Muy alto,Riesgoso,Endeudado
8346615,580685,171829,1110228,156557,871533,55983,39083,890185,930657,35021,10.67,11.15,Muy alto,Riesgoso,Endeudado
8929526,563791,169229,804730,129401,1488120,31878,38684,732264,3555167,54355,8.2,39.81,Muy alto,Riesgoso,Endeudado
9872370,595834,206199,1157230,171876,887960,54459,55853,1070627,2046359,26599,10.84,20.73,Muy alto,Riesgoso,Endeudado
8032500,643447,176631,1157499,135084,1127429,71520,55279,866334,2865378,31145,10.79,35.67,Muy alto,Riesgoso,Endeudado
8320152,678830,178096,987771,164007,1076094,29067,77426,808168,1931645,65459,9.71,23.22,Muy alto,Riesgoso,Endeudado
9988959,686082,196275,1158806,168165,506034,42057,58281,753601,3370383,35538,7.54,33.74,Muy alto,Riesgoso,Endeudado
8245061,713998,213074,1095244,134729,1365776,34676,96374,900018,4322399,56302,10.92,52.42,Muy alto,Riesgoso,Endeudado
7523114,616880,218703,1180023,147680,810755,46236,85405,671115,2268834,47378,8.92,30.16,Muy alto,Riesgoso,Endeudado
9872189,618627,175554,832966,165172,904373,64892,41793,783301,4058371,63478,7.93,41.11,Muy alto,Riesgoso,Endeudado
6958607,499120,227676,1017612,177885,1320008,61596,45262,691177,2075255,44910,9.93,29.82,Muy alto,Riesgoso,Endeudado
6945760,498369,210951,974158,125299,1314691,56799,60195,667049,3639365,70810,9.6,52.4,Muy alto,Riesgoso,Endeudado
8646637,500730,232123,880250,174474,1024819,66953,45062,621240,3409775,37338,7.18,39.43,Muy alto,Riesgoso,Endeudado
7920333,619755,239283,862117,168338,617774,40903,47469,832291,3308166,39381,10.51,41.77,Muy alto,Riesgoso,Endeudado
7822481,704134,174241,881934,127447,549584,41837,75968,712578,2668736,51923,9.11,34.12,Muy alto,Riesgoso,Endeudado
9206380,639749,228709,992258,175497,1189745,57729,41354,997268,2679591,35195,10.83,29.11,Muy alto,Riesgoso,Endeudado
6577169,497619,166591,1082758,134042,550291,65567,41328,513406,823886,71589,7.81,12.53,Muy alto,Riesgoso,Endeudado
8310141,600299,169757,982475,143605,895166,35651,85417,945258,4012017,59160,11.37,48.28,Muy alto,Riesgoso,Endeudado
7207756,708897,170028,1135552,178208,866681,61756,89669,796123,2108891,66632,11.05,29.26,Muy alto,Riesgoso,Endeudado
7340087,537319,213888,1163073,121265,1281656,31914,41029,721755,3490757,54134,9.83,47.56,Muy alto,Riesgoso,Endeudado
7328261,617453,209819,987833,173779,870906,59292,75531,659505,3724780,65024,9.0,50.83,Muy alto,Riesgoso,Endeudado
6670738,626281,239957,1025606,160582,1353035,57968,72767,468475,3640935,62687,7.02,54.58,Muy alto,Riesgoso,Endeudado
6822315,494863,236081,1130495,141404,556948,68834,111476,676655,3578535,38681,9.92,52.45,Muy alto,Riesgoso,Endeudado
9722427,659137,177592,1148587,145612,1271759,65158,83543,690664,4935890,34757,7.1,50.77,Muy alto,Riesgoso,Endeudado
8461766,668942,211632,869917,150783,755126,26664,78532,841425,3806205,35107,9.94,44.98,Muy alto,Riesgoso,Endeudado
6905658,706747,232115,1174828,149924,1134929,60876,90643,546940,3199387,26282,7.92,46.33,Muy alto,Riesgoso,Endeudado
7100199,497423,233661,1174857,125314,1139561,68741,45221,829380,1373591,54280,11.68,19.35,Muy alto,Riesgoso,Endeudado
8454352,634614,177993,1124146,129113,772297,39341,103609,643362,3110185,27421,7.61,36.79,Muy alto,Riesgoso,Endeudado
7034453,545510,215654,1044714,130722,1040594,64501,110959,763126,1382867,33137,10.85,19.66,Muy alto,Riesgoso,Endeudado
9132057,512180,174205,1194873,179948,1207546,28346,76603,804432,1810200,39529,8.81,19.82,Muy alto,Riesgoso,Endeudado
8135435,671120,185429,985554,175162,1151049,58448,93547,903881,1597602,35238,11.11,19.64,Muy alto,Riesgoso,Endeudado
8106904,671934,212516,1008499,157674,1404608,62535,82450,718382,3255320,62618,8.86,40.15,Muy alto,Riesgoso,Endeudado
8861095,641680,198901,877892,138225,1370426,29851,68647,589740,1208047,37543,6.66,13.63,Muy alto,Riesgoso,Endeudado
8789689,670707,162133,902672,121287,618453,68680,44053,640771,1626913,70021,7.29,18.51,Muy alto,Riesgoso,Endeudado
9036023,712882,228318,849425,150071,891971,73786,101705,953806,4572672,55977,10.56,50.6,Muy alto,Riesgoso,Endeudado
1497630,580851,228496,1033530,174157,963464,77801,150077,176161,566958,71504,11.76,37.86,Bajo,Riesgoso,Equilibrado
870529,651225,175461,1046311,122836,1281344,120413,202962,94776,95591,83920,10.89,10.98,Bajo,Riesgoso,Equilibrado
1096083,514246,171623,1168663,160062,517366,113914,150520,92344,155255,134508,8.42,14.16,Bajo,Riesgoso,Equilibrado
897638,719436,225748,1039524,139599,1032703,62942,160228,110931,158715,83063,12.36,17.68,Bajo,Riesgoso,Equilibrado
1533662,546497,199443,1092864,158440,880523,66402,126713,203914,415573,137556,13.3,27.1,Bajo,Riesgoso,Equilibrado
1046422,718934,227555,953166,152132,848576,125688,183576,105167,99124,138090,10.05,9.47,Bajo,Riesgoso,Equilibrado
942977,577063,225491,924461,163838,1096692,92697,75782,120720,341940,62619,12.8,36.26,Bajo,Riesgoso,Equilibrado
1259137,563285,223576,1047185,143270,1449932,58658,175307,151647,585091,72567,12.04,46.47,Bajo,Riesgoso,Equilibrado
1273754,524230,170910,815832,168646,613848,135004,78365,178541,340101,89980,14.02,26.7,Bajo,Riesgoso,Equilibrado
1258259,557738,182803,1046212,170179,911742,110406,139837,137626,293233,70095,10.94,23.3,Bajo,Riesgoso,Equilibrado
1376092,678474,201538,872271,173511,906383,109950,127354,145523,188609,149888,10.58,13.71,Bajo,Riesgoso,Equilibrado
1112189,606164,195484,918711,141554,686863,104056,96246,156769,530556,111537,14.1,47.7,Bajo,Riesgoso,Equilibrado
860871,536463,235330,918498,126401,609057,61026,196807,78112,205757,100387,9.07,23.9,Bajo,Riesgoso,Equilibrado
1056077,694657,234521,1167607,162157,551900,130341,115796,150092,394445,128779,14.21,37.35,Bajo,Riesgoso,Equilibrado
1168277,608885,233858,1065153,141654,1464377,144957,209600,166878,367624,54385,14.28,31.47,Bajo,Riesgoso,Equilibrado
1109299,630898,211372,963297,175345,1407767,103808,159102,112216,140187,133171,10.12,12.64,Bajo,Riesgoso,Equilibrado
1134164,491424,185729,908164,171432,1280495,108520,140950,147617,544047,77578,13.02,47.97,Bajo,Riesgoso,Equilibrado
1484252,642224,207931,870956,166406,1209927,112768,197794,153434,702671,61490,10.34,47.34,Bajo,Riesgoso,Equilibrado
1100693,687008,227409,1195037,140717,1261918,124909,202891,158434,404701,89703,14.39,36.77,Bajo,Riesgoso,Equilibrado
1017977,614975,211329,1019311,139858,1117716,113148,149518,115323,449897,81720,11.33,44.2,Bajo,Riesgoso,Equilibrado
1584811,676695,179366,964936,175891,999017,57253,168670,163607,165913,102792,10.32,10.47,Bajo,Riesgoso,Equilibrado
830117,481636,185840,895417,139274,966355,127270,211128,77017,367060,82617,9.28,44.22,Bajo,Riesgoso,Equilibrado
1140531,582884,213243,1085707,159913,867280,56042,209570,105597,437253,56490,9.26,38.34,Bajo,Riesgoso,Equilibrado
1584751,501448,162137,880053,167132,831212,64189,77547,219802,640376,104953,13.87,40.41,Bajo,Riesgoso,Equilibrado
1427554,579047,193968,976166,157172,601929,50489,86266,146661,592657,55619,10.27,41.52,Bajo,Riesgoso,Equilibrado
1583007,626856,239490,1129607,141363,900583,72134,203976,214999,425159,92745,13.58,26.86,Bajo,Riesgoso,Equilibrado
946916,584340,160255,1076198,172089,1145817,51041,174132,85295,294305,138614,9.01,31.08,Bajo,Riesgoso,Equilibrado
1114390,700079,217270,1083413,154064,825450,50758,116800,121107,138739,89104,10.87,12.45,Bajo,Riesgoso,Equilibrado
1227211,498614,215121,1121337,149981,1300626,110932,97063,109533,462245,149890,8.93,37.67,Bajo,Riesgoso,Equilibrado
1291892,546315,229402,1183667,149654,1215845,96210,160217,123567,465017,129550,9.56,36.0,Bajo,Riesgoso,Equilibrado
881615,507656,207013,1101462,169699,631572,91029,119886,100648,87994,70315,11.42,9.98,Bajo,Riesgoso,Equilibrado
1049068,488717,170905,899321,121484,1171701,125728,102171,137617,499841,100624,13.12,47.65,Bajo,Riesgoso,Equilibrado
1354152,522133,220372,1183204,163001,1225015,102965,85812,140214,245947,120131,10.35,18.16,Bajo,Riesgoso,Equilibrado
1545328,684252,179244,989131,150443,1395813,90140,123058,165898,355088,87714,10.74,22.98,Bajo,Riesgoso,Equilibrado
1563503,601025,236165,1193378,137113,1427092,109947,75090,131872,472985,90252,8.43,30.25,Bajo,Riesgoso,Equilibrado
1600965,589915,212520,1046485,128729,509949,120597,137313,141636,463190,149213,8.85,28.93,Bajo,Riesgoso,Equilibrado
860988,491838,232788,882994,138147,1174954,145189,90270,74932,396244,74539,8.7,46.02,Bajo,Riesgoso,Equilibrado
950386,542231,222373,989094,147695,862970,86743,218200,90789,370222,70625,9.55,38.95,Bajo,Riesgoso,Equilibrado
1256589,496650,238209,944679,173544,579389,147679,163439,172051,190758,120562,13.69,15.18,Bajo,Riesgoso,Equilibrado
1438818,651326,197365,1067442,134704,635554,123840,206645,202733,178422,65905,14.09,12.4,Bajo,Riesgoso,Equilibrado
1460591,489223,192844,866379,126921,1368082,135529,123352,155176,402915,131793,10.62,27.59,Bajo,Riesgoso,Equilibrado
810064,665581,181893,933938,160698,1475293,61491,75309,67340,203171,115744,8.31,25.08,Bajo,Riesgoso,Equilibrado
994050,542585,182457,1169231,142726,1283511,94567,131898,137585,379435,80683,13.84,38.17,Bajo,Riesgoso,Equilibrado
1586141,509594,203892,810624,124708,1035376,142334,139687,214124,351774,53388,13.5,22.18,Bajo,Riesgoso,Equilibrado
1367283,583665,219531,1077342,137878,761308,61043,153563,140663,393147,76547,10.29,28.75,Bajo,Riesgoso,Equilibrado
1204131,568929,233073,1114959,121390,1436765,112694,147270,139030,124159,79463,11.55,10.31,Bajo,Riesgoso,Equilibrado
885503,603079,172371,1105427,140606,684897,144548,212674,119930,102339,74572,13.54,11.56,Bajo,Riesgoso,Equilibrado
984289,566977,177773,1030250,138803,940746,110472,198122,145932,338800,80133,14.83,34.42,Bajo,Riesgoso,Equilibrado
1610839,536468,162516,865432,135074,1407946,67056,122943,213880,677392,67717,13.28,42.05,Bajo,Riesgoso,Equilibrado
1468531,637524,195064,965776,148278,1173696,58101,118539,164308,573782,134366,11.19,39.07,Bajo,Riesgoso,Equilibrado
873944,663189,198816,852898,132875,1434369,58058,82999,81810,306027,97560,9.36,35.02,Bajo,Riesgoso,Equilibrado
983205,566817,222237,1199732,138605,552474,86996,162162,104116,301897,128053,10.59,30.71,Bajo,Riesgoso,Equilibrado
2730768,715537,198122,1133542,120591,745438,116029,75889,408215,1047836,70276,14.95,38.37,Medio Bajo,Riesgoso,Equilibrado
2394451,648759,215896,939675,159205,725971,51928,212928,266322,297944,104638,11.12,12.44,Medio Bajo,Riesgoso,Equilibrado
2630440,522892,164920,1162198,164386,1214833,67175,224962,354724,404804,84524,13.49,15.39,Medio Bajo,Riesgoso,Equilibrado
1796929,623003,222985,1173836,138613,783283,123480,135941,242202,823892,67020,13.48,45.85,Medio Bajo,Riesgoso,Equilibrado
1881802,677523,203742,1105079,163872,586481,88197,168093,153996,883570,145755,8.18,46.95,Medio Bajo,Riesgoso,Equilibrado
2801054,637074,176018,943361,133372,1490602,126051,215481,233386,948084,77064,8.33,33.85,Medio Bajo,Riesgoso,Equilibrado
2106621,601668,188548,1127147,123672,1278879,134454,137797,208132,404338,130208,9.88,19.19,Medio Bajo,Riesgoso,Equilibrado
1844658,501520,234250,896734,155879,875072,55427,181125,213480,459148,97384,11.57,24.89,Medio Bajo,Riesgoso,Equilibrado
2633630,559024,162583,921627,133303,609588,149831,100030,218474,767068,54113,8.3,29.13,Medio Bajo,Riesgoso,Equilibrado
1715973,529851,198272,1015791,149364,978469,76202,101225,245122,537255,125739,14.28,31.31,Medio Bajo,Riesgoso,Equilibrado
2399866,611298,233949,1071947,170563,863686,58208,81273,244966,799406,107745,10.21,33.31,Medio Bajo,Riesgoso,Equilibrado
2087471,631000,223296,973795,124793,1170070,67713,163447,279306,607783,139997,13.38,29.12,Medio Bajo,Riesgoso,Equilibrado
2320159,704821,163105,915380,166861,681634,113356,195903,333849,552011,145678,14.39,23.79,Medio Bajo,Riesgoso,Equilibrado
1901161,694884,202320,1046088,140384,770678,103958,178184,173394,676684,58905,9.12,35.59,Medio Bajo,Riesgoso,Equilibrado
2831804,579515,160370,896572,162110,890898,137273,160572,343629,371525,81115,12.13,13.12,Medio Bajo,Riesgoso,Equilibrado
2548295,621038,190929,1158766,162258,971064,100012,110334,204352,700686,50504,8.02,27.5,Medio Bajo,Riesgoso,Equilibrado
2057518,613468,213566,1004768,158241,1315845,96632,185946,177661,398089,128169,8.63,19.35,Medio Bajo,Riesgoso,Equilibrado
2785196,513086,163683,815437,123114,1268902,61383,219630,319297,1106169,135121,11.46,39.72,Medio Bajo,Riesgoso,Equilibrado
2760567,486177,239120,964367,131659,925315,144892,223427,232515,587401,108185,8.42,21.28,Medio Bajo,Riesgoso,Equilibrado
2778467,634059,183674,1191141,157058,1181214,101372,123823,252647,740219,83245,9.09,26.64,Medio Bajo,Riesgoso,Equilibrado
2490223,537386,164399,882685,154144,646614,51484,183028,335400,309419,116347,13.47,12.43,Medio Bajo,Riesgoso,Equilibrado
1821186,563247,211561,1040920,174699,697993,72042,175877,260626,448010,116443,14.31,24.6,Medio Bajo,Riesgoso,Equilibrado
2647226,657756,192184,1009560,158601,1245996,123730,138014,388688,1267434,105193,14.68,47.88,Medio Bajo,Riesgoso,Equilibrado
1658283,614354,177908,825191,122409,1315316,148617,180553,201626,474757,127553,12.16,28.63,Medio Bajo,Riesgoso,Equilibrado
1795711,648777,193708,1159330,178429,1218169,106239,111248,154024,357571,149265,8.58,19.91,Medio Bajo,Riesgoso,Equilibrado
1849531,516470,216552,934157,124442,765867,64464,118154,218081,744635,92354,11.79,40.26,Medio Bajo,Riesgoso,Equilibrado
1647655,595429,223401,1160353,131294,553755,91618,190430,238479,341764,94311,14.47,20.74,Medio Bajo,Riesgoso,Equilibrado
2841153,694217,167192,1190763,177286,924014,69304,91393,308794,918151,67834,10.87,32.32,Medio Bajo,Riesgoso,Equilibrado
2756411,707402,184734,991853,125238,604090,82108,124412,253321,655953,65167,9.19,23.8,Medio Bajo,Riesgoso,Equilibrado
2293678,592098,161793,931608,172507,526375,112623,165947,328813,952110,149397,14.34,41.51,Medio Bajo,Riesgoso,Equilibrado
1909870,525562,162625,1163408,125114,1389277,76272,80518,246921,715982,122557,12.93,37.49,Medio Bajo,Riesgoso,Equilibrado
2394369,684737,183368,1043927,139832,568712,117982,115108,354712,760748,107918,14.81,31.77,Medio Bajo,Riesgoso,Equilibrado
2060898,657382,162563,1069406,136222,1371589,60396,123662,185843,741210,86412,9.02,35.97,Medio Bajo,Riesgoso,Equilibrado
2841228,561026,213434,992633,139062,579897,73482,77459,354494,993954,147210,12.48,34.98,Medio Bajo,Riesgoso,Equilibrado
2217697,718294,185108,861294,129954,979398,80313,196025,291377,902049,82486,13.14,40.68,Medio Bajo,Riesgoso,Equilibrado
2470677,530389,184419,887679,169108,975726,103792,119158,297120,1090467,123824,12.03,44.14,Medio Bajo,Riesgoso,Equilibrado
2022676,627478,184690,985258,166749,1210614,58438,162562,301291,811527,68429,14.9,40.12,Medio Bajo,Riesgoso,Equilibrado
1912142,562807,203294,890309,130749,1289945,122045,181198,265387,596171,69180,13.88,31.18,Medio Bajo,Riesgoso,Equilibrado
2449167,512600,209266,1126564,130910,1340135,54005,112958,253724,254978,52638,10.36,10.41,Medio Bajo,Riesgoso,Equilibrado
2698984,514543,222942,1126296,128315,752673,76812,187776,323088,735084,111482,11.97,27.24,Medio Bajo,Riesgoso,Equilibrado
2567169,701089,167197,1099941,150973,1288402,63372,207466,325159,873208,60869,12.67,34.01,Medio Bajo,Riesgoso,Equilibrado
2466423,482090,189210,1075330,150414,1193750,135073,138361,290599,215834,108735,11.78,8.75,Medio Bajo,Riesgoso,Equilibrado
1636896,687323,164411,976365,161187,535880,136089,197972,204877,781236,128271,12.52,47.73,Medio Bajo,Riesgoso,Equilibrado
2400974,658017,188810,916283,135066,684043,144937,189590,316589,222947,81983,13.19,9.29,Medio Bajo,Riesgoso,Equilibrado
2264402,570781,208039,906624,164879,681743,100164,129798,315337,378673,87772,13.93,16.72,Medio Bajo,Riesgoso,Equilibrado
1636272,615668,198086,1029995,122075,1282003,100672,224925,196728,161328,101860,12.02,9.86,Medio Bajo,Riesgoso,Equilibrado
2379149,530559,183483,1025275,162715,1433764,68030,221496,216198,332822,66380,9.09,13.99,Medio Bajo,Riesgoso,Equilibrado
2465472,689796,212770,1115489,137191,524663,61065,166341,211511,810763,91051,8.58,32.88,Medio Bajo,Riesgoso,Equilibrado
2538666,545410,201906,897938,120802,1285521,50643,129046,204056,994952,54449,8.04,39.19,Medio Bajo,Riesgoso,Equilibrado
1860891,679924,205084,864517,151084,825014,140984,112476,204486,755803,145972,10.99,40.62,Medio Bajo,Riesgoso,Equilibrado
1777281,636855,171100,921361,151314,671261,142271,177841,168459,655197,54198,9.48,36.87,Medio Bajo,Riesgoso,Equilibrado
2142803,508791,235452,1150913,140060,580750,128285,219315,247688,304540,96230,11.56,14.21,Medio Bajo,Riesgoso,Equilibrado
3085130,495095,188058,1125456,142783,760388,90453,205612,354311,1089560,63561,11.48,35.32,Medio,Riesgoso,Equilibrado
2954199,488342,176294,937121,149708,1090708,59511,133220,292463,262205,81398,9.9,8.88,Medio,Riesgoso,Equilibrado
3424980,667072,178841,818960,153658,1353414,65402,119899,421850,1576898,97587,12.32,46.04,Medio,Riesgoso,Equilibrado
3909076,689122,187740,876537,144196,510922,62488,167047,356702,1701185,67361,9.12,43.52,Medio,Riesgoso,Equilibrado
3817343,488143,161465,1050915,122361,991819,126499,142204,305759,453942,94283,8.01,11.89,Medio,Riesgoso,Equilibrado
3959686,701313,228362,1172346,151436,521316,85567,194605,471056,1717793,116809,11.9,43.38,Medio,Riesgoso,Equilibrado
3551297,583633,177893,894635,177761,664485,66310,222257,360506,1613330,125150,10.15,45.43,Medio,Riesgoso,Equilibrado
3166295,545154,233508,977626,123316,1249944,80851,85285,454374,618913,133953,14.35,19.55,Medio,Riesgoso,Equilibrado
3628305,629793,202948,945590,148982,837011,71326,175558,461918,1440838,63353,12.73,39.71,Medio,Riesgoso,Equilibrado
3614464,666715,235742,976950,177605,899958,81858,176330,356623,448086,125029,9.87,12.4,Medio,Riesgoso,Equilibrado
3109902,714199,228500,955698,164535,561369,77184,178763,402609,535769,144889,12.95,17.23,Medio,Riesgoso,Equilibrado
3094922,488079,211203,867631,152605,1047480,86632,199919,334447,1379288,102969,10.81,44.57,Medio,Riesgoso,Equilibrado
2923647,548927,175587,832460,128640,1110067,100168,86482,293522,1107751,135689,10.04,37.89,Medio,Riesgoso,Equilibrado
4008071,504486,197841,1165361,144350,1126402,148244,78157,440864,1344630,145973,11.0,33.55,Medio,Riesgoso,Equilibrado
3534784,715815,162933,1169566,156307,661447,131389,204797,417122,425771,140809,11.8,12.05,Medio,Riesgoso,Equilibrado
3371686,700897,205589,1003087,159870,615751,126762,128402,429961,888256,135034,12.75,26.34,Medio,Riesgoso,Equilibrado
3585642,584653,194991,817724,159344,846988,112226,219659,375799,741992,112144,10.48,20.69,Medio,Riesgoso,Equilibrado
3522226,615312,234320,946051,128013,1008070,140093,84072,504878,314888,98171,14.33,8.94,Medio,Riesgoso,Equilibrado
3602723,511618,215083,976049,162922,1042042,50666,120748,314303,1479811,145648,8.72,41.07,Medio,Riesgoso,Equilibrado
4016670,518597,175130,855648,178584,861360,141565,101417,587090,1704396,65491,14.62,42.43,Medio,Riesgoso,Equilibrado
3889871,490189,196956,1012758,164091,1426821,138954,100999,373054,1600582,148594,9.59,41.15,Medio,Riesgoso,Equilibrado
3102004,613716,175097,973365,122251,1221151,97797,156426,369627,919403,87511,11.92,29.64,Medio,Riesgoso,Equilibrado
2851329,507410,205289,1169935,133638,822495,80677,158267,312597,375010,65792,10.96,13.15,Medio,Riesgoso,Equilibrado
3659218,535057,184460,1155653,137307,1291228,114150,167306,455530,1294275,106749,12.45,35.37,Medio,Riesgoso,Equilibrado
3860529,634149,196149,1131616,131407,1022122,114793,199044,448551,784032,55253,11.62,20.31,Medio,Riesgoso,Equilibrado
3102737,519470,186125,1114079,141500,513972,63849,146976,392719,1423487,80902,12.66,45.88,Medio,Riesgoso,Equilibrado
3187264,537824,182893,1016524,170401,631083,127644,189494,373911,642989,103720,11.73,20.17,Medio,Riesgoso,Equilibrado
3866151,692770,169813,1096437,136950,1166840,124957,200052,575388,339190,94118,14.88,8.77,Medio,Riesgoso,Equilibrado
3473088,611883,172525,888024,163627,1204446,73338,148837,280345,470751,139879,8.07,13.55,Medio,Riesgoso,Equilibrado
3460350,626369,166287,842147,145889,1453047,55453,119680,489804,677430,140933,14.15,19.58,Medio,Riesgoso,Equilibrado
3579641,599673,219899,906965,130553,1287770,147101,213686,321702,1654473,110289,8.99,46.22,Medio,Riesgoso,Equilibrado
3748116,680122,208059,922353,164873,1236674,116615,96625,300655,1523631,80873,8.02,40.65,Medio,Riesgoso,Equilibrado
3507493,580062,166363,849003,161256,978566,66151,189514,377472,420583,77823,10.76,11.99,Medio,Riesgoso,Equilibrado
4025191,578437,194770,886685,160487,1065650,99338,165215,503787,614238,117114,12.52,15.26,Medio,Riesgoso,Equilibrado
3556757,659855,217838,1087841,159388,1135370,83183,142140,493343,303864,140551,13.87,8.54,Medio,Riesgoso,Equilibrado
3242569,588114,186971,1045688,178602,802579,140365,214632,480895,761532,98185,14.83,23.49,Medio,Riesgoso,Equilibrado
3628339,717456,168267,1089108,175278,628097,100624,89191,399101,1107335,132601,11.0,30.52,Medio,Riesgoso,Equilibrado
4049059,656996,206840,809701,163464,751362,136855,157582,341403,1266200,128968,8.43,31.27,Medio,Riesgoso,Equilibrado
3344833,561971,234034,1194629,154669,1375639,52418,129299,333167,1387171,78299,9.96,41.47,Medio,Riesgoso,Equilibrado
3242470,701465,206169,800053,140074,645027,120398,180236,328376,1155691,115382,10.13,35.64,Medio,Riesgoso,Equilibrado
3512752,547250,199320,938646,148770,1132434,59041,168683,491429,983601,82311,13.99,28.0,Medio,Riesgoso,Equilibrado
2967351,581242,229453,985097,143831,853987,131809,171873,428843,638620,128939,14.45,21.52,Medio,Riesgoso,Equilibrado
3857985,709295,206343,900640,139067,1248036,98563,167094,448967,1798108,75710,11.64,46.61,Medio,Riesgoso,Equilibrado
3576161,661004,180698,808783,155093,1496707,112575,143733,441495,797559,119249,12.35,22.3,Medio,Riesgoso,Equilibrado
3030737,719153,225043,1132582,159223,1457257,50514,136076,263192,1298697,75404,8.68,42.85,Medio,Riesgoso,Equilibrado
3878527,553567,238765,924350,178446,738566,136795,210101,313155,767319,82696,8.07,19.78,Medio,Riesgoso,Equilibrado
3452789,509045,170587,996497,148946,511392,110718,139348,407424,1567345,122973,11.8,45.39,Medio,Riesgoso,Equilibrado
3595363,599446,203955,1122229,134009,948538,80454,122755,435739,592893,65047,12.12,16.49,Medio,Riesgoso,Equilibrado
3555946,712473,218139,1077809,156474,1026855,105322,145768,465751,827506,69815,13.1,23.27,Medio,Riesgoso,Equilibrado
3787332,505109,161120,951163,174062,1096665,85785,207937,375064,521191,118162,9.9,13.76,Medio,Riesgoso,Equilibrado
3794232,636665,231912,894853,163103,683247,70433,153488,450188,666577,114315,11.87,17.57,Medio,Riesgoso,Equilibrado
3216645,562909,211399,875908,134966,1232679,77937,212721,308051,1275327,70311,9.58,39.65,Medio,Riesgoso,Equilibrado
4629042,557926,177761,932470,148015,1440450,61241,132181,476745,1407335,54860,10.3,30.4,Medio Alto,Riesgoso,Equilibrado
5098996,581612,226368,894891,164457,900516,148482,101490,761164,568776,111473,14.93,11.15,Medio Alto,Riesgoso,Equilibrado
4284701,647489,214600,869733,151684,1499803,55523,77135,461701,734406,135483,10.78,17.14,Medio Alto,Riesgoso,Equilibrado
4300754,563984,160797,816130,141333,726735,74119,106917,511981,552327,111260,11.9,12.84,Medio Alto,Riesgoso,Equilibrado
4983081,597947,163597,1198823,174541,1292109,58048,190685,665247,1550567,147436,13.35,31.12,Medio Alto,Riesgoso,Equilibrado
4172890,683457,213834,996287,144131,1085397,107535,186592,465843,1165202,75802,11.16,27.92,Medio Alto,Riesgoso,Equilibrado
4794615,518676,213607,948662,164815,661506,62344,93645,639167,1957026,118871,13.33,40.82,Medio Alto,Riesgoso,Equilibrado
5235478,511739,210811,996574,178783,1474125,59143,78805,429451,1892572,82765,8.2,36.15,Medio Alto,Riesgoso,Equilibrado
4725939,717202,182926,808067,159831,1348461,139439,116335,593423,1808885,50184,12.56,38.28,Medio Alto,Riesgoso,Equilibrado
5062742,634563,167453,1035872,173995,619406,93906,179265,626670,656853,62172,12.38,12.97,Medio Alto,Riesgoso,Equilibrado
4174555,664372,208684,934902,120655,1092310,72255,121618,488064,1611972,98257,11.69,38.61,Medio Alto,Riesgoso,Equilibrado
4803763,595015,236358,903881,176727,506530,112320,175419,535235,897479,63141,11.14,18.68,Medio Alto,Riesgoso,Equilibrado
4772241,607383,211208,959360,149288,732389,115204,174818,402192,1430365,140055,8.43,29.97,Medio Alto,Riesgoso,Equilibrado
4954262,678562,221127,833158,151979,849066,125153,97349,649270,2017850,141412,13.11,40.73,Medio Alto,Riesgoso,Equilibrado
4222305,592012,162042,817969,138659,939823,129778,175198,362212,1034333,71406,8.58,24.5,Medio Alto,Riesgoso,Equilibrado
4275800,490671,203934,1163234,171479,644463,99626,173111,438786,517790,76438,10.26,12.11,Medio Alto,Riesgoso,Equilibrado
4760278,494260,227444,1090837,163042,1044909,52209,98023,696519,2040095,106646,14.63,42.86,Medio Alto,Riesgoso,Equilibrado
5004154,683028,234855,1149355,144314,830577,71589,172690,593818,1806526,80989,11.87,36.1,Medio Alto,Riesgoso,Equilibrado
4532508,537954,202005,1140529,126348,1483344,129301,132777,580611,1609981,68079,12.81,35.52,Medio Alto,Riesgoso,Equilibrado
4749345,667920,200186,1059960,149387,1351062,86419,218861,424579,1313293,124526,8.94,27.65,Medio Alto,Riesgoso,Equilibrado
4591071,484788,199519,942023,143743,1232324,114610,209837,434272,1613052,138821,9.46,35.13,Medio Alto,Riesgoso,Equilibrado
4419520,675160,168957,905357,173838,983211,53767,184327,385075,1380244,148323,8.71,31.23,Medio Alto,Riesgoso,Equilibrado
4901054,692239,192259,1034954,150898,1228814,110419,119876,589579,1283602,88912,12.03,26.19,Medio Alto,Riesgoso,Equilibrado
4646873,623361,187383,836134,164359,1093666,52980,176435,421283,451896,101473,9.07,9.72,Medio Alto,Riesgoso,Equilibrado
5290680,647509,216284,1090028,136067,1378296,84997,179314,438043,625976,79013,8.28,11.83,Medio Alto,Riesgoso,Equilibrado
4944569,617755,220254,800765,163121,541586,93625,182393,639129,2312726,89822,12.93,46.77,Medio Alto,Riesgoso,Equilibrado
4263030,540636,182147,1193726,169215,1346989,68636,203517,395706,1872464,70244,9.28,43.92,Medio Alto,Riesgoso,Equilibrado
4876469,527865,202367,1163387,171328,1224879,57307,161518,557714,838461,126829,11.44,17.19,Medio Alto,Riesgoso,Equilibrado
4206519,633243,174228,975144,128750,1009671,122111,193415,380673,1662734,75191,9.05,39.53,Medio Alto,Riesgoso,Equilibrado
4418478,546407,225698,810673,122991,1286069,88472,81403,520761,1748154,118205,11.79,39.56,Medio Alto,Riesgoso,Equilibrado
5278084,716402,228125,1145268,132853,1097352,70591,170580,515446,2471638,93956,9.77,46.83,Medio Alto,Riesgoso,Equilibrado
4750944,696490,239686,1029351,146807,1371575,134610,179934,427727,546340,146612,9.0,11.5,Medio Alto,Riesgoso,Equilibrado
4209936,660568,212669,953902,159546,542970,135968,170807,629534,1143751,115676,14.95,27.17,Medio Alto,Riesgoso,Equilibrado
4739045,558523,179234,913933,155120,1291972,149716,223858,655310,1137855,122418,13.83,24.01,Medio Alto,Riesgoso,Equilibrado
4411789,638495,181526,928260,136780,1043559,53941,157357,550760,1982506,97739,12.48,44.94,Medio Alto,Riesgoso,Equilibrado
4332138,665606,226058,1187253,135033,1008822,138010,207073,494237,1220046,138234,11.41,28.16,Medio Alto,Riesgoso,Equilibrado
4291667,630895,200010,1120562,131071,672356,65547,159829,375520,395886,118049,8.75,9.22,Medio Alto,Riesgoso,Equilibrado
4156475,691121,203237,1157641,171502,827267,113084,76494,612535,503387,120818,14.74,12.11,Medio Alto,Riesgoso,Equilibrado
4489017,632383,193106,1016951,178748,1476359,111078,89499,582101,530444,107882,12.97,11.82,Medio Alto,Riesgoso,Equilibrado
4501948,559673,199416,1078297,164195,1054830,91294,117241,628970,1684608,117477,13.97,37.42,Medio Alto,Riesgoso,Equilibrado
4590553,590835,208369,1112668,149812,631138,57655,116567,574329,2047347,62999,12.51,44.6,Medio Alto,Riesgoso,Equilibrado
4321301,611896,171398,1162634,122953,1115795,108982,103227,547027,1464475,81730,12.66,33.89,Medio Alto,Riesgoso,Equilibrado
4554860,609814,198637,1029445,126180,1327392,67298,85277,562081,1109816,135774,12.34,24.37,Medio Alto,Riesgoso,Equilibrado
4930846,612426,209274,926817,141306,1065812,122824,156646,575743,738228,139069,11.68,14.97,Medio Alto,Riesgoso,Equilibrado
4074689,528088,213091,1138527,122765,505966,64026,209101,329586,932880,106717,8.09,22.89,Medio Alto,Riesgoso,Equilibrado
5082530,701048,233722,959735,149789,1242574,126082,200488,445906,1770273,86357,8.77,34.83,Medio Alto,Riesgoso,Equilibrado
5071868,494930,207052,1124279,142663,1262592,104049,114363,597549,807725,109791,11.78,15.93,Medio Alto,Riesgoso,Equilibrado
5170312,578309,207436,1165900,179623,1036296,117160,202646,441833,534097,139261,8.55,10.33,Medio Alto,Riesgoso,Equilibrado
4713508,637936,205917,1122767,120685,1434846,86756,115766,393524,742204,100213,8.35,15.75,Medio Alto,Riesgoso,Equilibrado
5151587,680042,206505,1181670,142899,1325820,50640,184591,484241,2234156,115950,9.4,43.37,Medio Alto,Riesgoso,Equilibrado
4177451,530652,213981,1133357,148025,1306560,79531,154589,589091,1924091,69771,14.1,46.06,Medio Alto,Riesgoso,Equilibrado
4442887,512442,174220,881405,123645,941314,121995,142021,402130,1761637,111947,9.05,39.65,Medio Alto,Riesgoso,Equilibrado
5535590,493463,189786,902588,167635,632562,110505,98046,686136,2299909,146849,12.39,41.55,Alto,Riesgoso,Equilibrado
5711725,661025,207553,1103651,171172,1411927,102002,157639,690702,852616,56119,12.09,14.93,Alto,Riesgoso,Equilibrado
5407292,675243,191492,947062,175445,1236182,64070,112182,557297,1266447,122243,10.31,23.42,Alto,Riesgoso,Equilibrado
5853379,618320,204092,895676,167402,954042,136446,131239,508447,1446248,96330,8.69,24.71,Alto,Riesgoso,Equilibrado
6020925,546958,180504,1064690,174328,1361716,109386,138617,762952,505600,106157,12.67,8.4,Alto,Riesgoso,Equilibrado
5802002,690685,177451,811625,120879,1313678,103567,94455,682808,1334436,116417,11.77,23.0,Alto,Riesgoso,Equilibrado
5344929,705693,212872,1194467,142089,1301278,140829,189992,782891,1838093,135337,14.65,34.39,Alto,Riesgoso,Equilibrado
5332548,482137,227531,979269,141774,539479,104012,143651,512856,1501203,85866,9.62,28.15,Alto,Riesgoso,Equilibrado
5299755,659430,169790,1038010,172877,630630,79906,131326,678276,2216338,55820,12.8,41.82,Alto,Riesgoso,Equilibrado
5482685,484317,224093,966554,134844,613999,132338,157606,524294,1772188,136207,9.56,32.32,Alto,Riesgoso,Equilibrado
5976507,649646,221449,859609,142326,862040,147973,133032,780450,1942389,120681,13.06,32.5,Alto,Riesgoso,Equilibrado
5694775,675193,212914,1148675,135189,670706,131639,138056,556632,848174,127354,9.77,14.89,Alto,Riesgoso,Equilibrado
6389835,519126,182757,936216,156512,539307,65731,192778,719852,2706126,66240,11.27,42.35,Alto,Riesgoso,Equilibrado
6076497,599119,239341,1077983,133362,538778,131153,88034,753934,1441007,58771,12.41,23.71,Alto,Riesgoso,Equilibrado
6462337,686598,181433,844392,151659,686394,146434,136630,758028,2992593,128951,11.73,46.31,Alto,Riesgoso,Equilibrado
6462772,671313,208044,1144227,126246,1078236,85718,75822,828413,1022318,51119,12.82,15.82,Alto,Riesgoso,Equilibrado
5315694,509437,225614,943925,141708,571109,130066,76559,739834,440601,55280,13.92,8.29,Alto,Riesgoso,Equilibrado
6319499,712802,222938,1156012,144543,797174,139586,168794,620816,1003477,128742,9.82,15.88,Alto,Riesgoso,Equilibrado
6097237,679534,181446,1165922,173641,1019030,68411,161644,765126,1493516,52040,12.55,24.49,Alto,Riesgoso,Equilibrado
5896378,536137,170074,895119,172366,1052028,73810,188681,676481,2059004,73763,11.47,34.92,Alto,Riesgoso,Equilibrado
5902989,484641,180751,916610,129647,921359,149922,118701,757437,1138784,124423,12.83,19.29,Alto,Riesgoso,Equilibrado
5763893,660441,170408,834914,179452,1348304,52359,191182,697633,2170460,143656,12.1,37.66,Alto,Riesgoso,Equilibrado
5711518,542200,187826,946802,122697,742475,122476,200188,637162,2030870,139674,11.16,35.56,Alto,Riesgoso,Equilibrado
6466615,569362,188775,933575,163823,517966,98119,127268,844991,2396027,138783,13.07,37.05,Alto,Riesgoso,Equilibrado
5901957,508661,210796,1197902,138151,641913,55095,122751,480426,2194136,135122,8.14,37.18,Alto,Riesgoso,Equilibrado
5729833,590039,197848,920972,158206,752507,94922,110056,522367,2710257,56362,9.12,47.3,Alto,Riesgoso,Equilibrado
5982604,708637,170350,929176,178464,1165268,110523,223351,884369,560167,74092,14.78,9.36,Alto,Riesgoso,Equilibrado
5680019,673776,184919,1117494,133808,509290,143743,200503,715814,992491,93684,12.6,17.47,Alto,Riesgoso,Equilibrado
6313828,651619,178364,1044417,174202,1063529,71197,148976,506110,1081423,67801,8.02,17.13,Alto,Riesgoso,Equilibrado
5745691,616067,239903,990037,176640,971778,70904,120482,858768,931401,96636,14.95,16.21,Alto,Riesgoso,Equilibrado
6037421,669084,163087,921764,134518,1090612,73715,194669,875635,925707,52702,14.5,15.33,Alto,Riesgoso,Equilibrado
5645783,664300,170751,986864,155292,1000863,116658,90507,482960,521005,72882,8.55,9.23,Alto,Riesgoso,Equilibrado
5662429,621857,190215,801355,147014,576895,55773,160582,621907,590151,67624,10.98,10.42,Alto,Riesgoso,Equilibrado
5511648,703730,189286,986154,163963,523518,81117,109343,516101,811339,65582,9.36,14.72,Alto,Riesgoso,Equilibrado
6399153,643884,213880,1108632,179060,1040661,90114,223167,900895,1960235,67698,14.08,30.63,Alto,Riesgoso,Equilibrado
6122092,610850,190739,1051146,152529,788759,110017,213735,632134,868003,66945,10.33,14.18,Alto,Riesgoso,Equilibrado
5873661,709718,203130,824069,140413,994638,90443,138194,773562,2212746,91271,13.17,37.67,Alto,Riesgoso,Equilibrado
5875002,497785,164205,918866,172992,834819,128838,99389,641131,2245483,96665,10.91,38.22,Alto,Riesgoso,Equilibrado
5700728,702053,191765,997999,125421,647457,109964,205371,694310,1862850,114463,12.18,32.68,Alto,Riesgoso,Equilibrado
5429359,517281,166964,1138934,177770,510103,112402,162145,788907,819766,71065,14.53,15.1,Alto,Riesgoso,Equilibrado
6048137,595209,220617,1063723,150914,1005365,106539,117253,712181,2583510,123938,11.78,42.72,Alto,Riesgoso,Equilibrado
5393619,703258,195221,882678,150005,1219776,55303,207644,643790,2126198,126560,11.94,39.42,Alto,Riesgoso,Equilibrado
5888120,530238,166049,1042919,164219,539611,143684,153068,736979,1644703,78975,12.52,27.93,Alto,Riesgoso,Equilibrado
5400665,592314,183429,1080914,173962,1215221,79218,209153,569740,1884881,94125,10.55,34.9,Alto,Riesgoso,Equilibrado
6488301,689435,177292,1035054,155931,1000719,94992,124799,926949,664198,117194,14.29,10.24,Alto,Riesgoso,Equilibrado
5985034,581373,237652,991769,152530,1248547,128291,212953,602468,1697026,120414,10.07,28.35,Alto,Riesgoso,Equilibrado
5470967,581414,173279,838992,136067,662481,69980,175385,715724,2075915,106791,13.08,37.94,Alto,Riesgoso,Equilibrado
6201917,645024,180732,1167086,157859,1185481,148226,129006,582604,2206662,121256,9.39,35.58,Alto,Riesgoso,Equilibrado
5476314,584413,236126,1114491,133835,980632,144905,213427,707906,854896,105117,12.93,15.61,Alto,Riesgoso,Equilibrado
5730177,716437,219648,832813,158339,1121531,109099,221513,630445,1075484,142911,11.0,18.77,Alto,Riesgoso,Equilibrado
6166946,578459,234951,1073681,128807,918219,105718,209148,886110,1521530,110236,14.37,24.67,Alto,Riesgoso,Equilibrado
5636636,707792,179439,957023,131386,846823,143042,183943,470920,2397912,51123,8.35,42.54,Alto,Riesgoso,Equilibrado
7851880,618450,204962,838899,125178,819838,127764,172679,1047201,2067762,129638,13.34,26.33,Muy alto,Riesgoso,Equilibrado
6908009,512778,205175,871549,125687,1235317,64542,186022,847661,1239671,91671,12.27,17.95,Muy alto,Riesgoso,Equilibrado
7070008,599428,205408,859562,133957,880077,67727,191710,1043443,2547142,95076,14.76,36.03,Muy alto,Riesgoso,Equilibrado
7030190,711055,168265,1107966,140332,700735,62335,90573,804325,2039335,95422,11.44,29.01,Muy alto,Riesgoso,Equilibrado
8819164,547158,198070,1177397,165126,1187412,112459,148789,1125694,2531580,86806,12.76,28.71,Muy alto,Riesgoso,Equilibrado
8365317,558309,219327,1112227,160682,663256,129541,79492,829707,1811404,65025,9.92,21.65,Muy alto,Riesgoso,Equilibrado
8736140,636274,239285,920403,148718,861016,61291,197360,952373,3911311,94943,10.9,44.77,Muy alto,Riesgoso,Equilibrado
9410626,695856,226997,1111786,143969,1027984,74193,209832,1062232,3727320,139254,11.29,39.61,Muy alto,Riesgoso,Equilibrado
7329610,505765,182507,1011282,124807,1476257,149721,187593,1072857,1200577,80222,14.64,16.38,Muy alto,Riesgoso,Equilibrado
7342546,627780,192497,801045,153894,1080571,65379,206155,843707,962605,124463,11.49,13.11,Muy alto,Riesgoso,Equilibrado
9326603,682682,189994,968975,154157,1351585,108125,158275,1284648,1700198,131559,13.77,18.23,Muy alto,Riesgoso,Equilibrado
9864277,685476,176646,836980,127079,715768,146528,145923,1039523,4364206,77482,10.54,44.24,Muy alto,Riesgoso,Equilibrado
7636409,604524,160284,1130700,159305,553357,76254,123603,1052760,2815398,82912,13.79,36.87,Muy alto,Riesgoso,Equilibrado
8242166,701093,237401,1050243,157304,937091,120227,128908,1202191,995961,113256,14.59,12.08,Muy alto,Riesgoso,Equilibrado
9105682,655535,207495,1109692,129066,1491439,125303,180512,1310967,3732429,145450,14.4,40.99,Muy alto,Riesgoso,Equilibrado
6765557,498520,172560,1123228,170836,1165188,143870,139004,966759,1150515,53159,14.29,17.01,Muy alto,Riesgoso,Equilibrado
7160349,606557,196991,1011958,139183,1406664,145256,97182,986498,1790828,114384,13.78,25.01,Muy alto,Riesgoso,Equilibrado
7730497,539499,235608,822931,134884,1231827,126407,154009,943720,2060367,132740,12.21,26.65,Muy alto,Riesgoso,Equilibrado
6982478,602941,219227,1150975,171649,867812,129166,141010,748946,2889113,149768,10.73,41.38,Muy alto,Riesgoso,Equilibrado
9182081,601518,170362,1098167,132400,1383280,60168,215536,1299116,1214510,105392,14.15,13.23,Muy alto,Riesgoso,Equilibrado
7105095,528269,221904,1198209,142338,1453761,69413,168822,1055976,1045489,143426,14.86,14.71,Muy alto,Riesgoso,Equilibrado
6634491,520598,217800,1038792,137072,1044450,109600,76509,826480,3093275,83391,12.46,46.62,Muy alto,Riesgoso,Equilibrado
7259115,491147,222697,1115175,154509,1484185,64496,148973,949744,1263866,144153,13.08,17.41,Muy alto,Riesgoso,Equilibrado
7827832,488968,174900,1152485,147087,514902,84180,182478,728247,2890887,67659,9.3,36.93,Muy alto,Riesgoso,Equilibrado
9207033,527739,175633,844304,175932,1210898,102038,120335,1362148,2265174,142654,14.79,24.6,Muy alto,Riesgoso,Equilibrado
6687090,488947,169149,1038302,173681,823721,91612,174544,1001808,1871121,99301,14.98,27.98,Muy alto,Riesgoso,Equilibrado
7261144,595276,228559,1076182,146018,641943,117308,171133,946899,1585099,102873,13.04,21.83,Muy alto,Riesgoso,Equilibrado
7586291,601319,221394,1193890,153720,1254640,63240,156609,1098970,1874833,95158,14.49,24.71,Muy alto,Riesgoso,Equilibrado
9674492,484449,224121,1102483,168157,1044357,141179,215617,1245336,3837570,84977,12.87,39.67,Muy alto,Riesgoso,Equilibrado
7437665,662229,188119,1116603,129494,1348985,127118,170806,1004943,3234156,103914,13.51,43.48,Muy alto,Riesgoso,Equilibrado
7382094,659572,175631,977614,159875,1141395,91056,107718,1003403,1925408,134863,13.59,26.08,Muy alto,Riesgoso,Equilibrado
7136392,586689,164747,1056738,157827,882460,107442,195035,576851,2841491,82679,8.08,39.82,Muy alto,Riesgoso,Equilibrado
8870731,653492,176424,1196797,171963,1491921,52164,220142,1069226,3444755,79827,12.05,38.83,Muy alto,Riesgoso,Equilibrado
7785580,531685,173818,1012665,127379,605807,59776,208888,776264,2150998,145561,9.97,27.63,Muy alto,Riesgoso,Equilibrado
8330917,587631,211995,945338,144650,899903,82059,129018,912448,2504941,58693,10.95,30.07,Muy alto,Riesgoso,Equilibrado
7343923,605792,210617,1145731,127479,1102145,55987,180605,1062112,1484048,91762,14.46,20.21,Muy alto,Riesgoso,Equilibrado
7209356,671019,195278,1174633,160888,1475276,148956,124512,722731,721314,88133,10.02,10.01,Muy alto,Riesgoso,Equilibrado
9724101,621697,197160,888965,124394,554767,66827,201861,808640,783118,126887,8.32,8.05,Muy alto,Riesgoso,Equilibrado
8910276,608288,173761,1101029,127254,592310,97707,116385,1042986,3368760,133550,11.71,37.81,Muy alto,Riesgoso,Equilibrado
8476836,506295,228283,849261,178034,655325,109515,172236,867753,3836801,106611,10.24,45.26,Muy alto,Riesgoso,Equilibrado
6890058,590440,189369,1126646,166899,1448290,54734,146124,604800,2463118,69411,8.78,35.75,Muy alto,Riesgoso,Equilibrado
6605828,685460,170077,823923,164528,698487,66213,164488,856508,1202953,64326,12.97,18.21,Muy alto,Riesgoso,Equilibrado
7628056,641504,170769,1136601,134604,600271,137065,194189,649478,3009608,134071,8.51,39.45,Muy alto,Riesgoso,Equilibrado
9411743,490445,206039,992275,130190,1264379,108392,76914,1279873,3292507,108272,13.6,34.98,Muy alto,Riesgoso,Equilibrado
7532595,673256,206590,1179669,162503,859795,57338,140361,862376,3581539,118562,11.45,47.55,Muy alto,Riesgoso,Equilibrado
8191207,550424,202316,908258,161630,1090402,73563,174331,1051687,1314357,87262,12.84,16.05,Muy alto,Riesgoso,Equilibrado
7771270,661280,216478,856405,178218,1133747,69577,116247,714200,1351579,143561,9.19,17.39,Muy alto,Riesgoso,Equilibrado
9634570,700494,233439,953016,134120,1033129,116905,123491,998231,1073555,122648,10.36,11.14,Muy alto,Riesgoso,Equilibrado
8744106,655919,223130,1022050,157279,555244,126750,121493,1006571,3153279,110689,11.51,36.06,Muy alto,Riesgoso,Equilibrado
9773544,490047,232904,1177371,172726,603039,96700,75718,1315195,1889724,50163,13.46,19.34,Muy alto,Riesgoso,Equilibrado
6595209,658471,198027,1093387,129172,1347030,109575,186320,637685,995351,94233,9.67,15.09,Muy alto,Riesgoso,Equilibrado
9121983,669590,239832,1009906,168772,1124877,132839,199907,770571,2250386,102856,8.45,24.67,Muy alto,Riesgoso,Equilibrado
1165308,561343,196158,966982,138470,550870,32638,38664,138818,261969,38568,11.91,22.48,Bajo,Crítico,Ahorrador
903016,507530,169166,963003,137429,1099835,42881,94802,139729,161662,53613,15.47,17.9,Bajo,Crítico,Ahorrador
855729,497135,175832,1073815,138279,1182419,73885,67516,126091,84635,42810,14.73,9.89,Bajo,Crítico,Ahorrador
1353710,495912,225057,1063113,178271,567514,59433,93674,204611,393434,28936,15.11,29.06,Bajo,Crítico,Ahorrador
1114525,555086,224013,1092513,168454,722650,61471,45876,178176,362215,67579,15.99,32.5,Bajo,Crítico,Ahorrador
860093,634539,212615,923565,171246,573459,53037,109546,90558,237846,69133,10.53,27.65,Bajo,Crítico,Ahorrador
811348,671926,235759,927793,127382,1429632,64762,43014,95552,277212,63482,11.78,34.17,Bajo,Crítico,Ahorrador
1334322,544249,235738,991816,150332,1065221,41933,70197,182044,555949,50029,13.64,41.67,Bajo,Crítico,Ahorrador
1349765,503765,210630,1151384,144694,1297249,40061,94133,197262,533581,72961,14.61,39.53,Bajo,Crítico,Ahorrador
1585466,595081,236175,849976,143214,947116,32264,54020,249980,421910,33665,15.77,26.61,Bajo,Crítico,Ahorrador
1502840,508747,237277,894069,172718,748040,62470,81283,183721,448599,46240,12.22,29.85,Bajo,Crítico,Ahorrador
1014469,676481,194671,1124490,126472,818925,74153,86266,129728,103066,53949,12.79,10.16,Bajo,Crítico,Ahorrador
1551766,717965,212859,828623,133872,704445,57920,57930,236331,604443,26909,15.23,38.95,Bajo,Crítico,Ahorrador
1508434,616013,237316,1115940,132151,550978,67467,63182,163916,434054,54662,10.87,28.78,Bajo,Crítico,Ahorrador
937496,480675,231867,923706,179214,944026,64152,91102,157040,222539,57854,16.75,23.74,Bajo,Crítico,Ahorrador
1475209,565413,227077,1143387,150861,1016021,74646,57762,251550,597947,59724,17.05,40.53,Bajo,Crítico,Ahorrador
1310841,667429,230444,949602,135851,516304,53744,40715,177879,620551,57386,13.57,47.34,Bajo,Crítico,Ahorrador
1324973,654342,193473,802748,122702,1416519,34415,80276,180393,310034,26487,13.61,23.4,Bajo,Crítico,Ahorrador
1032470,613550,217063,1135129,172324,677631,71411,50713,173575,461507,39593,16.81,44.7,Bajo,Crítico,Ahorrador
938824,612967,235117,838036,168789,1374174,61560,93450,144011,212382,40363,15.34,22.62,Bajo,Crítico,Ahorrador
972419,681492,171352,1089883,178792,563381,41391,62880,147569,330035,38497,15.18,33.94,Bajo,Crítico,Ahorrador
813161,584660,236532,983325,153178,590126,67512,107608,115669,234536,55215,14.22,28.84,Bajo,Crítico,Ahorrador
1389436,528947,223679,944168,129667,1131808,41876,59119,244460,531075,55069,17.59,38.22,Bajo,Crítico,Ahorrador
1003036,659371,166652,1187800,152640,601086,62853,101631,179440,214123,65008,17.89,21.35,Bajo,Crítico,Ahorrador
803810,649096,215207,1044459,173073,1054267,59580,80635,131171,92387,39773,16.32,11.49,Bajo,Crítico,Ahorrador
1203659,539908,228922,811351,161154,783301,71520,100595,138038,459444,47053,11.47,38.17,Bajo,Crítico,Ahorrador
813750,599975,213154,858414,173128,1267132,64624,86858,98379,277170,69482,12.09,34.06,Bajo,Crítico,Ahorrador
1008549,634103,189795,1126868,133802,1445117,51187,93941,106340,333903,63999,10.54,33.11,Bajo,Crítico,Ahorrador
811338,563359,234412,892521,168797,548835,38318,88493,91464,216501,68542,11.27,26.68,Bajo,Crítico,Ahorrador
960072,573629,236801,1026645,145004,969581,66606,83028,94858,220566,37797,9.88,22.97,Bajo,Crítico,Ahorrador
974315,482224,189558,868528,122940,1102760,39211,66186,131999,396904,28078,13.55,40.74,Bajo,Crítico,Ahorrador
1327799,482809,238315,880797,161040,891301,70916,105728,141025,615728,55925,10.62,46.37,Bajo,Crítico,Ahorrador
1355285,704169,177747,930214,133870,998546,33942,40190,146579,443686,62271,10.82,32.74,Bajo,Crítico,Ahorrador
1473921,655595,235928,925722,179319,768370,70366,100104,190316,547610,67047,12.91,37.15,Bajo,Crítico,Ahorrador
820082,509122,208574,965094,164065,1422905,30541,95264,83692,367184,60399,10.21,44.77,Bajo,Crítico,Ahorrador
1203275,688877,235889,1168615,138786,1008994,44044,108738,126558,293650,74430,10.52,24.4,Bajo,Crítico,Ahorrador
1150717,504445,189938,898191,125585,1378648,41277,64426,194912,360053,40978,16.94,31.29,Bajo,Crítico,Ahorrador
1011299,562775,192843,1083572,171678,815986,56474,100963,162108,108522,32663,16.03,10.73,Bajo,Crítico,Ahorrador
1157575,584205,208200,1020892,135954,1392478,39571,69410,155685,474522,30276,13.45,40.99,Bajo,Crítico,Ahorrador
830692,541274,235408,1166448,161589,1177332,71376,105887,122206,206522,41227,14.71,24.86,Bajo,Crítico,Ahorrador
1052285,560790,166713,1120839,151307,689187,36008,77679,164594,388991,26079,15.64,36.97,Bajo,Crítico,Ahorrador
861141,544326,205320,1122614,162730,636569,27195,81076,130889,385877,68915,15.2,44.81,Bajo,Crítico,Ahorrador
1326692,637942,230576,926478,155156,1444260,38557,74772,209840,379307,33721,15.82,28.59,Bajo,Crítico,Ahorrador
837401,554127,236990,1129308,137243,1481865,72637,85449,129723,329110,37094,15.49,39.3,Bajo,Crítico,Ahorrador
1078357,670239,161229,1065934,142601,1315116,26101,60359,106589,233860,62637,9.88,21.69,Bajo,Crítico,Ahorrador
1266294,692097,214914,827569,154860,698470,59651,67296,124826,463508,40608,9.86,36.6,Bajo,Crítico,Ahorrador
1348876,554794,184895,908289,127690,1461767,26434,66224,221301,282752,52094,16.41,20.96,Bajo,Crítico,Ahorrador
1322587,536755,178551,999447,129888,1287312,74455,94369,165124,217572,72125,12.48,16.45,Bajo,Crítico,Ahorrador
810863,653237,186906,949600,161930,761167,29454,69596,90560,238974,52199,11.17,29.47,Bajo,Crítico,Ahorrador
1025240,535054,238199,1137552,175843,574948,44979,78541,131698,261687,68946,12.85,25.52,Bajo,Crítico,Ahorrador
1169360,583190,211773,1101311,150459,952389,65088,53468,119683,256810,42051,10.23,21.96,Bajo,Crítico,Ahorrador
1226909,678178,217834,1056003,124655,881781,31773,82436,144860,124348,57508,11.81,10.14,Bajo,Crítico,Ahorrador
2581673,695847,179560,943358,170299,1436346,51496,40324,370294,479296,73657,14.34,18.57,Medio Bajo,Crítico,Ahorrador
2059376,481972,233867,1061927,137720,850039,27615,95790,273274,706148,47164,13.27,34.29,Medio Bajo,Crítico,Ahorrador
1682432,545408,188399,1105084,159895,1191788,34044,64187,282635,550073,60457,16.8,32.7,Medio Bajo,Crítico,Ahorrador
1632616,566194,214229,1104350,174456,1376004,40075,96934,207569,503338,58293,12.71,30.83,Medio Bajo,Crítico,Ahorrador
1897644,659903,239727,928963,129476,1094848,59238,45876,291649,248445,38802,15.37,13.09,Medio Bajo,Crítico,Ahorrador
1808795,696341,235299,949093,178637,1314993,62255,71423,194391,272234,73890,10.75,15.05,Medio Bajo,Crítico,Ahorrador
2342546,627160,167977,930356,153369,965274,26993,56688,356361,865962,52950,15.21,36.97,Medio Bajo,Crítico,Ahorrador
1981530,517836,189706,999224,169047,989021,35363,55857,234783,257491,64371,11.85,12.99,Medio Bajo,Crítico,Ahorrador
2545989,589900,189993,916199,133115,718941,61083,95581,278916,926098,72723,10.96,36.37,Medio Bajo,Crítico,Ahorrador
2025060,538298,227443,1040394,145612,763024,65607,73929,224016,535882,33504,11.06,26.46,Medio Bajo,Crítico,Ahorrador
1751121,601202,206224,1056193,147072,1104646,27905,81774,208908,288899,74736,11.93,16.5,Medio Bajo,Crítico,Ahorrador
2182727,633142,161275,840489,169859,1323038,37109,58658,391025,754634,31937,17.91,34.57,Medio Bajo,Crítico,Ahorrador
1758637,556380,191864,885978,127998,1480794,54812,56018,267448,472171,35117,15.21,26.85,Medio Bajo,Crítico,Ahorrador
2707078,635600,168096,869207,127812,567417,50328,88202,413949,1010105,25062,15.29,37.31,Medio Bajo,Crítico,Ahorrador
2404845,556090,229507,897747,179320,627968,46481,74998,403586,549964,59392,16.78,22.87,Medio Bajo,Crítico,Ahorrador
2153858,520865,180684,818626,146157,576317,58942,107375,346726,281217,48868,16.1,13.06,Medio Bajo,Crítico,Ahorrador
2272274,524924,176767,1092508,156049,752253,51719,60321,224526,626777,46180,9.88,27.58,Medio Bajo,Crítico,Ahorrador
1679302,584086,235479,1068636,132309,1082003,35646,47298,176945,654484,29049,10.54,38.97,Medio Bajo,Crítico,Ahorrador
2234340,686390,199767,1163110,155645,1125807,27757,39687,286984,200824,56269,12.84,8.99,Medio Bajo,Crítico,Ahorrador
1749036,663592,218835,1089853,159254,1401869,74430,41322,207925,572968,58655,11.89,32.76,Medio Bajo,Crítico,Ahorrador
2820398,688505,202765,1176356,179719,1437717,69918,106402,445424,810242,35167,15.79,28.73,Medio Bajo,Crítico,Ahorrador
2558543,518016,227900,1115794,121057,646045,43147,59598,285496,761483,54666,11.16,29.76,Medio Bajo,Crítico,Ahorrador
2488263,519190,212610,1034116,158596,887800,42023,70778,334324,297772,37493,13.44,11.97,Medio Bajo,Crítico,Ahorrador
1751396,512186,161085,1050194,169868,777686,74070,104779,310450,487934,50622,17.73,27.86,Medio Bajo,Crítico,Ahorrador
2555114,596340,213422,841465,136941,828178,36354,109508,303774,325135,41551,11.89,12.72,Medio Bajo,Crítico,Ahorrador
2345502,571284,164517,842490,137315,1254996,54464,94724,400424,353846,30640,17.07,15.09,Medio Bajo,Crítico,Ahorrador
1934910,637570,167650,1155408,176379,1199327,33830,51783,293847,315504,44862,15.19,16.31,Medio Bajo,Crítico,Ahorrador
2310451,712605,194156,843791,124974,1225320,70529,85117,282733,966340,69606,12.24,41.82,Medio Bajo,Crítico,Ahorrador
2803651,599157,219358,876638,175988,552349,43404,84424,306522,593628,44881,10.93,21.17,Medio Bajo,Crítico,Ahorrador
2223237,610160,231974,917766,153097,602246,62175,58317,301257,377705,66312,13.55,16.99,Medio Bajo,Crítico,Ahorrador
2069699,657433,191605,918204,179894,1316190,30414,80573,251674,181264,34635,12.16,8.76,Medio Bajo,Crítico,Ahorrador
2358366,601148,231631,872342,144392,1483663,66555,37614,326426,951371,37332,13.84,40.34,Medio Bajo,Crítico,Ahorrador
2241288,642030,194405,1037066,137602,696483,63907,100310,328208,883435,32443,14.64,39.42,Medio Bajo,Crítico,Ahorrador
2784512,583354,234154,1124697,141415,994803,25856,86553,271167,465037,34076,9.74,16.7,Medio Bajo,Crítico,Ahorrador
2017036,645716,161995,1124248,164262,1436180,52814,80083,236235,910853,35457,11.71,45.16,Medio Bajo,Crítico,Ahorrador
2049782,710800,225403,1057179,161426,594037,52960,72142,245695,645527,50350,11.99,31.49,Medio Bajo,Crítico,Ahorrador
2209073,680675,168392,884311,160970,1242903,51520,38252,338672,401567,25526,15.33,18.18,Medio Bajo,Crítico,Ahorrador
2805379,547227,225214,1108291,173190,1261446,47484,102798,420518,861053,47979,14.99,30.69,Medio Bajo,Crítico,Ahorrador
2033538,502164,193359,1082652,140298,1205411,57125,108550,329216,674147,68779,16.19,33.15,Medio Bajo,Crítico,Ahorrador
1677026,592235,207096,1160893,126893,1124230,60258,79713,285889,289095,46805,17.05,17.24,Medio Bajo,Crítico,Ahorrador
2659780,654099,219775,936618,124505,778302,26704,75176,371428,755539,60593,13.96,28.41,Medio Bajo,Crítico,Ahorrador
2666782,610532,228549,1048679,150184,688921,73203,78963,439681,975281,43091,16.49,36.57,Medio Bajo,Crítico,Ahorrador
2616008,575611,189016,901861,149632,1179322,38089,66519,470668,1239843,52393,17.99,47.39,Medio Bajo,Crítico,Ahorrador
2637970,491001,208365,927743,129462,999383,36736,61072,400972,1157086,59583,15.2,43.86,Medio Bajo,Crítico,Ahorrador
2728998,567505,215307,957066,136731,1011702,59081,43284,403310,609728,50276,14.78,22.34,Medio Bajo,Crítico,Ahorrador
2548521,559656,232911,1177519,177911,964553,56742,40743,336337,1027393,37767,13.2,40.31,Medio Bajo,Crítico,Ahorrador
2454800,485237,178847,1136389,124928,574748,57227,43529,344867,779934,52145,14.05,31.77,Medio Bajo,Crítico,Ahorrador
2256386,512730,200441,1065882,168688,1460546,27446,69160,353373,906883,26818,15.66,40.19,Medio Bajo,Crítico,Ahorrador
1961722,621175,170696,1062807,161973,1259208,44374,96910,351280,776567,54236,17.91,39.59,Medio Bajo,Crítico,Ahorrador
2117160,658406,214787,928027,139297,1193767,41432,63410,270626,444905,67825,12.78,21.01,Medio Bajo,Crítico,Ahorrador
2554698,696325,165840,1145989,155905,1295255,28017,72503,361431,688743,49083,14.15,26.96,Medio Bajo,Crítico,Ahorrador
2569064,697428,201202,1122909,153481,859224,32542,47681,292033,703306,41410,11.37,27.38,Medio Bajo,Crítico,Ahorrador
3210762,711659,203031,840769,173770,1187311,66337,105818,352371,472435,34633,10.97,14.71,Medio,Crítico,Ahorrador
3619149,681164,239621,1033004,143583,779642,40600,65651,611840,1071207,29927,16.91,29.6,Medio,Crítico,Ahorrador
3053813,505330,194810,1105378,160910,1102935,64465,86482,420058,484400,48983,13.76,15.86,Medio,Crítico,Ahorrador
3169033,519336,166648,832230,153779,628457,48856,41098,362884,338748,70580,11.45,10.69,Medio,Crítico,Ahorrador
3921388,640224,160251,822173,130790,819914,38038,49531,673980,1530527,33253,17.19,39.03,Medio,Crítico,Ahorrador
2885390,514394,223589,1020915,140540,1157459,28594,43540,516288,642572,47590,17.89,22.27,Medio,Crítico,Ahorrador
3864503,697246,228193,868333,123286,1255915,50729,103648,691995,1838083,41696,17.91,47.56,Medio,Crítico,Ahorrador
3463983,610125,217523,960296,134136,844357,25762,109934,345168,1396589,69113,9.96,40.32,Medio,Crítico,Ahorrador
3400078,669712,192593,1079570,133686,700437,64663,58438,611146,1006325,50580,17.97,29.6,Medio,Crítico,Ahorrador
3096019,595832,208560,897674,163170,654283,34842,102780,377761,1266247,67990,12.2,40.9,Medio,Crítico,Ahorrador
3745402,614693,186099,1156330,147903,1131354,72508,56147,376467,475089,70671,10.05,12.68,Medio,Crítico,Ahorrador
3999533,701945,228550,1070698,142682,1000327,34761,105135,620246,1552254,33798,15.51,38.81,Medio,Crítico,Ahorrador
3157590,680132,176037,1061816,178793,704620,62034,66558,420429,562472,60466,13.31,17.81,Medio,Crítico,Ahorrador
3536617,572646,185545,943322,163042,969008,62935,43389,452772,495448,26650,12.8,14.01,Medio,Crítico,Ahorrador
3843683,497899,238094,936997,139535,841084,67677,83997,651400,1329006,58962,16.95,34.58,Medio,Crítico,Ahorrador
2874823,516279,199694,1129660,177416,1233008,72964,45357,348363,450111,70614,12.12,15.66,Medio,Crítico,Ahorrador
3874935,703594,187260,956727,144596,874174,72545,111566,600190,418663,54018,15.49,10.8,Medio,Crítico,Ahorrador
3803263,658705,175632,1055328,173785,1310705,45128,69702,599492,736208,34391,15.76,19.36,Medio,Crítico,Ahorrador
3432099,524426,222173,1029745,168316,1327691,37813,54666,430034,1207749,63310,12.53,35.19,Medio,Crítico,Ahorrador
3811989,698195,221393,1051895,146654,1463797,52351,41939,652578,1248084,41814,17.12,32.74,Medio,Crítico,Ahorrador
3181060,525501,195418,802398,165346,1074875,41034,69620,504958,1234451,37622,15.87,38.81,Medio,Crítico,Ahorrador
3794869,634544,160863,1016590,152802,716883,62728,96103,384912,1791566,46330,10.14,47.21,Medio,Crítico,Ahorrador
2911357,654274,234498,1084509,163765,1332051,69872,55443,514865,1349164,29043,17.68,46.34,Medio,Crítico,Ahorrador
3328965,575671,183425,1021450,133897,720677,50621,109885,505472,1402750,55735,15.18,42.14,Medio,Crítico,Ahorrador
3829839,719213,231843,821396,128716,575651,35648,83161,633847,610460,71653,16.55,15.94,Medio,Crítico,Ahorrador
3938888,541042,231440,808417,164154,1112988,59717,55874,534225,1681761,25722,13.56,42.7,Medio,Crítico,Ahorrador
3518718,659159,173685,809273,169592,760107,25377,62401,368918,350715,62114,10.48,9.97,Medio,Crítico,Ahorrador
3688942,568371,213961,942626,138614,1217236,46888,80535,544534,439509,41374,14.76,11.91,Medio,Crítico,Ahorrador
3482199,557734,221542,852031,157767,842046,36839,67295,515347,695071,42595,14.8,19.96,Medio,Crítico,Ahorrador
3341191,640307,191634,1142854,177206,1086259,35096,98654,471401,380986,49111,14.11,11.4,Medio,Crítico,Ahorrador
3778412,523663,200415,1109375,139935,606801,56198,83871,421695,1302228,67754,11.16,34.46,Medio,Crítico,Ahorrador
3609944,562857,180304,1129754,141202,951772,30970,100583,347844,820652,31416,9.64,22.73,Medio,Crítico,Ahorrador
3770972,558440,185748,891921,120527,1135524,34211,98534,666256,825064,39150,17.67,21.88,Medio,Crítico,Ahorrador
3073968,628483,237152,1035081,139481,1455530,54977,89713,383599,1220687,61063,12.48,39.71,Medio,Crítico,Ahorrador
3937644,549494,177531,1099324,155482,938771,53043,53707,691056,528021,34996,17.55,13.41,Medio,Crítico,Ahorrador
3976341,597687,234287,1070035,128184,1053670,46263,58400,413217,711297,67721,10.39,17.89,Medio,Crítico,Ahorrador
3909115,493758,185411,1160905,149847,730115,71501,71031,467469,1161564,53181,11.96,29.71,Medio,Crítico,Ahorrador
4068361,490362,192057,896668,177140,1235039,27093,110249,519036,790800,27066,12.76,19.44,Medio,Crítico,Ahorrador
3673849,556792,207604,1107914,157568,580554,68304,109383,657953,990348,41144,17.91,26.96,Medio,Crítico,Ahorrador
3078013,523538,238898,1079141,170963,1307135,58401,53103,412026,749504,69360,13.39,24.35,Medio,Crítico,Ahorrador
3946934,491724,224032,1072332,168284,967937,41799,109658,409055,514231,36438,10.36,13.03,Medio,Crítico,Ahorrador
3495798,491345,212158,911299,145248,1252466,60126,91334,620177,522228,43468,17.74,14.94,Medio,Crítico,Ahorrador
3620579,580865,218774,836383,155559,742041,44141,38985,485040,1453938,66386,13.4,40.16,Medio,Crítico,Ahorrador
3732305,486385,173421,804818,159501,1117808,40334,91322,464966,1306544,72907,12.46,35.01,Medio,Crítico,Ahorrador
3931356,632752,164932,1185418,160887,764116,67194,52392,641003,1313065,49882,16.3,33.4,Medio,Crítico,Ahorrador
3159515,659697,186051,1122227,154276,1284021,38585,44620,469842,482436,74662,14.87,15.27,Medio,Crítico,Ahorrador
4027495,481290,171036,858216,123559,1114803,60212,108184,553015,432828,47131,13.73,10.75,Medio,Crítico,Ahorrador
3000385,558491,182528,894805,171487,1181038,44483,55513,368972,1146758,52783,12.3,38.22,Medio,Crítico,Ahorrador
3367200,604165,186738,985215,146923,565295,48456,112238,350203,300057,58576,10.4,8.91,Medio,Crítico,Ahorrador
3693336,521331,198193,1044256,147910,1066947,72432,104373,593667,884450,33250,16.07,23.95,Medio,Crítico,Ahorrador
3856888,624239,192590,1191961,169466,524901,49049,109996,547262,1597614,45502,14.19,41.42,Medio,Crítico,Ahorrador
3459616,670186,170256,1147468,143364,583113,40276,40629,412325,623376,63125,11.92,18.02,Medio,Crítico,Ahorrador
5103822,544294,217914,959040,136493,1041961,45471,64651,695938,1890252,47983,13.64,37.04,Medio Alto,Crítico,Ahorrador
4378036,580055,170669,1100980,125669,1375070,47112,96156,779760,715369,30306,17.81,16.34,Medio Alto,Crítico,Ahorrador
4558128,661133,175011,891208,147607,1052728,39817,91413,708259,1093502,28031,15.54,23.99,Medio Alto,Crítico,Ahorrador
5062664,586198,205183,907711,132386,609569,38999,69022,638190,1883260,66158,12.61,37.2,Medio Alto,Crítico,Ahorrador
4937096,517141,200372,1091783,141146,863080,64589,44990,775721,1138351,37284,15.71,23.06,Medio Alto,Crítico,Ahorrador
5017505,711599,232008,938861,168238,631328,56702,82914,545346,1550827,63282,10.87,30.91,Medio Alto,Crítico,Ahorrador
4090633,538835,206475,872928,145933,697918,55646,41498,629298,955408,42172,15.38,23.36,Medio Alto,Crítico,Ahorrador
4496004,650341,237227,848938,132129,1215342,56200,59141,665331,1242385,57745,14.8,27.63,Medio Alto,Crítico,Ahorrador
4995719,713162,177219,863526,148125,941203,60526,111800,641204,986230,43612,12.84,19.74,Medio Alto,Crítico,Ahorrador
4544271,715459,193840,868509,133816,725536,41235,80313,444433,2018989,41058,9.78,44.43,Medio Alto,Crítico,Ahorrador
4075261,693795,177539,1133089,176257,1285615,66061,45401,454446,1404539,32122,11.15,34.47,Medio Alto,Crítico,Ahorrador
5217760,704845,204388,980440,163452,696468,40289,65158,775155,1527530,56428,14.86,29.28,Medio Alto,Crítico,Ahorrador
4991004,711378,173698,870103,139892,1168762,58718,38955,702759,1694840,44455,14.08,33.96,Medio Alto,Crítico,Ahorrador
4714115,568584,176976,876178,169053,931375,58077,78563,684600,1398183,39433,14.52,29.66,Medio Alto,Crítico,Ahorrador
4973538,618160,201123,1131382,130784,990585,29018,93968,482572,2161175,57109,9.7,43.45,Medio Alto,Crítico,Ahorrador
5181588,646860,170090,991363,163542,1025607,39563,67851,768974,1504533,62549,14.84,29.04,Medio Alto,Crítico,Ahorrador
5097412,556807,236265,864125,157981,779230,44067,83710,904952,663053,25892,17.75,13.01,Medio Alto,Crítico,Ahorrador
4421803,610728,198723,1070909,164594,665548,37970,84977,468416,1565631,66731,10.59,35.41,Medio Alto,Crítico,Ahorrador
4929187,710190,199861,993027,134178,1251157,65172,111482,707142,1608541,61590,14.35,32.63,Medio Alto,Crítico,Ahorrador
4077495,570503,212156,946301,139283,1454984,59705,50560,681292,903998,62290,16.71,22.17,Medio Alto,Crítico,Ahorrador
4906117,688650,233295,879565,168807,549779,25983,55371,664667,703562,67442,13.55,14.34,Medio Alto,Crítico,Ahorrador
4851154,587412,181842,971771,173188,1401326,61996,69681,596068,1556290,65456,12.29,32.08,Medio Alto,Crítico,Ahorrador
5031541,498174,233253,1094349,168560,1158331,31677,47430,780452,795795,66639,15.51,15.82,Medio Alto,Crítico,Ahorrador
4515056,589067,239173,804693,138116,1044912,64457,48976,552570,818862,32206,12.24,18.14,Medio Alto,Crítico,Ahorrador
5123639,648451,205382,814521,130813,707162,34333,44546,700416,1730002,63861,13.67,33.77,Medio Alto,Crítico,Ahorrador
4238298,548221,213291,957265,172162,1456732,66040,99615,645279,1871367,25827,15.22,44.15,Medio Alto,Crítico,Ahorrador
4085019,648871,182207,830859,173621,1022386,31259,96882,708153,1667019,60331,17.34,40.81,Medio Alto,Crítico,Ahorrador
4714156,655841,188195,855906,141746,740637,49776,42835,534030,667959,53404,11.33,14.17,Medio Alto,Crítico,Ahorrador
4265205,503710,229325,908950,123964,601376,69126,61915,522467,551461,68653,12.25,12.93,Medio Alto,Crítico,Ahorrador
4750850,681836,195259,918612,161646,908455,42266,109895,796523,2257923,56642,16.77,47.53,Medio Alto,Crítico,Ahorrador
4387581,626513,179072,852479,156225,741146,70280,70326,585089,486241,46800,13.34,11.08,Medio Alto,Crítico,Ahorrador
5147527,489742,170659,1072523,127697,669570,66340,91770,913695,1356570,30769,17.75,26.35,Medio Alto,Crítico,Ahorrador
4613204,482873,227050,917118,154269,1224771,54451,104944,580735,1071037,59816,12.59,23.22,Medio Alto,Crítico,Ahorrador
5017034,530740,204617,826082,150244,1141797,58157,107314,690128,1309192,52877,13.76,26.09,Medio Alto,Crítico,Ahorrador
4976200,648911,204409,1136465,121434,655284,69266,111116,789449,2169932,58475,15.86,43.61,Medio Alto,Crítico,Ahorrador
4336922,636821,211871,1152634,129937,1070387,36631,72156,731879,1765262,48715,16.88,40.7,Medio Alto,Crítico,Ahorrador
5278833,602235,235264,1032025,127294,598413,26314,72501,758586,1631665,44189,14.37,30.91,Medio Alto,Crítico,Ahorrador
4656695,590028,185080,818349,147383,1250103,36722,101700,821102,1769961,65398,17.63,38.01,Medio Alto,Crítico,Ahorrador
5216861,604324,203040,1109353,140907,1360155,32504,81387,649087,1441529,52608,12.44,27.63,Medio Alto,Crítico,Ahorrador
4537520,609408,211267,964880,127181,1280242,28577,40919,681290,1789863,52535,15.01,39.45,Medio Alto,Crítico,Ahorrador
4527105,700515,219626,937346,145476,1142387,37030,57718,811639,1274982,35059,17.93,28.16,Medio Alto,Crítico,Ahorrador
5099331,540489,224698,1118472,154765,1276579,48685,79517,840823,1509872,69300,16.49,29.61,Medio Alto,Crítico,Ahorrador
4931326,605483,239268,1194281,166826,846245,44398,67614,874511,2120635,31883,17.73,43.0,Medio Alto,Crítico,Ahorrador
5152210,547787,205095,903117,161738,1247528,56192,64888,587789,492464,47471,11.41,9.56,Medio Alto,Crítico,Ahorrador
5199705,582132,224389,1183361,120501,1169447,52011,50756,635720,1000728,63868,12.23,19.25,Medio Alto,Crítico,Ahorrador
5046374,514597,162405,906945,127547,914642,40274,53446,834893,1093391,28850,16.54,21.67,Medio Alto,Crítico,Ahorrador
4506084,702863,189476,830646,160892,739565,57734,42746,737351,1280176,50198,16.36,28.41,Medio Alto,Crítico,Ahorrador
4965762,634181,223730,992755,142572,704236,42356,60406,698333,629724,43925,14.06,12.68,Medio Alto,Crítico,Ahorrador
4673208,561276,187164,1005592,146510,1402138,58778,99862,774673,1764660,71970,16.58,37.76,Medio Alto,Crítico,Ahorrador
5291240,626169,207293,950371,130863,569636,37964,90007,710224,1567981,44188,13.42,29.63,Medio Alto,Crítico,Ahorrador
4500754,661002,218105,921298,172716,531751,50974,70117,591902,466198,53860,13.15,10.36,Medio Alto,Crítico,Ahorrador
4829674,657490,167730,976942,161599,1109238,54692,95813,617310,1004346,25526,12.78,20.8,Medio Alto,Crítico,Ahorrador
5551632,576229,172542,842626,125821,939106,25291,71027,586760,1785899,48733,10.57,32.17,Alto,Crítico,Ahorrador
5680618,506013,164135,848384,146271,827312,29778,76257,900831,2403440,46836,15.86,42.31,Alto,Crítico,Ahorrador
6262923,591313,224336,1075767,174569,1168688,58145,103565,949367,674199,49584,15.16,10.76,Alto,Crítico,Ahorrador
5599614,547214,209340,1002692,146597,1179578,58323,94040,846456,1294224,45325,15.12,23.11,Alto,Crítico,Ahorrador
6094271,585176,181278,1050173,166192,911400,39022,51165,1050172,2182169,73633,17.23,35.81,Alto,Crítico,Ahorrador
5461131,619106,194782,969317,158115,788979,47587,61605,832354,1067946,71011,15.24,19.56,Alto,Crítico,Ahorrador
5564007,650486,186291,815136,165726,971638,51268,64984,670995,1519130,46328,12.06,27.3,Alto,Crítico,Ahorrador
5522254,573846,194361,1072615,178272,1282673,34902,100201,782422,1630874,26544,14.17,29.53,Alto,Crítico,Ahorrador
6105319,682792,166953,1039362,122393,987614,30689,90877,978094,1900422,36082,16.02,31.13,Alto,Crítico,Ahorrador
5869179,697837,174002,997859,142401,903311,44417,69123,1016713,978540,44131,17.32,16.67,Alto,Crítico,Ahorrador
6399772,609569,225777,881579,175263,1242697,72344,100512,1108620,1212670,55661,17.32,18.95,Alto,Crítico,Ahorrador
5628905,646143,238210,1148271,139857,1285042,28132,69329,641063,2547184,64070,11.39,45.25,Alto,Crítico,Ahorrador
6316221,709407,226789,1138637,151768,600447,65075,51747,950382,1793626,34026,15.05,28.4,Alto,Crítico,Ahorrador
5724967,575217,235299,910897,174631,1065929,69996,95453,899033,2575683,55809,15.7,44.99,Alto,Crítico,Ahorrador
5780062,482947,179970,992733,157643,844370,53516,38121,651713,542807,57742,11.28,9.39,Alto,Crítico,Ahorrador
6405455,668764,209578,1181043,134548,1412189,29971,61373,984195,1764017,67277,15.36,27.54,Alto,Crítico,Ahorrador
5595766,528517,221340,854897,127189,550210,35819,69275,875832,2637455,33273,15.65,47.13,Alto,Crítico,Ahorrador
5343452,633915,229645,877164,166484,809875,72351,58930,656992,930678,37903,12.3,17.42,Alto,Crítico,Ahorrador
5898952,694440,214503,1029731,148945,951069,56747,67978,747205,1731230,73631,12.67,29.35,Alto,Crítico,Ahorrador
6257336,555571,202129,1058034,177999,706050,39061,51145,906201,599948,38926,14.48,9.59,Alto,Crítico,Ahorrador
5323010,640864,182813,1027898,138669,884418,63708,83996,514507,894507,48826,9.67,16.8,Alto,Crítico,Ahorrador
5612985,705981,219160,1145360,123444,1080006,63463,103873,826395,1833617,60550,14.72,32.67,Alto,Crítico,Ahorrador
5809478,560549,166806,1025258,179988,521793,48301,110489,559786,1276529,30622,9.64,21.97,Alto,Crítico,Ahorrador
6484424,618524,229291,948176,168961,1099994,38291,76362,988489,2864736,69635,15.24,44.18,Alto,Crítico,Ahorrador
5568616,533103,217328,823111,130500,1451278,33848,94714,595329,2315009,47997,10.69,41.57,Alto,Crítico,Ahorrador
5796734,492651,219157,936233,131638,932043,58366,43565,968709,1002030,68534,16.71,17.29,Alto,Crítico,Ahorrador
5827549,686173,179973,840184,132822,1221116,55795,62033,940715,2698822,33077,16.14,46.31,Alto,Crítico,Ahorrador
5689833,673915,239315,847941,143577,1100137,30322,100595,823953,1521975,47334,14.48,26.75,Alto,Crítico,Ahorrador
6167978,709758,200449,1030334,157815,998141,69068,46565,658392,2810047,26157,10.67,45.56,Alto,Crítico,Ahorrador
5662688,712035,232444,1008978,177227,866231,38513,97246,552943,1698879,64445,9.76,30.0,Alto,Crítico,Ahorrador
5576601,603670,179036,824835,157090,884272,56154,75447,885248,611546,58325,15.87,10.97,Alto,Crítico,Ahorrador
6456351,681609,193405,932496,154476,694839,73118,85426,1108359,1701001,46128,17.17,26.35,Alto,Crítico,Ahorrador
5464945,669115,215116,935179,153886,1349177,68550,90811,633720,2006421,63896,11.6,36.71,Alto,Crítico,Ahorrador
6130735,699044,168300,976596,137180,1304025,36027,49588,881986,1442961,29291,14.39,23.54,Alto,Crítico,Ahorrador
6328670,656119,167225,887072,148679,1149521,60926,89842,857606,1391964,35206,13.55,21.99,Alto,Crítico,Ahorrador
6254553,608292,162827,951004,128494,846193,68673,49660,936285,1891619,70254,14.97,30.24,Alto,Crítico,Ahorrador
6507408,692293,232604,890655,131309,545952,62925,40235,1018835,1385164,53881,15.66,21.29,Alto,Crítico,Ahorrador
6104841,678772,170655,1044664,133874,704860,30694,40269,694807,1052009,40266,11.38,17.23,Alto,Crítico,Ahorrador
5498449,682594,236880,1199487,144279,1239328,72259,44996,752694,1536081,50555,13.69,27.94,Alto,Crítico,Ahorrador
6461282,681125,184189,839435,131859,1033029,36785,94424,726240,1247627,27012,11.24,19.31,Alto,Crítico,Ahorrador
6007310,534917,227977,988055,138221,1247420,66014,93993,633453,958363,45566,10.54,15.95,Alto,Crítico,Ahorrador
5573085,524757,233086,893811,154925,776498,51369,56722,583257,2454557,33540,10.47,44.04,Alto,Crítico,Ahorrador
5335418,499627,187086,1025242,172823,1226412,46070,101406,688224,2324925,58265,12.9,43.58,Alto,Crítico,Ahorrador
5447928,571721,179510,1053387,139541,1035707,61767,107393,912755,1861580,38209,16.75,34.17,Alto,Crítico,Ahorrador
5687026,522864,207658,1052917,167985,719138,46156,52206,583160,1505955,34661,10.25,26.48,Alto,Crítico,Ahorrador
5654259,492798,162582,996379,149664,1159395,74466,72655,559643,2267782,63395,9.9,40.11,Alto,Crítico,Ahorrador
5765637,708741,182317,1046685,149496,1144875,70263,77628,569161,2065246,68626,9.87,35.82,Alto,Crítico,Ahorrador
5619368,631017,202847,986437,134263,731375,37457,57308,954561,1035937,36934,16.99,18.44,Alto,Crítico,Ahorrador
5799954,552467,165155,991999,146214,1344817,70694,101702,824768,681692,54662,14.22,11.75,Alto,Crítico,Ahorrador
5668098,514910,222856,802000,159279,1462951,26967,52736,799598,1049236,63867,14.11,18.51,Alto,Crítico,Ahorrador
5569542,484071,162382,1008362,161131,600962,66526,90459,692262,1813809,27009,12.43,32.57,Alto,Crítico,Ahorrador
5900057,508981,190618,922810,165548,1097619,72494,106997,845627,2659871,48771,14.33,45.08,Alto,Crítico,Ahorrador
9569325,494560,198975,831179,163036,558639,58965,55680,1572949,1435756,61173,16.44,15.0,Muy alto,Crítico,Ahorrador
6890040,583520,239750,821003,130783,1321931,61749,93225,927784,3146691,36274,13.47,45.67,Muy alto,Crítico,Ahorrador
7961226,625142,200765,870786,126801,850944,66854,106609,1000919,1937429,56272,12.57,24.34,Muy alto,Crítico,Ahorrador
8878954,513333,178138,802744,145960,633020,68485,72724,1287242,2810822,36707,14.5,31.66,Muy alto,Crítico,Ahorrador
7883706,712629,188359,1116694,137773,557198,35972,85930,1243147,3719207,39351,15.77,47.18,Muy alto,Crítico,Ahorrador
8733607,488945,180627,1173797,177403,745791,53558,54889,1511405,2475343,25517,17.31,28.34,Muy alto,Crítico,Ahorrador
8196526,482135,175623,813156,133384,1258648,64012,105558,1359778,1718285,37080,16.59,20.96,Muy alto,Crítico,Ahorrador
7467754,678335,175873,1086843,177116,1321912,49151,87232,759960,852032,32134,10.18,11.41,Muy alto,Crítico,Ahorrador
6670063,693494,198897,1066486,163986,861785,44591,77316,779239,687402,34865,11.68,10.31,Muy alto,Crítico,Ahorrador
8374984,499353,202063,927165,138760,628098,60358,91437,928652,3395925,38416,11.09,40.55,Muy alto,Crítico,Ahorrador
6802443,717544,200318,960119,140409,945757,63506,54632,958702,1486939,58293,14.09,21.86,Muy alto,Crítico,Ahorrador
9634904,712806,198129,1000261,153878,1060103,43534,102659,1546414,4537814,33562,16.05,47.1,Muy alto,Crítico,Ahorrador
9538431,555875,200756,901200,145360,1224166,56281,80029,1414895,895525,30475,14.83,9.39,Muy alto,Crítico,Ahorrador
9492214,590094,217810,913560,165136,1476067,67896,87626,1472187,1492239,53053,15.51,15.72,Muy alto,Crítico,Ahorrador
8403309,634984,196742,823153,131991,544641,70243,65238,926119,3524449,72316,11.02,41.94,Muy alto,Crítico,Ahorrador
6655832,523700,221824,920536,140809,864785,27284,40844,843619,1265116,51604,12.67,19.01,Muy alto,Crítico,Ahorrador
7072740,716896,169677,859569,151086,652087,39848,53197,928316,785935,50479,13.13,11.11,Muy alto,Crítico,Ahorrador
7141937,650916,233074,1046092,163361,1325669,68964,95886,698779,2157938,29353,9.78,30.22,Muy alto,Crítico,Ahorrador
6616755,480944,229279,1152593,159351,792711,66172,108590,1090305,1779948,55626,16.48,26.9,Muy alto,Crítico,Ahorrador
8606655,714180,238744,895369,142503,1018431,73504,106837,878200,2391622,58877,10.2,27.79,Muy alto,Crítico,Ahorrador
9425105,688395,239245,1161895,150601,575857,71017,94429,1341966,2498073,34972,14.24,26.5,Muy alto,Crítico,Ahorrador
7325521,507523,168622,1159173,127079,1479640,41027,88894,938548,2766112,43139,12.81,37.76,Muy alto,Crítico,Ahorrador
8242978,640985,185083,877601,159011,730201,54499,70794,803765,3750490,53035,9.75,45.5,Muy alto,Crítico,Ahorrador
7743820,658995,193697,809540,121356,706900,41351,57569,1355955,3159342,26286,17.51,40.8,Muy alto,Crítico,Ahorrador
9846079,717672,219506,1023002,178502,1020370,43450,92278,1127127,3246736,68865,11.45,32.97,Muy alto,Crítico,Ahorrador
8081310,517404,183186,1009931,135195,884507,35399,112011,901938,1607644,71269,11.16,19.89,Muy alto,Crítico,Ahorrador
9943234,697520,196111,1012457,176526,1481200,74290,70862,1362369,1557882,70415,13.7,15.67,Muy alto,Crítico,Ahorrador
7179503,521708,202366,1134769,163147,811545,40969,60465,1057467,955882,72653,14.73,13.31,Muy alto,Crítico,Ahorrador
7469961,713473,211493,885452,127606,735601,62844,92281,1171195,3024617,33729,15.68,40.49,Muy alto,Crítico,Ahorrador
8164944,636080,228539,1013792,179648,917533,40536,70170,1015458,3247925,61215,12.44,39.78,Muy alto,Crítico,Ahorrador
9641106,566473,166990,842443,169710,1238890,68607,110642,1597378,1256637,60162,16.57,13.03,Muy alto,Crítico,Ahorrador
7673715,652780,237337,933079,171407,853134,50242,38865,1151194,2771238,59094,15.0,36.11,Muy alto,Crítico,Ahorrador
7597347,629454,176729,1056102,136353,784124,48063,87315,1074268,831368,52388,14.14,10.94,Muy alto,Crítico,Ahorrador
7942175,614439,194046,1185651,125928,798321,27298,103237,1050724,1446677,29083,13.23,18.22,Muy alto,Crítico,Ahorrador
8755943,485341,167567,1101146,131528,1233289,51570,51907,1230537,710999,63788,14.05,8.12,Muy alto,Crítico,Ahorrador
7731292,652107,185428,1168756,154070,520307,74119,63637,1010203,933464,64051,13.07,12.07,Muy alto,Crítico,Ahorrador
9918007,486764,193711,1134993,126020,1214010,59642,38436,1162635,1960140,62641,11.72,19.76,Muy alto,Crítico,Ahorrador
7659151,556725,200842,839629,174959,567080,49715,56127,1132783,2629467,50652,14.79,34.33,Muy alto,Crítico,Ahorrador
7050739,646389,232813,1011762,176406,590134,71102,105407,1244020,2706694,52097,17.64,38.39,Muy alto,Crítico,Ahorrador
8812439,645011,192386,1009570,130108,1081517,28284,107309,1200018,1683908,30320,13.62,19.11,Muy alto,Crítico,Ahorrador
7101524,485170,226474,1027955,122668,912876,51114,64367,701373,2375669,71916,9.88,33.45,Muy alto,Crítico,Ahorrador
6533766,590295,194622,1035525,158869,1407128,57339,48452,1159676,1640555,61205,17.75,25.11,Muy alto,Crítico,Ahorrador
9017416,502923,186043,1063498,132401,584953,55081,91132,1177167,3141905,27617,13.05,34.84,Muy alto,Crítico,Ahorrador
7710605,692523,176721,1029771,121460,1399926,47340,72224,1202950,1897061,27644,15.6,24.6,Muy alto,Crítico,Ahorrador
9748011,573372,195779,877118,121099,710914,27477,77668,1604986,3617451,37443,16.46,37.11,Muy alto,Crítico,Ahorrador
7054717,522504,161084,856569,175030,725530,49383,50775,1190286,2687204,45184,16.87,38.09,Muy alto,Crítico,Ahorrador
7163062,675401,177554,1073196,131914,896412,43089,40065,1256212,1933619,43128,17.54,26.99,Muy alto,Crítico,Ahorrador
7461314,496037,230644,1083137,140087,1117603,63926,49315,1168502,1920169,57102,15.66,25.73,Muy alto,Crítico,Ahorrador
9176964,506679,227326,844327,135866,681886,52101,49080,890100,4102897,44503,9.7,44.71,Muy alto,Crítico,Ahorrador
9142926,505968,171539,1044110,131034,872921,59747,50561,1168550,1729427,39064,12.78,18.92,Muy alto,Crítico,Ahorrador
9753180,484099,208572,923622,178625,1406759,44687,50178,1598166,780442,60689,16.39,8.0,Muy alto,Crítico,Ahorrador
7304734,595220,173535,1106445,176670,1246386,43293,54074,839999,3426334,25803,11.5,46.91,Muy alto,Crítico,Ahorrador
1105865,606872,193631,1121819,147752,1248341,111864,238223,92899,91435,118374,8.4,8.27,Bajo,Crítico,Gastador
1055895,660486,222472,1105191,167139,1382591,107379,224940,96944,393944,199485,9.18,37.31,Bajo,Crítico,Gastador
1536702,672777,227485,1178275,124014,999583,206615,124406,103181,724557,121196,6.71,47.15,Bajo,Crítico,Gastador
915981,516798,231525,1006446,127863,1477895,104637,316079,77145,89103,211777,8.42,9.73,Bajo,Crítico,Gastador
1211828,588088,190081,1068625,179433,888561,175972,285920,77939,134124,154473,6.43,11.07,Bajo,Crítico,Gastador
1195322,567963,186500,1067869,142534,1315113,86170,314224,90711,559361,151504,7.59,46.8,Bajo,Crítico,Gastador
845792,714688,162159,942663,144025,933518,176825,163456,99781,160343,160172,11.8,18.96,Bajo,Crítico,Gastador
1558037,546834,160994,1119806,134122,937978,168900,137543,132818,643249,218178,8.52,41.29,Bajo,Crítico,Gastador
1215039,606717,185817,976842,137231,1331272,161164,312423,107295,471630,154604,8.83,38.82,Bajo,Crítico,Gastador
1411092,697190,220495,1123548,176679,612950,185903,170046,113513,322769,201557,8.04,22.87,Bajo,Crítico,Gastador
1204193,621267,162792,932358,152954,1021224,90264,298804,117112,164007,162578,9.73,13.62,Bajo,Crítico,Gastador
1160951,690017,200561,850249,177861,850953,187932,300172,111224,472283,106810,9.58,40.68,Bajo,Crítico,Gastador
1217206,628875,232690,1073240,173400,1241943,142416,261495,130584,386250,190979,10.73,31.73,Bajo,Crítico,Gastador
1444376,653024,230033,1046434,125527,1007129,186335,252694,159401,392782,205176,11.04,27.19,Bajo,Crítico,Gastador
1590981,702472,172046,1178572,165029,1209885,207624,320429,159927,497865,200524,10.05,31.29,Bajo,Crítico,Gastador
1547727,575751,188654,1109511,129099,939852,91661,145318,112545,734487,93583,7.27,47.46,Bajo,Crítico,Gastador
1438829,664934,220314,1149952,152116,767300,77852,281749,155415,311990,118576,10.8,21.68,Bajo,Crítico,Gastador
1301308,679214,235276,942323,160653,1475016,182959,140433,110325,123106,141592,8.48,9.46,Bajo,Crítico,Gastador
1414123,498937,177230,922265,159837,1402742,179051,186482,114305,174422,160070,8.08,12.33,Bajo,Crítico,Gastador
1426520,683580,222617,1126878,133781,682887,173883,138005,144242,468819,156277,10.11,32.86,Bajo,Crítico,Gastador
1051224,701290,170043,1003698,145508,571955,147451,207499,91771,411200,132689,8.73,39.12,Bajo,Crítico,Gastador
1383885,595692,233228,926996,140493,1326148,122156,254872,131212,370632,98481,9.48,26.78,Bajo,Crítico,Gastador
964498,546686,182280,862866,143646,535442,100766,115895,90112,393690,190775,9.34,40.82,Bajo,Crítico,Gastador
1453215,687440,193127,944851,122782,1156681,134098,330763,99287,302449,142258,6.83,20.81,Bajo,Crítico,Gastador
1033036,654954,210891,1090854,141728,1112096,88211,232862,80119,287193,155902,7.76,27.8,Bajo,Crítico,Gastador
1550503,705471,182864,969943,173488,1389703,123905,290601,181694,284301,154615,11.72,18.34,Bajo,Crítico,Gastador
1299679,565419,183925,879387,139502,1211222,108701,132704,116914,166463,215837,9.0,12.81,Bajo,Crítico,Gastador
1013612,525659,168649,861868,163997,662171,219335,285282,87557,389546,147452,8.64,38.43,Bajo,Crítico,Gastador
1037215,493896,184889,1132120,133626,732830,207502,191776,124161,193224,76836,11.97,18.63,Bajo,Crítico,Gastador
1422937,546401,222411,1052438,139047,1004842,189288,265044,128470,527226,197899,9.03,37.05,Bajo,Crítico,Gastador
1020993,516980,172549,1171137,169263,1025939,174133,322424,103295,84012,104406,10.12,8.23,Bajo,Crítico,Gastador
1228596,625508,229031,1167130,160959,1467390,110667,314384,131783,515024,153153,10.73,41.92,Bajo,Crítico,Gastador
1158390,533914,196023,1169636,139589,1397836,148213,258029,100963,329639,106449,8.72,28.46,Bajo,Crítico,Gastador
992671,659306,208532,898587,146538,887087,113426,241019,116836,258501,184148,11.77,26.04,Bajo,Crítico,Gastador
1522913,497280,219503,959555,132319,1193377,86192,236540,150918,216412,180213,9.91,14.21,Bajo,Crítico,Gastador
1117191,549040,186036,1119016,122723,1476294,82119,306183,120420,119755,177007,10.78,10.72,Bajo,Crítico,Gastador
1589685,637323,218028,1030704,163686,530038,213518,221928,167695,536515,218125,10.55,33.75,Bajo,Crítico,Gastador
1330537,529100,239995,996676,173483,987459,118268,113719,145700,472220,135427,10.95,35.49,Bajo,Crítico,Gastador
831468,498079,209659,1130656,123084,1375720,190155,222008,93464,332416,183384,11.24,39.98,Bajo,Crítico,Gastador
1354534,497918,215671,844502,165429,1049123,160024,115875,127004,215216,144303,9.38,15.89,Bajo,Crítico,Gastador
902976,709579,194231,849249,176531,950299,83121,145295,77494,269113,100630,8.58,29.8,Bajo,Crítico,Gastador
815662,657909,192676,1113115,126242,1394776,113159,267386,72410,310671,77149,8.88,38.09,Bajo,Crítico,Gastador
1015487,642928,168364,937747,168919,1053909,159026,308375,109498,210553,162495,10.78,20.73,Bajo,Crítico,Gastador
1164345,509932,164129,986211,175996,1130543,192826,276581,98260,380581,209569,8.44,32.69,Bajo,Crítico,Gastador
1566129,686053,161706,1149646,143947,1335215,111364,218877,120107,715975,209091,7.67,45.72,Bajo,Crítico,Gastador
1400698,634555,197800,930473,125572,945844,223629,179862,142508,654748,218020,10.17,46.74,Bajo,Crítico,Gastador
1522214,490832,204024,1147185,162988,672121,119834,278983,180647,453595,185003,11.87,29.8,Bajo,Crítico,Gastador
1235194,559104,163241,804212,165332,1058722,172080,314481,138830,511005,85053,11.24,41.37,Bajo,Crítico,Gastador
1517050,558580,200844,965978,149477,1056578,129333,316085,116960,556194,122474,7.71,36.66,Bajo,Crítico,Gastador
1143054,584629,235253,811518,177692,683809,212509,248491,96176,325161,87916,8.41,28.45,Bajo,Crítico,Gastador
1524091,492828,205040,1083907,131849,1033099,204099,210494,136256,397062,77177,8.94,26.05,Bajo,Crítico,Gastador
1576939,481382,231466,1135807,138333,1231265,183217,131209,101582,562891,99115,6.44,35.7,Bajo,Crítico,Gastador
2095948,688925,228023,896951,132294,1000731,124914,200359,174094,512157,130197,8.31,24.44,Medio Bajo,Crítico,Gastador
1942136,678120,211303,871017,163420,1432755,122019,211814,216571,862187,136168,11.15,44.39,Medio Bajo,Crítico,Gastador
1674568,688968,181076,996643,123759,567171,146188,329273,143722,558668,140566,8.58,33.36,Medio Bajo,Crítico,Gastador
2556597,535681,161409,1006658,152472,1490735,115130,273183,230923,492100,91887,9.03,19.25,Medio Bajo,Crítico,Gastador
2555129,709013,217941,1067961,166252,867565,86146,135998,280295,1020269,125963,10.97,39.93,Medio Bajo,Crítico,Gastador
2191183,538516,170503,1012112,166995,601648,167990,170112,158122,874800,100377,7.22,39.92,Medio Bajo,Crítico,Gastador
1795443,571567,174076,965629,172296,1058093,93307,276400,175759,660052,91318,9.79,36.76,Medio Bajo,Crítico,Gastador
2301841,670123,238067,1172949,121291,525065,174499,254383,231713,650602,199390,10.07,28.26,Medio Bajo,Crítico,Gastador
2044222,540430,197266,1115243,177136,1432446,125221,287265,169087,572960,219456,8.27,28.03,Medio Bajo,Crítico,Gastador
1962708,533348,198938,885458,177706,797747,77405,124002,224506,812668,145735,11.44,41.41,Medio Bajo,Crítico,Gastador
1649895,620019,183766,981684,142458,1232642,84988,318124,118061,556716,165263,7.16,33.74,Medio Bajo,Crítico,Gastador
1661455,556386,212034,929651,120176,829989,116588,147463,122264,468152,170378,7.36,28.18,Medio Bajo,Crítico,Gastador
2145790,579567,198100,1086939,145349,841472,222220,224114,195948,573263,119386,9.13,26.72,Medio Bajo,Crítico,Gastador
1804714,585949,187595,838764,133209,527468,99030,160199,148685,657223,78618,8.24,36.42,Medio Bajo,Crítico,Gastador
2309846,683716,192657,1079994,149430,1104386,95459,238699,270007,876802,129752,11.69,37.96,Medio Bajo,Crítico,Gastador
2261733,571279,163903,1139267,173618,1286667,201212,220559,251607,848830,209403,11.12,37.53,Medio Bajo,Crítico,Gastador
2525635,653846,172633,962182,134305,640537,156676,203638,216366,873436,146568,8.57,34.58,Medio Bajo,Crítico,Gastador
1670035,699007,177800,933832,144014,1079540,122389,279473,161894,505715,90696,9.69,30.28,Medio Bajo,Crítico,Gastador
1967727,695028,201480,1003735,155238,1138885,209115,156577,204563,336529,193184,10.4,17.1,Medio Bajo,Crítico,Gastador
2756668,551919,228787,1189748,141742,1276952,177307,305683,270905,1248325,153179,9.83,45.28,Medio Bajo,Crítico,Gastador
2571679,482012,161513,1138143,156123,1013530,201670,225736,189581,844714,164454,7.37,32.85,Medio Bajo,Crítico,Gastador
1717670,528851,190686,838571,156915,1434953,192001,257949,164271,713885,112955,9.56,41.56,Medio Bajo,Crítico,Gastador
1791139,579295,183934,811067,127188,949564,86713,206990,130563,483658,167225,7.29,27.0,Medio Bajo,Crítico,Gastador
1722892,483655,176203,1068511,172002,538134,195199,298008,189179,672975,139197,10.98,39.06,Medio Bajo,Crítico,Gastador
2153178,711506,167478,808556,159415,1303101,158958,220403,143205,889529,213718,6.65,41.31,Medio Bajo,Crítico,Gastador
2597699,718559,226585,972016,174947,769813,198546,192591,305398,546907,126044,11.76,21.05,Medio Bajo,Crítico,Gastador
2669430,482796,172388,961605,158480,1370352,166061,218707,200753,835068,221848,7.52,31.28,Medio Bajo,Crítico,Gastador
1673121,667035,200850,877781,164464,1363702,84529,158868,153730,447823,200613,9.19,26.77,Medio Bajo,Crítico,Gastador
2220640,687190,177752,1051934,165993,950657,210949,149770,239621,277168,109709,10.79,12.48,Medio Bajo,Crítico,Gastador
2408304,675371,208749,866784,150482,1190043,222382,332190,213633,1058652,102045,8.87,43.96,Medio Bajo,Crítico,Gastador
2546658,668486,233141,1076698,155752,994448,156554,274783,301871,233303,112746,11.85,9.16,Medio Bajo,Crítico,Gastador
2299613,660396,187471,904542,174204,580211,158601,288172,238531,682008,113716,10.37,29.66,Medio Bajo,Crítico,Gastador
1751286,574979,239207,912727,177704,1099216,206846,174278,165471,586816,92188,9.45,33.51,Medio Bajo,Crítico,Gastador
2086988,711365,178510,1055951,125520,723896,188659,217388,203982,574147,221276,9.77,27.51,Medio Bajo,Crítico,Gastador
2161662,701548,227183,1089320,176601,1355967,83632,319274,198139,384991,166510,9.17,17.81,Medio Bajo,Crítico,Gastador
2536344,524871,177337,860013,150612,1178890,180535,197905,226620,966541,83946,8.93,38.11,Medio Bajo,Crítico,Gastador
2515319,566499,220037,1166524,121975,1144646,197999,312814,210406,418306,198539,8.36,16.63,Medio Bajo,Crítico,Gastador
1854073,650256,217010,800040,124010,1335567,175479,149509,195376,402486,127859,10.54,21.71,Medio Bajo,Crítico,Gastador
2227522,662280,220629,1141939,166705,1339973,106085,315295,262285,554998,153415,11.77,24.92,Medio Bajo,Crítico,Gastador
2143266,613109,201485,1054051,133446,1432873,132842,330773,191847,246149,181349,8.95,11.48,Medio Bajo,Crítico,Gastador
2823633,667569,184143,1179749,140901,895922,113156,120182,271257,314168,216946,9.61,11.13,Medio Bajo,Crítico,Gastador
2442180,643030,189481,975288,156951,692410,181517,325291,237845,639166,100035,9.74,26.17,Medio Bajo,Crítico,Gastador
2095859,619838,172011,868037,165615,1154509,215903,178259,212566,755997,145973,10.14,36.07,Medio Bajo,Crítico,Gastador
1875067,698304,206726,1034623,146384,672048,206848,162925,126221,417330,128824,6.73,22.26,Medio Bajo,Crítico,Gastador
2723710,567808,216082,802383,173844,1425484,206118,227800,240368,963432,98657,8.83,35.37,Medio Bajo,Crítico,Gastador
1803090,520641,161007,938571,144968,1413755,213757,220555,178608,776617,187217,9.91,43.07,Medio Bajo,Crítico,Gastador
1720332,516472,197402,811526,121939,982416,112974,130189,124206,281776,150032,7.22,16.38,Medio Bajo,Crítico,Gastador
2138925,640395,165650,1117827,132208,1438334,86438,230736,231758,253730,124163,10.84,11.86,Medio Bajo,Crítico,Gastador
2255037,510409,187457,1077638,176618,1011349,101366,272013,243854,562607,184492,10.81,24.95,Medio Bajo,Crítico,Gastador
2049326,488455,211797,812934,153510,933111,170258,146446,185151,383362,171899,9.03,18.71,Medio Bajo,Crítico,Gastador
2140296,556349,228848,995206,172652,502218,145816,330867,143049,475016,76362,6.68,22.19,Medio Bajo,Crítico,Gastador
2787697,647417,197850,873313,163454,1113676,197135,274129,240706,604327,118737,8.63,21.68,Medio Bajo,Crítico,Gastador
3410475,599815,171354,1096636,159290,669629,137743,116211,326060,1046918,183050,9.56,30.7,Medio,Crítico,Gastador
3146998,540915,203711,902042,135990,1142604,149683,174373,239941,315176,136361,7.62,10.02,Medio,Crítico,Gastador
2985523,480287,224122,997928,125842,1355588,80839,131362,206929,553208,118581,6.93,18.53,Medio,Crítico,Gastador
3948462,692977,212355,967686,122317,894621,105338,239372,412717,544723,125906,10.45,13.8,Medio,Crítico,Gastador
3560607,711157,195308,1170325,146148,1351169,159322,169649,288616,443407,218977,8.11,12.45,Medio,Crítico,Gastador
3117136,543825,238180,806301,135758,920191,179556,145576,327417,1206882,156190,10.5,38.72,Medio,Crítico,Gastador
3190881,709458,236503,1185402,157355,892470,186639,149114,330844,1334101,147623,10.37,41.81,Medio,Crítico,Gastador
3332103,542991,210842,966075,132347,565145,132814,295143,257196,896160,103423,7.72,26.89,Medio,Crítico,Gastador
4014486,664678,229682,1170447,164551,1100194,98080,117229,326014,1488261,105842,8.12,37.07,Medio,Crítico,Gastador
3054460,579862,237132,881321,134750,1151950,188271,284805,215655,1298018,153948,7.06,42.5,Medio,Crítico,Gastador
3298894,651374,166560,1059063,141411,601151,98055,130887,315625,474266,110238,9.57,14.38,Medio,Crítico,Gastador
3962204,660337,224120,1176378,125482,785802,178229,283723,322658,1520493,86808,8.14,38.37,Medio,Crítico,Gastador
2965658,490943,181491,993325,125031,1182711,114458,118657,298590,962909,97828,10.07,32.47,Medio,Crítico,Gastador
3867828,518612,222310,1197069,132735,904444,205222,199368,453325,1687022,180055,11.72,43.62,Medio,Crítico,Gastador
4064820,627142,201595,1126280,123539,1208187,153270,172218,385736,918929,205309,9.49,22.61,Medio,Crítico,Gastador
3445262,699650,190467,1095193,151846,1365164,100923,268603,288807,1186784,221708,8.38,34.45,Medio,Crítico,Gastador
3248482,502505,189556,909384,166249,779003,99617,184377,261481,1167606,153779,8.05,35.94,Medio,Crítico,Gastador
3198126,717283,209437,865116,144502,976274,83077,225974,296303,562824,143762,9.26,17.6,Medio,Crítico,Gastador
3857773,674627,229755,991132,161608,1037711,127687,323509,362116,1843815,149180,9.39,47.79,Medio,Crítico,Gastador
2992755,711251,219629,1041467,132963,1092638,190015,133657,316194,1090226,120631,10.57,36.43,Medio,Crítico,Gastador
3049037,709343,223523,813294,120169,931041,107735,214658,265726,1315897,126677,8.72,43.16,Medio,Crítico,Gastador
3183972,696499,161471,1152513,166715,918403,79810,120400,225288,386282,145059,7.08,12.13,Medio,Crítico,Gastador
3877220,708704,177074,1152827,164348,1310706,218703,209438,266692,952371,181467,6.88,24.56,Medio,Crítico,Gastador
3259905,513294,178902,1047878,159884,761382,189427,128312,281819,1450132,88077,8.65,44.48,Medio,Crítico,Gastador
3766366,702209,234885,1080241,172699,1440893,155394,191396,261491,1691850,107065,6.94,44.92,Medio,Crítico,Gastador
4002068,565319,232856,1047715,179352,1203825,185566,179057,370113,1354264,80947,9.25,33.84,Medio,Crítico,Gastador
3737128,707123,196658,1047516,130928,748064,200145,203232,340021,1604582,165738,9.1,42.94,Medio,Crítico,Gastador
3733345,619716,213464,1066666,145044,1281653,126734,176140,323984,1416766,98491,8.68,37.95,Medio,Crítico,Gastador
3099657,621215,229121,1174410,120521,708816,112710,322044,283630,1467837,105128,9.15,47.35,Medio,Crítico,Gastador
3282037,510186,193119,1148451,169002,1426325,104798,159257,388580,681126,169528,11.84,20.75,Medio,Crítico,Gastador
3025825,618644,228931,881197,139099,662805,143073,225302,229095,355284,142463,7.57,11.74,Medio,Crítico,Gastador
3698680,495996,189651,1099545,139342,840878,100940,321612,414665,1627189,90384,11.21,43.99,Medio,Crítico,Gastador
3018443,553248,234433,1068925,165008,664105,172246,308918,286281,442580,101378,9.48,14.66,Medio,Crítico,Gastador
2937138,554642,185625,1059851,160546,505707,173276,130663,224774,488063,167224,7.65,16.62,Medio,Crítico,Gastador
3541909,695982,210234,976363,142669,668238,81838,129340,329389,986835,119155,9.3,27.86,Medio,Crítico,Gastador
3675065,603807,188860,915098,126958,789807,202454,332357,346467,377752,102087,9.43,10.28,Medio,Crítico,Gastador
2868553,564084,169347,1076435,172045,517528,156380,335269,260149,1156817,177570,9.07,40.33,Medio,Crítico,Gastador
3328979,530723,160639,850677,153818,716298,191133,278849,378038,1060781,204341,11.36,31.87,Medio,Crítico,Gastador
2938032,698993,167621,986950,139214,944914,181247,189785,254398,999489,137350,8.66,34.02,Medio,Crítico,Gastador
3553649,657524,198388,831565,172055,994051,80877,194779,255698,676844,84949,7.2,19.05,Medio,Crítico,Gastador
2850564,706456,164591,867164,130308,812314,160213,227829,339385,572953,137371,11.91,20.1,Medio,Crítico,Gastador
2915102,507425,161088,1009505,159877,1191596,87116,191437,286985,784937,157918,9.84,26.93,Medio,Crítico,Gastador
3006249,695947,233632,1189831,141496,1025401,116001,234674,309405,423963,82215,10.29,14.1,Medio,Crítico,Gastador
4060990,535633,233037,883037,136791,1156822,121286,165698,418994,1267387,150192,10.32,31.21,Medio,Crítico,Gastador
3788577,625269,228624,1102583,147551,989087,221015,177133,259008,1112905,139135,6.84,29.38,Medio,Crítico,Gastador
2960655,522012,198491,923868,120552,604639,205548,166255,203359,322025,146500,6.87,10.88,Medio,Crítico,Gastador
2872767,654902,215448,888315,159611,1305195,188740,128841,299237,1274318,177451,10.42,44.36,Medio,Crítico,Gastador
3808905,583241,203505,999281,120338,1082502,80176,329047,416826,694014,169143,10.94,18.22,Medio,Crítico,Gastador
3157289,694088,190815,992853,136898,859484,124847,165297,260068,517093,146195,8.24,16.38,Medio,Crítico,Gastador
3221433,566170,202796,1180563,146327,837656,149716,333214,314946,603938,104518,9.78,18.75,Medio,Crítico,Gastador
2966633,693465,214223,986509,159264,718864,214318,228365,330884,413198,184039,11.15,13.93,Medio,Crítico,Gastador
3582857,699482,173695,1028664,142193,1265039,205980,206276,404938,735188,170500,11.3,20.52,Medio,Crítico,Gastador
4318093,489853,238866,944134,165312,1155780,111543,320278,503461,1322774,187382,11.66,30.63,Medio Alto,Crítico,Gastador
5273776,521952,230139,909742,131605,688206,121647,226966,346653,782743,120267,6.57,14.84,Medio Alto,Crítico,Gastador
4471847,544120,165733,896917,135776,548507,118065,198045,360746,1101156,112216,8.07,24.62,Medio Alto,Crítico,Gastador
4671293,704977,217568,1158320,147568,1182933,167525,119228,420915,658129,147950,9.01,14.09,Medio Alto,Crítico,Gastador
4883922,562865,212487,1113436,123140,765772,127943,163677,548277,1653903,161248,11.23,33.86,Medio Alto,Crítico,Gastador
5036793,606052,202163,1042453,135154,957542,212655,327532,394746,428962,193476,7.84,8.52,Medio Alto,Crítico,Gastador
4319867,631501,180928,943814,122882,1232814,187969,142202,368044,1779507,91473,8.52,41.19,Medio Alto,Crítico,Gastador
4274668,575414,200178,1080863,153779,868652,190649,177906,509900,1953179,169020,11.93,45.69,Medio Alto,Crítico,Gastador
4653489,702290,214892,1044141,167895,1319787,100475,201274,466851,695465,186534,10.03,14.95,Medio Alto,Crítico,Gastador
4541257,499494,180406,805214,177559,1307727,94649,236270,294417,696046,101673,6.48,15.33,Medio Alto,Crítico,Gastador
4746204,604541,211853,907407,164859,928821,91344,115405,450131,2156310,162339,9.48,45.43,Medio Alto,Crítico,Gastador
5015728,564691,225099,866788,161395,994925,133146,325710,583374,1335084,169417,11.63,26.62,Medio Alto,Crítico,Gastador
4958776,610653,218410,962466,152708,981548,137784,217493,550831,1606072,89970,11.11,32.39,Medio Alto,Crítico,Gastador
4954793,551456,222264,950487,126477,904752,223039,118626,508295,1623234,125003,10.26,32.76,Medio Alto,Crítico,Gastador
5098531,625914,161602,1055692,124820,1340319,130534,273791,566031,893736,168255,11.1,17.53,Medio Alto,Crítico,Gastador
4308582,548769,203710,843240,173942,1134872,150686,318255,360292,650410,187798,8.36,15.1,Medio Alto,Crítico,Gastador
4259263,657644,233087,816615,130198,997924,100751,277213,414657,681047,89128,9.74,15.99,Medio Alto,Crítico,Gastador
5083106,522395,198469,1170213,171134,1171358,158959,186338,529388,1463579,111267,10.41,28.79,Medio Alto,Crítico,Gastador
4260044,552482,200831,1133538,138737,529141,156562,219786,426494,1764265,187193,10.01,41.41,Medio Alto,Crítico,Gastador
4363180,542681,172014,813715,144578,731606,182574,248751,290276,1073792,172126,6.65,24.61,Medio Alto,Crítico,Gastador
4737449,564556,183552,1180239,166644,1067614,165741,303019,384698,990175,146486,8.12,20.9,Medio Alto,Crítico,Gastador
4880518,517356,166963,1075259,139505,1023037,85295,178888,358583,961664,142368,7.35,19.7,Medio Alto,Crítico,Gastador
4938169,682507,195083,809383,129669,1302689,175881,299136,463942,733274,221294,9.4,14.85,Medio Alto,Crítico,Gastador
5274227,691474,168411,862504,128584,575480,200734,325775,433396,541553,197650,8.22,10.27,Medio Alto,Crítico,Gastador
4389310,613006,187600,1129345,140401,1206847,154319,291917,435331,1991389,128538,9.92,45.37,Medio Alto,Crítico,Gastador
5109384,671569,219253,1043957,172889,558328,152372,131699,571399,1407509,97355,11.18,27.55,Medio Alto,Crítico,Gastador
5038001,684887,218094,1163766,123084,852824,185915,238556,388694,888947,210211,7.72,17.64,Medio Alto,Crítico,Gastador
5140329,701589,204113,1126969,156793,854074,97507,309498,509490,1699225,162685,9.91,33.06,Medio Alto,Crítico,Gastador
5187671,567804,183837,1049934,154725,732733,140846,161642,567856,741449,137734,10.95,14.29,Medio Alto,Crítico,Gastador
4432899,481205,171271,1174838,173041,1298061,222530,164356,471306,696479,123637,10.63,15.71,Medio Alto,Crítico,Gastador
5152629,682870,230873,1123610,169879,1173897,103280,140871,360424,1984529,95343,6.99,38.51,Medio Alto,Crítico,Gastador
4553726,648642,214941,1043193,147607,779207,117367,320674,461916,2079538,78030,10.14,45.67,Medio Alto,Crítico,Gastador
4482502,719085,190074,891403,139727,1105282,213925,152199,350846,398525,195510,7.83,8.89,Medio Alto,Crítico,Gastador
5047111,712440,225485,1089087,173335,601311,177803,225452,354715,2222547,85338,7.03,44.04,Medio Alto,Crítico,Gastador
5212247,600162,232532,1139596,159511,1401802,195919,224584,415361,805540,142862,7.97,15.45,Medio Alto,Crítico,Gastador
4836775,675674,190657,882938,172916,1111150,99996,116273,341476,1634452,183554,7.06,33.79,Medio Alto,Crítico,Gastador
4432245,605262,201905,887124,173406,1265219,89919,154593,531724,2051278,149822,12.0,46.28,Medio Alto,Crítico,Gastador
4396362,555519,203376,916318,166397,1358680,145102,160812,372529,611856,193252,8.47,13.92,Medio Alto,Crítico,Gastador
4877694,519806,224259,863985,160164,869725,121429,278156,545823,1395197,183067,11.19,28.6,Medio Alto,Crítico,Gastador
4710381,663136,219702,1172196,149163,1252449,221912,268351,305658,893616,180525,6.49,18.97,Medio Alto,Crítico,Gastador
4529354,593043,194294,934218,176827,1418274,172535,244104,433275,1469452,180911,9.57,32.44,Medio Alto,Crítico,Gastador
4185112,594911,227573,1078285,175595,1001608,138640,153163,310850,921706,78320,7.43,22.02,Medio Alto,Crítico,Gastador
4156051,561513,167215,1115591,168587,693246,107259,325261,497801,1835868,99244,11.98,44.17,Medio Alto,Crítico,Gastador
5170421,655015,205461,1014454,170530,1283462,112897,198232,455649,1841993,168059,8.81,35.63,Medio Alto,Crítico,Gastador
4569465,584471,196725,826522,154844,1271275,123839,188888,469454,2081616,95782,10.27,45.55,Medio Alto,Crítico,Gastador
4806872,664967,186116,1163639,151011,763205,101568,185025,452130,1997721,214021,9.41,41.56,Medio Alto,Crítico,Gastador
4835668,501364,167129,974464,145665,678897,142628,179931,430761,1210008,192524,8.91,25.02,Medio Alto,Crítico,Gastador
5111125,664279,221132,1147918,177922,1334200,176866,123364,586877,1529114,90673,11.48,29.92,Medio Alto,Crítico,Gastador
4229852,633595,176130,936689,128906,812684,107290,249175,415369,1354179,127819,9.82,32.01,Medio Alto,Crítico,Gastador
4987233,601113,175235,1062712,173804,882357,117117,130873,569954,2129816,211477,11.43,42.71,Medio Alto,Crítico,Gastador
4340925,565933,195273,1140759,124453,928960,166750,196632,329059,684424,103443,7.58,15.77,Medio Alto,Crítico,Gastador
4239445,531145,193801,1053995,151610,572035,152801,246951,493548,1975573,90246,11.64,46.6,Medio Alto,Crítico,Gastador
5395480,621081,201163,1101347,136911,1394382,223648,174480,571685,493004,195523,10.6,9.14,Alto,Crítico,Gastador
5731178,517796,218060,908156,162887,530105,123243,331599,464436,2743888,170035,8.1,47.88,Alto,Crítico,Gastador
6271747,656821,229571,809646,163118,646995,214519,296114,642886,897160,93216,10.25,14.3,Alto,Crítico,Gastador
5907703,585964,207156,875829,149370,823171,152962,138005,616319,663252,104958,10.43,11.23,Alto,Crítico,Gastador
6298669,539119,197399,926661,136750,1141996,79334,230415,661611,959438,190107,10.5,15.23,Alto,Crítico,Gastador
6359274,536732,191287,1141936,134460,566479,129527,242188,601976,1885196,200304,9.47,29.64,Alto,Crítico,Gastador
5994983,661079,184121,1032073,132921,974982,177662,303373,462624,2560477,221665,7.72,42.71,Alto,Crítico,Gastador
6060582,541493,160076,1142590,130996,1341671,93424,154632,548502,1044924,214078,9.05,17.24,Alto,Crítico,Gastador
6329490,623243,178108,899954,172170,702611,104316,215786,523264,1292903,118713,8.27,20.43,Alto,Crítico,Gastador
5376997,588588,196118,833153,166219,1490429,151103,227422,480398,2161591,167331,8.93,40.2,Alto,Crítico,Gastador
5418598,534280,189721,929272,159713,634857,87631,115134,426501,1996511,85822,7.87,36.85,Alto,Crítico,Gastador
6499361,701524,166819,1004980,145991,1407379,181628,315770,735265,883454,121567,11.31,13.59,Alto,Crítico,Gastador
6337264,664163,176102,1193041,161273,748845,174278,315706,512665,824829,208565,8.09,13.02,Alto,Crítico,Gastador
6467838,604960,201431,1127037,151291,515478,210510,273667,700773,2643386,192601,10.83,40.87,Alto,Crítico,Gastador
5790955,656656,172243,953420,137213,1003271,223359,160307,664688,1364527,169374,11.48,23.56,Alto,Crítico,Gastador
5498818,681262,239558,801082,144573,570737,223914,250953,371936,2408841,90811,6.76,43.81,Alto,Crítico,Gastador
5910472,586712,164544,826761,140330,506348,211140,120896,462773,1268332,203341,7.83,21.46,Alto,Crítico,Gastador
5663389,514794,207205,1006510,178420,1115058,221291,157294,634239,636186,93650,11.2,11.23,Alto,Crítico,Gastador
5343461,672585,202804,987463,143202,840053,95979,162613,407948,1732646,141201,7.63,32.43,Alto,Crítico,Gastador
5766909,525148,193617,947431,153792,1039535,194319,164865,531751,1748275,127121,9.22,30.32,Alto,Crítico,Gastador
6172798,657516,231817,923018,158207,1372260,148877,159724,629633,767285,198858,10.2,12.43,Alto,Crítico,Gastador
6098044,593137,210916,937377,175532,1344474,126706,229972,598287,618565,118202,9.81,10.14,Alto,Crítico,Gastador
6441441,613969,214942,809937,167968,927473,166887,239745,692131,2349734,143250,10.74,36.48,Alto,Crítico,Gastador
5859033,631291,214796,867181,173077,1180878,83319,203256,458186,2476459,99720,7.82,42.27,Alto,Crítico,Gastador
5557029,551938,234237,923762,164761,997508,183119,290082,527676,2054762,200154,9.5,36.98,Alto,Crítico,Gastador
6087981,658036,233665,1186755,177902,630143,127193,206349,567161,714425,138955,9.32,11.74,Alto,Crítico,Gastador
6275985,579533,218062,859206,139201,1179622,107320,226590,590651,1341427,98513,9.41,21.37,Alto,Crítico,Gastador
6501115,554354,169463,987126,163524,1471452,119088,202981,566945,982161,141176,8.72,15.11,Alto,Crítico,Gastador
5624097,529419,214358,942862,145821,792651,157227,283092,425640,2548658,213732,7.57,45.32,Alto,Crítico,Gastador
6262068,589081,177116,984741,152265,1416695,94949,197605,419462,2802937,149162,6.7,44.76,Alto,Crítico,Gastador
5959012,508068,201025,975101,153397,728368,78377,306844,432706,2258162,81531,7.26,37.89,Alto,Crítico,Gastador
5618584,589572,165056,860907,126215,788765,110904,332376,517210,1407170,195228,9.21,25.04,Alto,Crítico,Gastador
5378506,579055,202427,855249,151275,621878,214240,320376,566535,2023577,116960,10.53,37.62,Alto,Crítico,Gastador
5385965,615178,174647,1068040,168724,695502,99869,276731,570824,494863,88929,10.6,9.19,Alto,Crítico,Gastador
5476002,690657,179129,915933,126311,1419220,91990,130806,641820,1156198,224775,11.72,21.11,Alto,Crítico,Gastador
5482495,597382,167136,1178854,120295,801077,96399,192955,491207,1914235,163220,8.96,34.92,Alto,Crítico,Gastador
5721741,531203,234218,836687,169162,920488,196418,216255,429485,1605582,100647,7.51,28.06,Alto,Crítico,Gastador
6318689,719583,190142,976536,140836,924533,102530,209030,712631,914367,203284,11.28,14.47,Alto,Crítico,Gastador
6439678,503624,229487,1017539,168994,532311,206235,303420,665239,772507,209113,10.33,12.0,Alto,Crítico,Gastador
5808224,568326,227252,1077213,136752,1396575,140552,132446,569440,2743621,171236,9.8,47.24,Alto,Crítico,Gastador
5840476,523424,174115,1156271,145981,820545,85109,208685,509747,1240249,195062,8.73,21.24,Alto,Crítico,Gastador
5471605,518169,186672,943408,167203,840811,171748,332814,401536,979194,142375,7.34,17.9,Alto,Crítico,Gastador
5563458,704130,236970,1127989,164658,943165,76439,263496,528574,521547,172685,9.5,9.37,Alto,Crítico,Gastador
6304391,680442,186218,1029265,157123,900755,79852,324673,729015,2805934,90585,11.56,44.51,Alto,Crítico,Gastador
5853386,706054,181589,821070,179838,994255,95838,153770,403676,1173705,83730,6.9,20.05,Alto,Crítico,Gastador
6006101,485759,185777,996528,147930,1100760,195387,271436,688644,2683526,213080,11.47,44.68,Alto,Crítico,Gastador
5976808,676297,165951,1011094,177469,681388,81818,266226,603753,1885160,168175,10.1,31.54,Alto,Crítico,Gastador
6196592,637577,218472,872146,132324,1494595,176512,149968,561089,611286,81115,9.05,9.86,Alto,Crítico,Gastador
6506806,580362,163502,1104547,145532,1061541,120754,300740,701314,3008284,162363,10.78,46.23,Alto,Crítico,Gastador
5714310,707224,203162,979757,120996,1339744,220049,217051,602286,1864487,122546,10.54,32.63,Alto,Crítico,Gastador
5846390,588953,173241,1111132,155701,1276602,172709,266039,414145,652362,83210,7.08,11.16,Alto,Crítico,Gastador
6175472,579849,191928,1085016,146585,856147,175569,220244,611698,2760875,224726,9.91,44.71,Alto,Crítico,Gastador
6899415,659323,186583,1131141,134451,1350621,211345,242714,590426,2947518,194489,8.56,42.72,Muy alto,Crítico,Gastador
7685240,611148,170324,1051020,134753,543384,90968,223586,639263,1451623,164768,8.32,18.89,Muy alto,Crítico,Gastador
9463594,560630,225162,990263,170508,805978,118410,221797,737188,3693761,101875,7.79,39.03,Muy alto,Crítico,Gastador
8761355,709170,233163,909185,140842,1045655,103877,308492,948353,2055100,149713,10.82,23.46,Muy alto,Crítico,Gastador
7696911,551619,167253,1093120,128321,757066,97294,176151,811077,2791522,76112,10.54,36.27,Muy alto,Crítico,Gastador
9616976,657008,188736,1196545,131723,739020,99622,209267,924877,3803370,220561,9.62,39.55,Muy alto,Crítico,Gastador
6572984,656975,171826,976225,125780,779810,205080,170668,687191,2237948,198259,10.45,34.05,Muy alto,Crítico,Gastador
8034928,491488,225182,1027828,123096,1364494,125388,288759,907489,3307561,149492,11.29,41.16,Muy alto,Crítico,Gastador
7004906,601935,189355,1117883,127199,566558,114295,137151,745700,2494110,129062,10.65,35.61,Muy alto,Crítico,Gastador
6974130,534042,213010,1062104,141017,1323348,209288,113210,536824,583034,107724,7.7,8.36,Muy alto,Crítico,Gastador
8620134,484857,228419,998179,135819,704314,156980,131770,601682,1213746,174633,6.98,14.08,Muy alto,Crítico,Gastador
7799254,666930,179092,1168267,150404,783725,193027,283880,751620,3337748,193609,9.64,42.8,Muy alto,Crítico,Gastador
7311312,669618,179113,920603,148032,1137225,103321,250126,803206,1062218,98998,10.99,14.53,Muy alto,Crítico,Gastador
9228145,577526,209554,800032,176443,1345330,98511,197033,1001031,3434545,90413,10.85,37.22,Muy alto,Crítico,Gastador
6679932,548726,213741,977124,166691,1438294,113607,200938,537995,2977668,170762,8.05,44.58,Muy alto,Crítico,Gastador
7592385,527617,237508,1197361,173168,1007908,173510,201962,857007,3640896,186819,11.29,47.95,Muy alto,Crítico,Gastador
7076459,634065,164254,1189571,179374,626872,102097,258521,727665,824755,114010,10.28,11.65,Muy alto,Crítico,Gastador
6819505,645636,230795,810644,173305,1060957,151246,337403,593201,878870,187712,8.7,12.89,Muy alto,Crítico,Gastador
7436477,625580,220571,1005784,143038,688026,165662,333375,627454,995658,138343,8.44,13.39,Muy alto,Crítico,Gastador
8633096,718408,202049,823107,138970,600943,189531,300014,569594,2619332,177101,6.6,30.34,Muy alto,Crítico,Gastador
8326406,569255,232801,1199467,149088,555095,209738,227553,842697,2484606,179920,10.12,29.84,Muy alto,Crítico,Gastador
8789264,489859,178270,995871,129377,630329,147223,187198,1017790,2591591,182458,11.58,29.49,Muy alto,Crítico,Gastador
7661964,505021,187988,1016800,170254,1221335,148583,127315,739621,2238777,129025,9.65,29.22,Muy alto,Crítico,Gastador
9018807,719567,227277,1009122,140724,777795,103093,233855,1018467,2650469,188436,11.29,29.39,Muy alto,Crítico,Gastador
9560104,530864,214648,1102658,173874,1135495,177836,212710,945668,895140,82024,9.89,9.36,Muy alto,Crítico,Gastador
9351747,680744,201546,1155725,165211,894233,159826,240314,804125,4385956,120462,8.6,46.9,Muy alto,Crítico,Gastador
9271911,701451,189132,1187057,175406,1112951,146223,288560,1022950,1743940,142788,11.03,18.81,Muy alto,Crítico,Gastador
9172222,669974,205560,1004365,154397,1093818,80850,271527,783437,3541929,188579,8.54,38.62,Muy alto,Crítico,Gastador
7677118,504571,231624,1178336,129475,1261346,108255,209033,674377,3532463,107857,8.78,46.01,Muy alto,Crítico,Gastador
9455798,485736,205045,1030955,171804,828402,193060,202934,617305,791239,196034,6.53,8.37,Muy alto,Crítico,Gastador
7294916,594671,205312,1174081,166491,913390,97607,262441,490532,1522100,135863,6.72,20.87,Muy alto,Crítico,Gastador
7002258,645791,165629,884596,120003,1330796,201469,161351,836090,989683,101427,11.94,14.13,Muy alto,Crítico,Gastador
7414675,691341,224675,1105552,145722,660521,174590,162315,849972,3305002,129154,11.46,44.57,Muy alto,Crítico,Gastador
6802500,575441,237473,1194991,137516,957635,160877,250348,509894,698580,81382,7.5,10.27,Muy alto,Crítico,Gastador
7941733,695991,179958,1119022,167491,563759,99896,231904,908566,954128,162392,11.44,12.01,Muy alto,Crítico,Gastador
7053893,563242,223746,1018295,125541,1182584,104181,271651,633608,1305788,215486,8.98,18.51,Muy alto,Crítico,Gastador
8000533,649109,180019,1108512,146590,1281325,78840,143951,622090,2349920,198540,7.78,29.37,Muy alto,Crítico,Gastador
9906847,502910,225120,1094066,176675,771953,147838,172683,647964,3183781,135818,6.54,32.14,Muy alto,Crítico,Gastador
8770858,618338,222788,1181197,160017,906147,163960,261296,782587,3141549,76442,8.92,35.82,Muy alto,Crítico,Gastador
8166153,512353,233747,1183546,150098,985769,222993,227090,881221,3704607,184839,10.79,45.37,Muy alto,Crítico,Gastador
9485173,683146,220722,1014645,144568,852675,171489,221791,872666,3777391,157761,9.2,39.82,Muy alto,Crítico,Gastador
6576441,612997,193572,1099948,130444,1459908,172671,218835,659686,3073505,93273,10.03,46.74,Muy alto,Crítico,Gastador
6837739,700874,204424,1199455,147230,1050769,77512,336790,731414,1471208,75593,10.7,21.52,Muy alto,Crítico,Gastador
9796116,578600,207587,913731,168391,802991,100413,264806,1002823,3497470,153861,10.24,35.7,Muy alto,Crítico,Gastador
8232730,527554,202736,1186785,137678,699603,192453,252662,628676,3614500,190143,7.64,43.9,Muy alto,Crítico,Gastador
9406052,660228,167916,1080593,161021,1200816,117561,294046,1042574,4166346,198937,11.08,44.29,Muy alto,Crítico,Gastador
7504404,537897,172588,1112590,167132,1087245,115322,115978,549235,1914763,157831,7.32,25.52,Muy alto,Crítico,Gastador
6896553,494354,190816,859003,139582,589048,183858,326050,464008,1329576,87805,6.73,19.28,Muy alto,Crítico,Gastador
7893535,565049,235870,1144129,155332,829703,163251,326931,618487,2561363,82066,7.84,32.45,Muy alto,Crítico,Gastador
7255219,685883,224612,1197631,126642,1428282,202102,195111,578322,1383724,172203,7.97,19.07,Muy alto,Crítico,Gastador
9033687,619713,201052,870476,138827,1170123,97835,138760,910121,4154392,174595,10.07,45.99,Muy alto,Crítico,Gastador
7169443,586466,165059,1061151,145937,1488260,115747,301191,524278,2597917,139655,7.31,36.24,Muy alto,Crítico,Gastador
1577700,542967,186147,1169558,155736,897717,52898,105312,107631,555645,37366,6.82,35.22,Bajo,Crítico,Endeudado
1308902,641291,167622,988869,172086,594112,40097,50522,125192,230267,50729,9.56,17.59,Bajo,Crítico,Endeudado
1366146,524622,224909,854624,150011,1212359,59760,41062,161405,734840,66452,11.81,53.79,Bajo,Crítico,Endeudado
1233094,661923,186162,904717,149245,895602,25690,94411,134083,457276,59114,10.87,37.08,Bajo,Crítico,Endeudado
1192151,677445,213511,1172479,157765,503729,33948,108317,141127,359532,35600,11.84,30.16,Bajo,Crítico,Endeudado
1208609,562748,185826,965667,138505,1073732,60121,48456,92545,258331,25659,7.66,21.37,Bajo,Crítico,Endeudado
1495991,715301,216675,1127628,172884,1408069,63109,98328,129333,540365,48157,8.65,36.12,Bajo,Crítico,Endeudado
1340107,626125,181421,1043894,176749,833183,31149,93218,133120,803804,58829,9.93,59.98,Bajo,Crítico,Endeudado
1075812,523560,189679,982197,159763,949787,31809,39272,71694,354185,40384,6.66,32.92,Bajo,Crítico,Endeudado
832367,715077,186384,1084335,154718,962595,68784,91184,74993,424616,56198,9.01,51.01,Bajo,Crítico,Endeudado
1533979,670806,166563,1056404,145848,528137,58189,39640,111283,916843,49569,7.25,59.77,Bajo,Crítico,Endeudado
1083216,690107,222952,1059659,144355,1154889,38254,54951,112502,318525,57729,10.39,29.41,Bajo,Crítico,Endeudado
1397810,645933,197357,921099,171275,1455466,28132,81630,165628,823946,35162,11.85,58.95,Bajo,Crítico,Endeudado
911207,630742,214027,1068060,162961,1424246,28439,103702,87101,535039,36543,9.56,58.72,Bajo,Crítico,Endeudado
911177,502203,165169,1156019,120212,898134,49726,105286,59927,315287,35056,6.58,34.6,Bajo,Crítico,Endeudado
1527709,680120,209198,980891,127019,843980,60378,38010,143960,913108,40749,9.42,59.77,Bajo,Crítico,Endeudado
863440,508570,220873,893850,162773,1356065,57937,102714,80958,396270,38819,9.38,45.89,Bajo,Crítico,Endeudado
1111893,556107,206076,815513,142127,961261,70213,64890,108669,635718,73073,9.77,57.17,Bajo,Crítico,Endeudado
1091613,609580,172095,1079925,122684,774477,51441,40026,86381,584589,55061,7.91,53.55,Bajo,Crítico,Endeudado
1210420,674937,163129,1130979,140604,625559,36980,87007,133959,436918,57899,11.07,36.1,Bajo,Crítico,Endeudado
930303,595718,193715,1039877,130467,1442358,54586,51473,61722,338879,34609,6.63,36.43,Bajo,Crítico,Endeudado
1387503,661099,236544,943618,147671,926907,30520,60702,94465,320963,71656,6.81,23.13,Bajo,Crítico,Endeudado
1093068,498654,170401,961565,164088,1285256,40521,97419,86241,462736,41761,7.89,42.33,Bajo,Crítico,Endeudado
876383,680065,234547,963370,160009,1325822,61595,44091,96706,90078,53854,11.03,10.28,Bajo,Crítico,Endeudado
1170076,533106,222223,873420,170722,1238085,43409,103345,137502,522548,40996,11.75,44.66,Bajo,Crítico,Endeudado
1477489,486747,180020,1046023,178470,1336763,31473,37977,146394,610236,58416,9.91,41.3,Bajo,Crítico,Endeudado
1222025,594537,191336,954124,178526,1064550,50806,107612,118451,589723,38861,9.69,48.26,Bajo,Crítico,Endeudado
1352309,633635,162990,1017511,156723,880161,69244,74364,122448,507227,72640,9.05,37.51,Bajo,Crítico,Endeudado
1089536,705383,184763,824067,177029,1095992,39042,99887,128010,374985,43297,11.75,34.42,Bajo,Crítico,Endeudado
823593,544971,205208,850568,160957,757384,55196,53986,84168,448973,39413,10.22,54.51,Bajo,Crítico,Endeudado
967544,630268,207419,1027558,134731,634892,55475,94489,104482,213422,29297,10.8,22.06,Bajo,Crítico,Endeudado
928752,656243,189872,948502,155677,531123,55932,51396,74304,550731,61485,8.0,59.3,Bajo,Crítico,Endeudado
803341,666730,208955,864729,123204,673858,65269,63073,74699,367793,47780,9.3,45.78,Bajo,Crítico,Endeudado
1312840,531006,212604,1125055,128364,1246407,60318,59493,117483,742527,64246,8.95,56.56,Bajo,Crítico,Endeudado
1161211,563778,194295,828914,158923,926604,48968,71650,123073,488966,73453,10.6,42.11,Bajo,Crítico,Endeudado
965983,714062,189187,809896,154076,520365,72753,92871,115836,490083,32684,11.99,50.73,Bajo,Crítico,Endeudado
1343227,589563,188395,810476,138795,663479,40050,71538,154325,406219,36752,11.49,30.24,Bajo,Crítico,Endeudado
1033030,519555,190050,1198849,140410,670458,57481,110032,67724,498463,73478,6.56,48.25,Bajo,Crítico,Endeudado
1399926,650744,187624,994784,155737,630409,60683,75643,157370,808000,63933,11.24,57.72,Bajo,Crítico,Endeudado
867448,634279,213227,824172,177167,1469455,52509,69533,67723,268577,72972,7.81,30.96,Bajo,Crítico,Endeudado
982402,521205,212199,1094857,174380,1140200,70835,66688,86026,309393,39623,8.76,31.49,Bajo,Crítico,Endeudado
890530,490324,211288,1183214,152413,1327497,43972,95021,72916,90707,54942,8.19,10.19,Bajo,Crítico,Endeudado
1433096,713262,177788,1088701,140804,1073682,54627,59984,142910,380807,41853,9.97,26.57,Bajo,Crítico,Endeudado
1529289,616227,222922,947257,173185,790730,32079,56135,182066,749178,33222,11.91,48.99,Bajo,Crítico,Endeudado
1128900,547379,174340,1067068,157498,954547,32544,107160,103360,133327,34286,9.16,11.81,Bajo,Crítico,Endeudado
1531902,514458,234113,802079,161195,918487,69968,64212,136952,800244,28160,8.94,52.24,Bajo,Crítico,Endeudado
1008679,539331,207705,1148503,152440,833578,35327,78534,65213,204782,70530,6.47,20.3,Bajo,Crítico,Endeudado
1554977,644080,185565,802157,121991,1023205,64349,100069,109145,671858,26186,7.02,43.21,Bajo,Crítico,Endeudado
934722,705868,162972,863012,134484,855939,56558,98944,76974,231504,60174,8.23,24.77,Bajo,Crítico,Endeudado
1580284,677857,218939,1117455,161896,1084765,72283,70335,178139,623382,46802,11.27,39.45,Bajo,Crítico,Endeudado
1282492,665205,192455,890205,146192,579187,45973,46864,90534,621615,40591,7.06,48.47,Bajo,Crítico,Endeudado
980640,535618,191345,845758,175937,1280381,33618,86318,64559,113448,67114,6.58,11.57,Bajo,Crítico,Endeudado
1699786,592650,237491,1055004,172525,1404546,33673,57589,125364,570226,35876,7.38,33.55,Medio Bajo,Crítico,Endeudado
1779596,548925,213365,1060926,155594,1101216,32137,51442,195446,529113,70250,10.98,29.73,Medio Bajo,Crítico,Endeudado
2088231,608588,236761,1078069,151732,939900,45023,42773,148927,657163,43612,7.13,31.47,Medio Bajo,Crítico,Endeudado
1854415,521278,211489,1002923,133760,949636,43705,57559,143950,403059,51280,7.76,21.74,Medio Bajo,Crítico,Endeudado
1707905,588035,174786,1051553,141498,1157105,59109,106834,200488,1006301,31762,11.74,58.92,Medio Bajo,Crítico,Endeudado
2621976,647734,174901,925357,169223,1112554,45143,96928,221085,1078072,30167,8.43,41.12,Medio Bajo,Crítico,Endeudado
2556421,555744,234413,802706,132204,556052,68088,69652,167614,1391598,66872,6.56,54.44,Medio Bajo,Crítico,Endeudado
1986604,626022,212111,956467,159556,1310984,54363,56823,203344,411269,44873,10.24,20.7,Medio Bajo,Crítico,Endeudado
2812572,611104,214149,806755,153392,1146092,29031,62255,281451,1020454,30978,10.01,36.28,Medio Bajo,Crítico,Endeudado
2400332,658954,193115,1057211,172765,1065569,53179,50542,212258,633591,69628,8.84,26.4,Medio Bajo,Crítico,Endeudado
2546071,480910,191838,1042653,168826,1283827,52395,56576,240840,883050,73628,9.46,34.68,Medio Bajo,Crítico,Endeudado
2396209,576362,208730,1049926,178975,1366845,73479,77363,271063,712278,71302,11.31,29.73,Medio Bajo,Crítico,Endeudado
2109676,691899,187702,878717,146641,1209894,31133,78733,186730,834295,43742,8.85,39.55,Medio Bajo,Crítico,Endeudado
2267461,535989,165374,844027,137198,1380256,74174,103957,177272,957698,41990,7.82,42.24,Medio Bajo,Crítico,Endeudado
2256089,486163,227234,800725,175732,981682,32052,58301,206237,395998,74583,9.14,17.55,Medio Bajo,Crítico,Endeudado
2016171,705250,195609,1099791,175749,847386,44073,106410,231805,737809,26955,11.5,36.59,Medio Bajo,Crítico,Endeudado
2674856,570679,170965,1060638,161084,1187548,39469,85132,278801,833298,46361,10.42,31.15,Medio Bajo,Crítico,Endeudado
2429807,649109,186255,1048765,120281,1139867,67543,76543,175644,1200174,39287,7.23,49.39,Medio Bajo,Crítico,Endeudado
2125946,548074,224025,1046136,173502,1473907,36320,111362,159602,1263919,39629,7.51,59.45,Medio Bajo,Crítico,Endeudado
1637515,676474,190602,1181496,149915,732524,70420,89901,168237,189289,48204,10.27,11.56,Medio Bajo,Crítico,Endeudado
2657741,664588,228593,1002418,172207,599195,36717,99994,306020,643943,43017,11.51,24.23,Medio Bajo,Crítico,Endeudado
2673018,573857,210851,1116924,168062,1460117,67616,41905,224151,1091270,42640,8.39,40.83,Medio Bajo,Crítico,Endeudado
1990188,576501,180144,844510,167217,1399608,70846,65120,136279,953135,46427,6.85,47.89,Medio Bajo,Crítico,Endeudado
2447335,711787,214814,834556,153358,615324,65249,74487,229980,941970,47310,9.4,38.49,Medio Bajo,Crítico,Endeudado
1995063,552484,227763,989008,160980,1406873,39939,99682,174400,1145127,31482,8.74,57.4,Medio Bajo,Crítico,Endeudado
1731736,579561,175924,945949,140381,1348161,72513,79751,177402,525154,31233,10.24,30.33,Medio Bajo,Crítico,Endeudado
2589842,643412,162590,1116752,133245,556259,59759,76687,300367,700856,54197,11.6,27.06,Medio Bajo,Crítico,Endeudado
2139323,590558,160127,818590,150556,857504,31654,77568,249217,590606,70051,11.65,27.61,Medio Bajo,Crítico,Endeudado
1993068,717935,229994,809290,174296,520859,29908,111412,210781,786239,30442,10.58,39.45,Medio Bajo,Crítico,Endeudado
1820620,715461,165523,945869,129124,1365989,48991,88299,209441,805602,31768,11.5,44.25,Medio Bajo,Crítico,Endeudado
2687301,673888,209613,985794,179464,853376,67894,85455,308170,823885,32478,11.47,30.66,Medio Bajo,Crítico,Endeudado
2298964,690804,226536,1127365,165897,1368475,44262,49519,266854,1129019,57057,11.61,49.11,Medio Bajo,Crítico,Endeudado
2079049,679264,176958,944961,152078,851848,56237,53153,205726,602079,28019,9.9,28.96,Medio Bajo,Crítico,Endeudado
2430886,631401,172512,1057608,130950,683754,32952,40488,180540,679607,32764,7.43,27.96,Medio Bajo,Crítico,Endeudado
1840846,505794,196236,942089,123053,1149636,70279,55502,147905,1044141,47816,8.03,56.72,Medio Bajo,Crítico,Endeudado
2071169,508834,224997,1143385,133960,579157,54931,90857,139221,704230,54749,6.72,34.0,Medio Bajo,Crítico,Endeudado
2100281,573925,189398,816218,147204,1101209,30798,107479,251202,445962,45241,11.96,21.23,Medio Bajo,Crítico,Endeudado
1633301,710298,161969,1055426,156803,582867,63380,93566,140371,676104,58763,8.59,41.39,Medio Bajo,Crítico,Endeudado
1919158,623582,192218,837257,146337,691232,70063,69167,219926,1012171,43903,11.46,52.74,Medio Bajo,Crítico,Endeudado
2314066,709864,223073,1139624,172811,1182013,72245,39568,191514,445133,26382,8.28,19.24,Medio Bajo,Crítico,Endeudado
1849269,620697,186304,1120428,161510,1222448,51177,42289,169697,303608,42937,9.18,16.42,Medio Bajo,Crítico,Endeudado
2593354,586715,236050,1002924,140110,1333390,53477,55983,311119,1244853,42535,12.0,48.0,Medio Bajo,Crítico,Endeudado
1663174,575270,225867,1167556,159234,622499,49408,105643,126145,419713,61526,7.58,25.24,Medio Bajo,Crítico,Endeudado
1738724,615257,174966,1017908,176090,1385675,40665,56708,146187,721128,27934,8.41,41.47,Medio Bajo,Crítico,Endeudado
2396253,673578,188342,1067822,170335,986592,57220,90298,269853,866843,35842,11.26,36.17,Medio Bajo,Crítico,Endeudado
2028325,481458,183471,808690,138086,646569,47566,105414,184284,332103,27880,9.09,16.37,Medio Bajo,Crítico,Endeudado
1707509,576138,208684,827912,171160,934590,30873,48388,114329,503439,68991,6.7,29.48,Medio Bajo,Crítico,Endeudado
1829137,657126,204541,1034518,126022,782697,57528,80525,126327,1074618,54957,6.91,58.75,Medio Bajo,Crítico,Endeudado
1769724,700513,183823,1040869,123286,656098,60235,51877,151293,904872,50156,8.55,51.13,Medio Bajo,Crítico,Endeudado
2577884,651989,234297,861684,152770,951267,34259,111318,233286,772751,57651,9.05,29.98,Medio Bajo,Crítico,Endeudado
2369976,641086,208719,824852,154435,1412996,39657,38448,246454,950665,64830,10.4,40.11,Medio Bajo,Crítico,Endeudado
2304331,586551,212971,1065015,160553,1276407,72800,50097,194907,1328880,30124,8.46,57.67,Medio Bajo,Crítico,Endeudado
2962974,689741,183521,925677,132640,848321,47580,66784,278162,1405976,47630,9.39,47.45,Medio,Crítico,Endeudado
3105337,498241,197487,906776,127604,794962,34047,41977,325810,364806,69985,10.49,11.75,Medio,Crítico,Endeudado
3434179,537199,175236,931191,156233,1194624,41693,47209,328271,468669,69533,9.56,13.65,Medio,Crítico,Endeudado
3809433,582957,184582,1140394,120096,511248,27299,48785,420365,575511,35280,11.03,15.11,Medio,Crítico,Endeudado
3515174,699078,183320,808347,143881,639698,70300,85622,283667,1771027,72401,8.07,50.38,Medio,Crítico,Endeudado
3688143,711817,191030,955393,151132,689444,36234,79315,376601,1120850,55905,10.21,30.39,Medio,Crítico,Endeudado
3162374,619857,235785,1032737,153882,1008640,25238,77549,246549,1452091,45923,7.8,45.92,Medio,Crítico,Endeudado
3420746,497953,164638,909644,134228,809102,73713,102279,306233,921475,56879,8.95,26.94,Medio,Crítico,Endeudado
3052859,509188,215062,1091597,159210,636261,37494,77491,323564,1461565,61275,10.6,47.88,Medio,Crítico,Endeudado
2869562,508317,238822,1184763,124646,577579,65315,112489,245812,1148478,70195,8.57,40.02,Medio,Crítico,Endeudado
3053431,493903,170199,1096018,167434,922771,60854,39665,297930,771918,27678,9.76,25.28,Medio,Crítico,Endeudado
3540409,719398,180862,808834,131491,1177172,37637,108751,253846,1885325,49672,7.17,53.25,Medio,Crítico,Endeudado
3629224,631986,163961,1104295,125824,1261202,32032,43605,270711,1225553,29754,7.46,33.77,Medio,Crítico,Endeudado
3163622,696007,170258,1109445,167702,534621,33273,76544,280918,1213132,48536,8.88,38.35,Medio,Crítico,Endeudado
3817137,636671,224160,889124,164323,780878,71706,102636,442393,490051,53782,11.59,12.84,Medio,Crítico,Endeudado
3914015,613970,207618,1170862,131878,822827,61223,105481,390737,595448,67459,9.98,15.21,Medio,Crítico,Endeudado
2909584,716399,211289,894736,142159,707420,59803,104893,340664,1216425,40113,11.71,41.81,Medio,Crítico,Endeudado
3257481,687203,214823,1078067,152854,729818,39287,79191,227743,607554,41510,6.99,18.65,Medio,Crítico,Endeudado
3236070,495171,224950,976034,134912,540953,45854,73864,337699,1135218,71016,10.44,35.08,Medio,Crítico,Endeudado
2947693,482687,175880,955051,171037,1403560,73313,49307,307837,1758701,50865,10.44,59.66,Medio,Crítico,Endeudado
3320734,482696,209708,1110280,134437,524293,70102,60052,347227,1843036,29772,10.46,55.5,Medio,Crítico,Endeudado
3383824,492552,185652,1031627,151649,900466,36564,75018,401719,1879744,71435,11.87,55.55,Medio,Crítico,Endeudado
3364983,539820,181907,1135147,156237,693235,25741,87296,280039,519578,43193,8.32,15.44,Medio,Crítico,Endeudado
3088617,673262,227812,827707,154195,568530,45694,65517,323866,944003,74094,10.49,30.56,Medio,Crítico,Endeudado
3627559,648072,200437,891693,130601,1173396,51023,57213,345688,1748216,46746,9.53,48.19,Medio,Crítico,Endeudado
3329271,522873,209948,923407,161016,1236469,25524,77341,258228,1353439,67540,7.76,40.65,Medio,Crítico,Endeudado
3282584,625325,184751,961126,157501,1367747,31262,56318,370178,1283190,51463,11.28,39.09,Medio,Crítico,Endeudado
3611309,683933,176425,1102094,154753,1195607,26010,78558,237570,1629838,34564,6.58,45.13,Medio,Crítico,Endeudado
3141781,688860,184083,1056914,141828,1173114,64094,75927,324978,766653,69155,10.34,24.4,Medio,Crítico,Endeudado
4067827,602299,190082,1058256,167050,971946,72530,55575,421648,1102303,41693,10.37,27.1,Medio,Crítico,Endeudado
3273982,609862,237170,1180690,171061,813012,53436,54990,371381,1071669,48596,11.34,32.73,Medio,Crítico,Endeudado
2968630,579847,215908,884862,121733,1225496,30568,59810,192663,1066005,48245,6.49,35.91,Medio,Crítico,Endeudado
2946881,715140,163174,1096171,132326,1028292,71849,38359,247909,1248553,53476,8.41,42.37,Medio,Crítico,Endeudado
3912570,580289,190267,802119,141521,1115372,41426,77112,285021,1689281,33376,7.28,43.18,Medio,Crítico,Endeudado
3379913,691529,162392,1045132,146270,1498005,68305,80321,351163,884087,59479,10.39,26.16,Medio,Crítico,Endeudado
3761038,557089,218246,1093443,122614,1421426,69040,100091,254792,1287779,28031,6.77,34.24,Medio,Crítico,Endeudado
2979632,563186,205554,1051789,170249,1130846,54628,79107,263226,1774187,41030,8.83,59.54,Medio,Crítico,Endeudado
3658240,578596,200596,963646,147261,565771,40168,66497,287407,808344,33721,7.86,22.1,Medio,Crítico,Endeudado
3121313,597667,191202,1077314,130967,611929,40754,38200,317113,430990,67505,10.16,13.81,Medio,Crítico,Endeudado
3033386,493859,209517,904931,167590,561795,53436,91717,261523,679375,59050,8.62,22.4,Medio,Crítico,Endeudado
3933480,572180,213642,1105438,140374,1176884,42054,88788,269243,1369651,61204,6.84,34.82,Medio,Crítico,Endeudado
3580701,663541,182821,1130281,153462,1294778,41489,59910,407484,2038241,46636,11.38,56.92,Medio,Crítico,Endeudado
3429591,487894,214763,1054041,146867,565825,50734,41217,325664,695333,63477,9.5,20.27,Medio,Crítico,Endeudado
3619418,660408,197511,879660,156340,1396113,44727,57181,392604,521952,49805,10.85,14.42,Medio,Crítico,Endeudado
3048071,688450,179519,800435,140602,757258,37471,56339,224887,829664,28007,7.38,27.22,Medio,Crítico,Endeudado
3048455,592817,180007,1012749,122613,811833,30039,106164,306891,441371,39062,10.07,14.48,Medio,Crítico,Endeudado
3649278,548548,165146,913923,123660,1162594,56997,42409,405315,1451753,62260,11.11,39.78,Medio,Crítico,Endeudado
3159844,581901,212124,1078762,171029,521928,73404,89220,220622,1677448,29291,6.98,53.09,Medio,Crítico,Endeudado
3660049,511140,193563,1016537,127844,1340859,68931,50073,358583,818709,58729,9.8,22.37,Medio,Crítico,Endeudado
3768698,656414,204867,1077876,136283,829946,59998,89117,307923,1035650,51873,8.17,27.48,Medio,Crítico,Endeudado
3977167,715593,187515,985872,148605,1310580,64526,45063,420010,1167526,35272,10.56,29.36,Medio,Crítico,Endeudado
3537140,714219,175713,850817,131060,538796,60093,103477,303984,1391726,50743,8.59,39.35,Medio,Crítico,Endeudado
4189380,586510,207442,1191457,136823,1474202,65812,65625,436855,2426881,39086,10.43,57.93,Medio Alto,Crítico,Endeudado
5161609,704160,207915,963158,130949,977479,53179,59969,344755,2787439,34844,6.68,54.0,Medio Alto,Crítico,Endeudado
4685993,696638,185013,967384,154838,1419313,31187,47727,432464,929510,33019,9.23,19.84,Medio Alto,Crítico,Endeudado
5181723,526851,181859,1150911,173513,713159,50684,71569,492310,1934459,61842,9.5,37.33,Medio Alto,Crítico,Endeudado
5179775,690648,167175,1062321,173165,1065745,59764,101487,503250,1196615,43323,9.72,23.1,Medio Alto,Crítico,Endeudado
5245271,557197,216957,961174,130764,1465666,41427,61124,342596,1644368,46813,6.53,31.35,Medio Alto,Crítico,Endeudado
4360281,588734,224278,1083280,163892,1138058,56017,45181,447561,1255866,32644,10.26,28.8,Medio Alto,Crítico,Endeudado
4628243,554081,186575,1151228,145023,1110499,28642,82749,372583,2574967,63157,8.05,55.64,Medio Alto,Crítico,Endeudado
4254232,509966,186319,1039557,149822,559365,57084,105860,447924,2038867,44222,10.53,47.93,Medio Alto,Crítico,Endeudado
5177231,677994,231154,1059444,122936,1434046,62426,96592,422316,2547409,74563,8.16,49.2,Medio Alto,Crítico,Endeudado
4834285,586698,215767,1170642,170732,1070731,60868,81458,429066,2279318,51494,8.88,47.15,Medio Alto,Crítico,Endeudado
4235523,489277,185814,920400,162479,649908,32171,61774,405847,2395877,57267,9.58,56.57,Medio Alto,Crítico,Endeudado
4804564,715279,186273,1015647,134376,1174390,72534,110571,325001,2434514,59362,6.76,50.67,Medio Alto,Crítico,Endeudado
4212834,609190,199701,1119102,172550,1082982,69658,53068,299662,474694,64354,7.11,11.27,Medio Alto,Crítico,Endeudado
5011529,684776,234975,1189502,160583,537322,25584,96184,459817,1629653,71960,9.18,32.52,Medio Alto,Crítico,Endeudado
4942920,547408,170309,873376,143460,861333,64522,69577,515556,1083984,58528,10.43,21.93,Medio Alto,Crítico,Endeudado
4363247,642287,228580,1166316,158981,1400970,44058,106071,472182,608268,31340,10.82,13.94,Medio Alto,Crítico,Endeudado
4959059,712796,213934,849413,166397,1247308,40447,47737,462333,1243689,35139,9.32,25.08,Medio Alto,Crítico,Endeudado
4382728,592526,175514,997965,131261,935447,58162,58199,382962,2580282,72448,8.74,58.87,Medio Alto,Crítico,Endeudado
4189593,551186,163198,1113967,131753,783171,51044,44016,429015,1077839,54280,10.24,25.73,Medio Alto,Crítico,Endeudado
4472921,695510,232039,1034771,141620,835276,32640,46362,288737,1251093,62304,6.46,27.97,Medio Alto,Crítico,Endeudado
5132078,574999,199041,1024203,138422,848527,73070,44275,408540,2050760,50354,7.96,39.96,Medio Alto,Crítico,Endeudado
4641812,678461,170545,1095993,144823,1114564,65509,100254,319476,818881,30516,6.88,17.64,Medio Alto,Crítico,Endeudado
4526767,578582,191933,1139173,144651,1476074,43759,78821,527751,1420760,60547,11.66,31.39,Medio Alto,Crítico,Endeudado
4219528,596297,224604,1120040,176127,663278,62628,74316,413046,1754972,41552,9.79,41.59,Medio Alto,Crítico,Endeudado
4961837,621760,196937,817693,120035,1414095,45824,40275,546225,2332709,52974,11.01,47.01,Medio Alto,Crítico,Endeudado
4349595,502167,222002,1118128,153274,1205531,70059,43154,289828,2455882,39297,6.66,56.46,Medio Alto,Crítico,Endeudado
5272121,676121,215470,1154683,141561,645143,54693,97729,512358,1327626,64532,9.72,25.18,Medio Alto,Crítico,Endeudado
4143668,667573,211554,824646,129021,1155966,31617,39182,468288,931871,35541,11.3,22.49,Medio Alto,Crítico,Endeudado
4570678,524936,174884,1113211,161126,832134,59068,108022,431956,2020599,52004,9.45,44.21,Medio Alto,Crítico,Endeudado
5148687,692124,160710,812985,140040,1229448,74921,47047,552606,615206,41964,10.73,11.95,Medio Alto,Crítico,Endeudado
4713560,499593,179443,926521,172256,943668,26666,62367,366730,1205211,71946,7.78,25.57,Medio Alto,Crítico,Endeudado
5276055,541275,160743,1031101,146931,1272163,44928,55637,373895,2626310,50904,7.09,49.78,Medio Alto,Crítico,Endeudado
4201890,480316,203303,1172383,144497,699603,48101,96978,502434,1185717,67009,11.96,28.22,Medio Alto,Crítico,Endeudado
5274615,608883,204491,859417,147164,500748,28710,59016,392479,1558739,67753,7.44,29.55,Medio Alto,Crítico,Endeudado
4921270,618742,232391,1067014,121586,1178076,25623,53326,506497,2044904,44172,10.29,41.55,Medio Alto,Crítico,Endeudado
4092833,579618,178885,997699,172344,1121098,34070,110845,323934,2435384,64562,7.91,59.5,Medio Alto,Crítico,Endeudado
4195347,507826,233615,1199164,163354,1462525,71015,75630,497796,815122,69988,11.87,19.43,Medio Alto,Crítico,Endeudado
4985232,672628,173398,1034761,125942,802793,39936,53898,434532,727392,56642,8.72,14.59,Medio Alto,Crítico,Endeudado
4505266,675306,231132,1008415,179505,639787,60811,107282,507415,1979798,50107,11.26,43.94,Medio Alto,Crítico,Endeudado
4875026,531565,226084,817887,166702,1261831,29728,102416,357058,2542634,37601,7.32,52.16,Medio Alto,Crítico,Endeudado
5045635,615229,224329,823000,153726,1055878,37088,107784,534560,2472498,43250,10.59,49.0,Medio Alto,Crítico,Endeudado
5015021,697539,172145,946506,158054,803710,39952,39578,337138,2236104,54654,6.72,44.59,Medio Alto,Crítico,Endeudado
4345478,688026,184941,899529,121954,1309230,52346,74915,465127,1473952,25782,10.7,33.92,Medio Alto,Crítico,Endeudado
4791601,636861,223697,1182532,130521,706080,49245,72551,402281,963941,62831,8.4,20.12,Medio Alto,Crítico,Endeudado
4147444,641749,215955,1146940,122226,1103496,48305,47685,330404,571768,29325,7.97,13.79,Medio Alto,Crítico,Endeudado
4678821,647343,210704,912320,156503,567140,74113,78748,388720,1586096,25768,8.31,33.9,Medio Alto,Crítico,Endeudado
4342431,708601,171843,979258,150740,1255538,25121,107474,390902,2379975,26327,9.0,54.81,Medio Alto,Crítico,Endeudado
4142322,594367,225173,870069,163770,1345107,41768,56264,271610,2347812,28382,6.56,56.68,Medio Alto,Crítico,Endeudado
4968886,560061,172333,1101718,142639,758356,71551,55302,575867,2347889,32509,11.59,47.25,Medio Alto,Crítico,Endeudado
5222851,529333,165894,1158583,154411,1172245,48841,97433,587079,1093592,50286,11.24,20.94,Medio Alto,Crítico,Endeudado
5094971,546866,221294,1051336,157625,1416718,66058,96786,454887,622635,50629,8.93,12.22,Medio Alto,Crítico,Endeudado
6317104,610993,175357,820888,158653,542512,72677,63385,675741,3094301,34686,10.7,48.98,Alto,Crítico,Endeudado
5560251,582998,192722,1096024,152388,1468846,74101,98439,549106,3258213,36317,9.88,58.6,Alto,Crítico,Endeudado
6128060,481279,168667,1104137,135727,664853,35813,65386,526414,2280777,42336,8.59,37.22,Alto,Crítico,Endeudado
5712231,613885,171523,1094730,177262,964202,63748,79476,498537,2860704,25993,8.73,50.08,Alto,Crítico,Endeudado
5512742,634059,194742,1097488,139623,594330,48813,66875,430926,1269753,54970,7.82,23.03,Alto,Crítico,Endeudado
6015856,577523,176652,819123,177940,832256,57946,108659,482460,1511058,31989,8.02,25.12,Alto,Crítico,Endeudado
6277986,650711,238171,1104500,175781,815119,45950,39681,511007,2818238,55904,8.14,44.89,Alto,Crítico,Endeudado
5424700,695343,203685,1013492,174024,1167977,55455,43222,587940,1126527,54686,10.84,20.77,Alto,Crítico,Endeudado
6198428,688071,179318,1038317,139907,614774,36128,98913,603936,2563900,37844,9.74,41.36,Alto,Crítico,Endeudado
6355463,659220,221839,1029664,163654,1377651,43194,80884,438783,2487101,54820,6.9,39.13,Alto,Crítico,Endeudado
6404453,644819,205338,832060,143460,729356,68808,89007,449659,2571498,44895,7.02,40.15,Alto,Crítico,Endeudado
6205342,714608,163493,1192528,126883,968697,38967,111359,738917,2830443,40411,11.91,45.61,Alto,Crítico,Endeudado
6342053,598227,178602,1068960,131332,664611,32746,43437,557366,1429617,43352,8.79,22.54,Alto,Crítico,Endeudado
5681509,524500,189088,901742,146648,942103,59825,88691,514470,2580485,59863,9.06,45.42,Alto,Crítico,Endeudado
6148559,587870,208572,815896,121366,1296914,62786,37534,534082,2895496,71583,8.69,47.09,Alto,Crítico,Endeudado
5898279,612376,180362,1158865,152709,654275,70978,71608,459587,1213672,61843,7.79,20.58,Alto,Crítico,Endeudado
6428408,661562,166999,1054721,176699,929519,70612,46545,739564,2727286,55182,11.5,42.43,Alto,Crítico,Endeudado
6200947,601439,190732,1016739,128764,770868,55817,91816,525516,2508001,37921,8.47,40.45,Alto,Crítico,Endeudado
6018028,672912,160542,1065441,122971,1012522,28513,78079,605460,2522912,39483,10.06,41.92,Alto,Crítico,Endeudado
5987850,539573,218706,1030907,135169,1093005,49121,51356,648281,3171557,55279,10.83,52.97,Alto,Crítico,Endeudado
5385095,712695,166263,1003733,163363,651480,46130,43228,363324,1879822,51676,6.75,34.91,Alto,Crítico,Endeudado
5417193,646522,217866,1071491,135063,824593,65324,82103,507144,1935103,28876,9.36,35.72,Alto,Crítico,Endeudado
5970464,564557,192663,1196574,172096,512704,52015,61209,562910,1767172,43297,9.43,29.6,Alto,Crítico,Endeudado
6479420,673062,239803,905357,147321,953930,42511,96045,613697,1266502,64067,9.47,19.55,Alto,Crítico,Endeudado
6392246,606806,201694,907584,149331,1219082,43991,77523,430431,1872548,40928,6.73,29.29,Alto,Crítico,Endeudado
6197532,657809,211485,985250,132692,1481985,32430,105122,663805,2526623,50470,10.71,40.77,Alto,Crítico,Endeudado
5607147,706514,198055,1107334,147837,925371,56390,56350,595221,3025631,60964,10.62,53.96,Alto,Crítico,Endeudado
6229396,560820,194627,902634,134011,769924,60190,49448,735146,3082868,33682,11.8,49.49,Alto,Crítico,Endeudado
5755949,611252,163496,847654,128669,1404927,67980,97506,646624,1705990,67868,11.23,29.64,Alto,Crítico,Endeudado
6182788,635265,177496,1127799,170102,1071816,26359,101148,543421,3465418,74192,8.79,56.05,Alto,Crítico,Endeudado
6353051,574683,171457,1076735,157282,857864,56131,37884,449099,764839,33381,7.07,12.04,Alto,Crítico,Endeudado
6033578,575645,206407,1069582,177493,803780,73733,106864,595120,1744868,69709,9.86,28.92,Alto,Crítico,Endeudado
6436081,505555,185419,877291,145096,868053,73416,100300,671993,2122373,66220,10.44,32.98,Alto,Crítico,Endeudado
6399687,684170,229516,925550,130731,1372535,26278,69846,438175,3489554,73576,6.85,54.53,Alto,Crítico,Endeudado
6031928,573769,217751,1004045,135611,1097844,56850,67389,679904,1538122,59491,11.27,25.5,Alto,Crítico,Endeudado
6400413,485570,189279,917249,158335,1220176,39431,46411,556441,3303391,56137,8.69,51.61,Alto,Crítico,Endeudado
6101424,597638,165024,911138,162038,512373,63542,43944,664230,939965,26720,10.89,15.41,Alto,Crítico,Endeudado
5690817,611420,213416,1169607,141397,1428880,31291,38304,579874,1462776,52266,10.19,25.7,Alto,Crítico,Endeudado
6072335,622886,185896,958565,178887,1029230,71292,88087,648203,995137,40273,10.67,16.39,Alto,Crítico,Endeudado
6192310,646269,192823,1069811,166394,939733,68855,61682,500807,649340,57168,8.09,10.49,Alto,Crítico,Endeudado
6260727,530132,174281,840543,168261,809842,53322,89103,602197,2918269,26023,9.62,46.61,Alto,Crítico,Endeudado
5439497,665221,209731,946619,134415,1157171,55786,57817,490746,2104692,54545,9.02,38.69,Alto,Crítico,Endeudado
6442810,618349,183720,1119081,179872,1082525,48786,96500,452598,723812,34127,7.02,11.23,Alto,Crítico,Endeudado
6277354,670482,190650,1044485,150777,998913,35821,76094,746836,1197059,45323,11.9,19.07,Alto,Crítico,Endeudado
6226181,644417,197673,933232,155991,508274,61261,102845,507071,2225147,28025,8.14,35.74,Alto,Crítico,Endeudado
6319641,530760,209781,1034669,175734,932999,71862,62108,446217,2396514,55987,7.06,37.92,Alto,Crítico,Endeudado
6152293,518414,198634,1129484,125921,1340540,36080,92539,473520,1605771,72749,7.7,26.1,Alto,Crítico,Endeudado
6487683,690711,191468,946186,176917,1006519,36410,73246,749140,1398112,27190,11.55,21.55,Alto,Crítico,Endeudado
5649070,628918,232682,1121917,165049,1348916,45592,55779,558479,1860724,62056,9.89,32.94,Alto,Crítico,Endeudado
5553721,526869,170915,1146976,155844,1070569,36672,101126,469080,1103056,38670,8.45,19.86,Alto,Crítico,Endeudado
6425129,685521,198701,1031395,157402,1255689,56904,98646,722416,1470505,68505,11.24,22.89,Alto,Crítico,Endeudado
6210973,652835,234945,891930,140537,1423252,41111,91586,736459,923335,27176,11.86,14.87,Alto,Crítico,Endeudado
7402832,501587,161584,1034887,124765,1366019,62630,100669,587121,3979668,26721,7.93,53.76,Muy alto,Crítico,Endeudado
7301037,651899,208230,960790,133115,1446278,55040,85364,788925,3558764,42273,10.81,48.74,Muy alto,Crítico,Endeudado
9633156,586038,229157,1079536,152646,1493671,40496,108322,677358,4045064,69958,7.03,41.99,Muy alto,Crítico,Endeudado
6966782,696556,225352,1163613,159488,1253373,63791,62922,481741,2128656,66154,6.91,30.55,Muy alto,Crítico,Endeudado
9498660,481174,162103,806250,128394,696223,31605,72596,903935,5611408,30758,9.52,59.08,Muy alto,Crítico,Endeudado
8944302,620428,174980,1006638,164491,1432235,74739,71548,659249,1073043,40854,7.37,12.0,Muy alto,Crítico,Endeudado
8322782,692323,170272,1179443,158724,727648,54456,103131,910228,3613271,47759,10.94,43.41,Muy alto,Crítico,Endeudado
6564417,495926,192380,1035199,128292,1413917,66452,67444,661105,2869894,31312,10.07,43.72,Muy alto,Crítico,Endeudado
7759397,482586,215074,1148058,132219,693556,51383,96618,860768,4134558,41414,11.09,53.28,Muy alto,Crítico,Endeudado
9060475,672946,232018,1187849,167375,535213,67627,77893,602998,3827155,33586,6.66,42.24,Muy alto,Crítico,Endeudado
9128411,513684,160618,927867,141005,809657,48297,50480,885767,1142035,35215,9.7,12.51,Muy alto,Crítico,Endeudado
8564605,678600,232099,1148301,133452,1455185,26397,99408,775938,3840053,59257,9.06,44.84,Muy alto,Crítico,Endeudado
8867187,690067,202097,1020038,165677,1466126,46694,111941,716254,5011334,57848,8.08,56.52,Muy alto,Crítico,Endeudado
9163270,711432,182117,941591,165370,1322887,29631,70879,1098136,2355979,51534,11.98,25.71,Muy alto,Crítico,Endeudado
7446750,659932,189175,814543,168130,1310610,56496,44377,644396,2214239,62034,8.65,29.73,Muy alto,Crítico,Endeudado
9105400,698393,164407,1126832,145483,1172686,63770,78852,783099,4989107,36456,8.6,54.79,Muy alto,Crítico,Endeudado
9957592,542926,200217,993479,137779,989512,27625,44100,925520,3005566,45192,9.29,30.18,Muy alto,Crítico,Endeudado
8837339,667652,231806,1060740,168593,1475857,31882,66102,1058766,4052244,30264,11.98,45.85,Muy alto,Crítico,Endeudado
6544692,625575,196353,1123573,168420,1397471,49820,94975,708228,918303,73912,10.82,14.03,Muy alto,Crítico,Endeudado
9936064,557975,210358,819022,149655,1415834,60196,63383,1131446,4368560,68123,11.39,43.97,Muy alto,Crítico,Endeudado
7241965,686547,161363,897566,144708,877215,40712,92030,636736,1920441,67458,8.79,26.52,Muy alto,Crítico,Endeudado
7571449,683054,233819,1066357,177114,833798,36310,69892,698564,3533899,44019,9.23,46.67,Muy alto,Crítico,Endeudado
8060355,673069,179376,1075841,157942,1460910,28563,70957,694308,4577988,30779,8.61,56.8,Muy alto,Crítico,Endeudado
6611592,539700,210416,953634,161237,1496614,73563,73791,459836,1145610,42304,6.95,17.33,Muy alto,Crítico,Endeudado
6639308,537792,199708,1096525,162252,1120058,46398,54891,544283,3501424,72851,8.2,52.74,Muy alto,Crítico,Endeudado
9796817,648210,196597,874166,136975,1420977,61031,52706,1148499,1667225,34587,11.72,17.02,Muy alto,Crítico,Endeudado
6587618,633782,207787,883114,173063,580685,39011,60708,626966,1039342,38626,9.52,15.78,Muy alto,Crítico,Endeudado
7436791,487450,163257,944487,130920,1458389,61163,86217,600493,2184961,63243,8.07,29.38,Muy alto,Crítico,Endeudado
7934612,670025,185837,1178593,124359,810989,70009,52703,511431,2034792,44655,6.45,25.64,Muy alto,Crítico,Endeudado
8342587,643160,222625,1024445,173044,511485,40933,106787,712000,4589257,61413,8.53,55.01,Muy alto,Crítico,Endeudado
8603955,692302,214414,937593,141734,779914,32467,38371,733713,3788508,70930,8.53,44.03,Muy alto,Crítico,Endeudado
8870837,617779,186977,1064942,161112,1174866,36413,88508,986479,3511986,42805,11.12,39.59,Muy alto,Crítico,Endeudado
8562025,575985,200411,1131894,161683,954585,61814,52780,662936,1691120,46573,7.74,19.75,Muy alto,Crítico,Endeudado
8817039,514441,211980,1111912,159420,994085,70231,90659,894659,4630981,28861,10.15,52.52,Muy alto,Crítico,Endeudado
7266766,657567,186321,860690,163994,543738,35998,39974,791031,781362,62700,10.89,10.75,Muy alto,Crítico,Endeudado
9694014,703510,214876,933861,138373,939699,43272,60063,737599,973463,32553,7.61,10.04,Muy alto,Crítico,Endeudado
8070081,521812,221402,1168326,167780,806000,71416,105201,726772,2333644,33442,9.01,28.92,Muy alto,Crítico,Endeudado
9822562,662562,239642,894901,179320,1400806,48600,81579,744336,4925074,26707,7.58,50.14,Muy alto,Crítico,Endeudado
8866382,612810,215248,936247,124492,980548,40971,58831,980783,3643095,55689,11.06,41.09,Muy alto,Crítico,Endeudado
8047042,506861,226217,951043,169680,1473845,41214,42726,716348,4083906,37500,8.9,50.75,Muy alto,Crítico,Endeudado
9155033,554584,227718,899781,164895,871637,33053,71758,631668,1655160,67894,6.9,18.08,Muy alto,Crítico,Endeudado
8379029,580919,177516,844264,162477,738351,25345,105344,649654,3077458,59025,7.75,36.73,Muy alto,Crítico,Endeudado
9744372,620578,185920,1034961,140880,1023304,33922,84968,1106093,2204365,31021,11.35,22.62,Muy alto,Crítico,Endeudado
9966617,612715,221977,969884,144833,1250729,60178,60256,870329,3248642,63652,8.73,32.6,Muy alto,Crítico,Endeudado
7534286,516764,234471,1005803,158487,682301,66140,100568,752082,1674613,71421,9.98,22.23,Muy alto,Crítico,Endeudado
8440605,496466,180998,918513,171981,913294,60278,79172,775064,3766767,30465,9.18,44.63,Muy alto,Crítico,Endeudado
6858711,592332,174712,1176404,158793,1144285,62524,103361,750426,2783542,47864,10.94,40.58,Muy alto,Crítico,Endeudado
9454161,640453,223752,883982,165550,934295,31168,41254,727273,3780915,30594,7.69,39.99,Muy alto,Crítico,Endeudado
9197237,505038,181689,979063,177871,1125860,29870,98205,1014588,2967462,59533,11.03,32.26,Muy alto,Crítico,Endeudado
6716366,615216,214066,951281,164224,1189599,63214,70531,805253,3083098,39231,11.99,45.9,Muy alto,Crítico,Endeudado
9567497,488206,199802,1127879,178467,720955,60952,102549,1050827,2153269,49616,10.98,22.51,Muy alto,Crítico,Endeudado
7547275,569963,210860,1039474,167211,721887,74999,50473,733528,1135035,27981,9.72,15.04,Muy alto,Crítico,Endeudado
1591776,690526,229234,854641,126332,802929,63867,78155,211421,365592,119989,13.28,22.97,Bajo,Crítico,Equilibrado
1164676,590798,192170,1088493,123550,1482174,111850,80851,146386,542799,112419,12.57,46.61,Bajo,Crítico,Equilibrado
1352255,676660,204735,960191,163577,1385443,107391,154617,110394,423736,74789,8.16,31.34,Bajo,Crítico,Equilibrado
1211850,702936,210322,1070557,144548,1302886,108959,206110,160653,558932,124476,13.26,46.12,Bajo,Crítico,Equilibrado
812347,555307,233367,929291,135969,1276647,108021,196001,74159,134611,133448,9.13,16.57,Bajo,Crítico,Equilibrado
1586342,567225,217142,997349,150481,1060085,115814,220044,159209,653197,138366,10.04,41.18,Bajo,Crítico,Equilibrado
1523402,540236,173305,1128444,163614,881465,111629,79252,155535,121904,70914,10.21,8.0,Bajo,Crítico,Equilibrado
1278459,613117,196152,1081402,160414,698821,55233,129447,155320,294775,82761,12.15,23.06,Bajo,Crítico,Equilibrado
1057946,665568,200232,828241,129903,1497479,128711,127836,124321,178644,64527,11.75,16.89,Bajo,Crítico,Equilibrado
925057,712354,162264,918302,125419,503666,64122,143566,117841,228727,63891,12.74,24.73,Bajo,Crítico,Equilibrado
1605260,695000,170043,1155324,146520,634000,147324,84253,174280,665941,51318,10.86,41.48,Bajo,Crítico,Equilibrado
1559995,667996,164241,1100315,179178,1251676,124207,146999,174343,313375,103880,11.18,20.09,Bajo,Crítico,Equilibrado
1534451,548720,190780,1180207,128592,1347564,125689,175438,130268,281834,71105,8.49,18.37,Bajo,Crítico,Equilibrado
861272,683548,224671,974972,148742,726844,134309,156772,114901,407924,141854,13.34,47.36,Bajo,Crítico,Equilibrado
1211958,625637,186489,1043531,174785,1224989,87602,118561,148934,558910,63326,12.29,46.12,Bajo,Crítico,Equilibrado
1254899,621713,230909,1131779,161912,1462946,108435,136137,114290,567175,65181,9.11,45.2,Bajo,Crítico,Equilibrado
1591145,687233,233394,1122925,163280,583064,51168,113518,227146,540454,59807,14.28,33.97,Bajo,Crítico,Equilibrado
1274812,680181,191061,939771,146183,1295857,137753,194986,177884,112459,110279,13.95,8.82,Bajo,Crítico,Equilibrado
1376889,539957,219456,1002885,132959,994702,88001,124444,146514,219172,60370,10.64,15.92,Bajo,Crítico,Equilibrado
1431949,555477,210118,930923,129049,592739,139810,96336,178833,293379,97787,12.49,20.49,Bajo,Crítico,Equilibrado
1251138,678414,170688,961537,169707,1320892,98977,200180,106466,265464,65373,8.51,21.22,Bajo,Crítico,Equilibrado
1113152,627286,223791,1167842,168402,1211279,55836,142222,124191,175971,111858,11.16,15.81,Bajo,Crítico,Equilibrado
1170657,601342,229348,803399,160783,643543,84587,93915,123694,265662,51770,10.57,22.69,Bajo,Crítico,Equilibrado
1346011,557102,162489,1118310,169203,764561,111127,104691,181922,329441,111622,13.52,24.48,Bajo,Crítico,Equilibrado
1549459,640172,225481,863772,165010,1178290,98602,190482,209656,310962,102473,13.53,20.07,Bajo,Crítico,Equilibrado
1187910,656073,200734,1153090,172831,1199297,128471,149668,147281,385009,113606,12.4,32.41,Bajo,Crítico,Equilibrado
1470248,515397,163392,941415,177800,1214382,79146,110602,133358,430405,58683,9.07,29.27,Bajo,Crítico,Equilibrado
1545729,519009,191984,1156380,136006,1052459,116460,132791,153201,319976,149850,9.91,20.7,Bajo,Crítico,Equilibrado
1001594,517415,227023,1064484,158163,1406276,78149,163438,98337,324166,98645,9.82,32.37,Bajo,Crítico,Equilibrado
900175,679211,189207,1115257,166857,695171,61066,126717,134080,344778,149142,14.89,38.3,Bajo,Crítico,Equilibrado
985934,506256,189462,1131967,168569,1152300,140759,90681,125531,114144,125464,12.73,11.58,Bajo,Crítico,Equilibrado
1200263,558928,229339,894016,123571,1489980,92185,127340,105219,522450,70328,8.77,43.53,Bajo,Crítico,Equilibrado
1407226,652444,190383,978848,152622,1295371,62860,169326,187607,149514,146664,13.33,10.62,Bajo,Crítico,Equilibrado
1236850,713060,238818,888507,145876,886660,120135,179715,114613,472461,110868,9.27,38.2,Bajo,Crítico,Equilibrado
1105111,678625,168050,962892,161253,1345317,75099,223965,122490,260756,86304,11.08,23.6,Bajo,Crítico,Equilibrado
944115,535815,206303,1138844,124411,1094405,110454,182689,78969,449367,54224,8.36,47.6,Bajo,Crítico,Equilibrado
954958,644769,164224,1119849,171692,1304910,54068,195313,123117,109751,94219,12.89,11.49,Bajo,Crítico,Equilibrado
1421790,524590,231460,1106983,144291,764470,50927,96470,200081,603926,70932,14.07,42.48,Bajo,Crítico,Equilibrado
1085650,508469,189926,1123529,178493,1019851,134209,145684,94314,495964,105664,8.69,45.68,Bajo,Crítico,Equilibrado
832681,608623,164425,1056086,159901,615403,97185,75172,87873,220382,92764,10.55,26.47,Bajo,Crítico,Equilibrado
1422112,580319,222922,946899,179187,628824,144481,155672,177240,424428,118636,12.46,29.84,Bajo,Crítico,Equilibrado
1262909,683085,160077,891245,162767,1324081,87824,221799,157300,178839,84207,12.46,14.16,Bajo,Crítico,Equilibrado
1490515,527118,225371,1059791,172568,817467,73237,188163,219944,573366,134780,14.76,38.47,Bajo,Crítico,Equilibrado
1464409,580769,182871,1152962,145099,1289342,103799,121546,129911,402162,54417,8.87,27.46,Bajo,Crítico,Equilibrado
1370156,684973,230261,881933,150450,1007288,77713,107363,112081,654517,97391,8.18,47.77,Bajo,Crítico,Equilibrado
828720,609053,175595,1108977,130015,1363176,58367,215793,88640,277728,142689,10.7,33.51,Bajo,Crítico,Equilibrado
965918,495225,170767,805031,129609,894750,69516,157274,129786,452549,116753,13.44,46.85,Bajo,Crítico,Equilibrado
1047310,676694,224654,927771,120167,1320758,95181,139625,153164,307855,71055,14.62,29.39,Bajo,Crítico,Equilibrado
1600812,677472,160974,953397,165661,609812,135550,153755,159859,608305,70104,9.99,38.0,Bajo,Crítico,Equilibrado
1279304,636754,234162,807345,132771,1044214,90355,78715,131604,435539,134003,10.29,34.04,Bajo,Crítico,Equilibrado
1384911,613010,197145,935786,135262,835950,75210,164720,120682,375510,66614,8.71,27.11,Bajo,Crítico,Equilibrado
1037419,582326,200225,1024666,127289,761881,124200,183565,92281,153187,77147,8.9,14.77,Bajo,Crítico,Equilibrado
2779376,604799,220940,1084857,154536,1029339,126877,110765,238939,893890,53847,8.6,32.16,Medio Bajo,Crítico,Equilibrado
1847468,572295,186685,1028857,178811,934911,67611,186453,162259,150891,145105,8.78,8.17,Medio Bajo,Crítico,Equilibrado
1772665,576544,220306,1032552,143979,1314534,69912,216416,195453,296724,54243,11.03,16.74,Medio Bajo,Crítico,Equilibrado
2684338,680043,218296,1195084,123402,1468276,64979,90176,314827,1219596,114554,11.73,45.43,Medio Bajo,Crítico,Equilibrado
2405939,544419,214482,804640,138924,1455445,129638,106809,319828,619789,93819,13.29,25.76,Medio Bajo,Crítico,Equilibrado
2459196,706123,176974,1098878,147983,1019496,71396,78946,216397,756380,84273,8.8,30.76,Medio Bajo,Crítico,Equilibrado
2402740,672027,160885,850451,141245,1477499,62408,198452,333699,948400,129872,13.89,39.47,Medio Bajo,Crítico,Equilibrado
1975887,683171,229828,914192,171774,815589,55090,125430,269065,411852,143923,13.62,20.84,Medio Bajo,Crítico,Equilibrado
1693791,669811,180384,1043021,148971,866243,146827,172072,162143,694600,52521,9.57,41.01,Medio Bajo,Crítico,Equilibrado
1644013,510546,160445,1123602,156210,1316588,70401,127276,206032,571510,75861,12.53,34.76,Medio Bajo,Crítico,Equilibrado
1914957,667585,167270,812109,133656,1214589,112930,150553,224219,812517,127362,11.71,42.43,Medio Bajo,Crítico,Equilibrado
2304318,636482,182195,1027677,126723,860132,109006,172339,265079,766125,83811,11.5,33.25,Medio Bajo,Crítico,Equilibrado
1961229,593810,234224,894245,139650,651942,100068,205437,198311,617058,96419,10.11,31.46,Medio Bajo,Crítico,Equilibrado
2598279,613327,238482,1187612,142474,1118318,55919,223904,280708,1116636,104542,10.8,42.98,Medio Bajo,Crítico,Equilibrado
1948739,652023,190750,824953,176104,844972,118634,223444,268215,761903,100677,13.76,39.1,Medio Bajo,Crítico,Equilibrado
1758108,623324,217033,897784,148030,1438642,64699,167642,223069,369419,84667,12.69,21.01,Medio Bajo,Crítico,Equilibrado
1893960,627345,212656,1131076,132746,771094,50970,206406,211826,741513,87404,11.18,39.15,Medio Bajo,Crítico,Equilibrado
2165902,574741,221281,984428,122908,1455617,79908,213144,270342,918664,129070,12.48,42.41,Medio Bajo,Crítico,Equilibrado
1755608,564045,223726,1120870,131089,1034847,58616,145576,246344,654272,114311,14.03,37.27,Medio Bajo,Crítico,Equilibrado
2132991,612513,199656,1196906,147601,1117837,62288,181974,250777,586944,141090,11.76,27.52,Medio Bajo,Crítico,Equilibrado
2828190,705867,175126,965227,165397,892582,139077,180141,386147,712158,84888,13.65,25.18,Medio Bajo,Crítico,Equilibrado
1695573,675251,166786,1045708,138980,1451504,88103,178377,138528,336506,139061,8.17,19.85,Medio Bajo,Crítico,Equilibrado
2269461,577522,187600,1136243,146291,646274,63185,90582,255021,509982,74139,11.24,22.47,Medio Bajo,Crítico,Equilibrado
1869813,593276,192905,910943,152785,997702,138341,141904,213419,772931,106404,11.41,41.34,Medio Bajo,Crítico,Equilibrado
2833850,718945,200501,939102,152314,1439931,62402,219053,282939,576162,66668,9.98,20.33,Medio Bajo,Crítico,Equilibrado
2237267,630978,231471,999891,159012,966935,137327,165344,302869,263566,140842,13.54,11.78,Medio Bajo,Crítico,Equilibrado
1676279,664059,174774,870339,141558,775202,111428,91275,145775,652922,85966,8.7,38.95,Medio Bajo,Crítico,Equilibrado
2777014,618676,163798,972107,124156,1349468,70113,220730,355062,1037956,70891,12.79,37.38,Medio Bajo,Crítico,Equilibrado
2345809,528698,223804,804791,126077,740052,147608,87772,314420,963792,149899,13.4,41.09,Medio Bajo,Crítico,Equilibrado
2092837,683620,204803,1069712,162846,850920,125721,129519,264873,458645,63452,12.66,21.91,Medio Bajo,Crítico,Equilibrado
2769006,558583,163077,1128660,137174,1174795,97027,186302,297721,944719,106142,10.75,34.12,Medio Bajo,Crítico,Equilibrado
1954633,497103,215255,1160816,120416,1426410,86464,155835,275919,768369,89672,14.12,39.31,Medio Bajo,Crítico,Equilibrado
1737261,500088,164944,827594,132779,1376659,145773,91947,139470,503218,142424,8.03,28.97,Medio Bajo,Crítico,Equilibrado
2534350,646038,226641,955560,141392,1281162,117949,148174,324467,294280,77095,12.8,11.61,Medio Bajo,Crítico,Equilibrado
1885011,591917,182734,1111077,170949,1369919,133578,146301,233741,824312,115334,12.4,43.73,Medio Bajo,Crítico,Equilibrado
2275642,614551,231715,873751,132722,1021239,100690,138998,241165,282228,75207,10.6,12.4,Medio Bajo,Crítico,Equilibrado
2539475,501140,226447,817558,154826,1390141,128478,205944,233324,1212006,73231,9.19,47.73,Medio Bajo,Crítico,Equilibrado
1662738,708867,198019,1034896,136065,1073092,94683,150690,163970,335419,137559,9.86,20.17,Medio Bajo,Crítico,Equilibrado
2038348,484221,171376,1163746,163275,1276619,89106,163539,274038,179183,65305,13.44,8.79,Medio Bajo,Crítico,Equilibrado
2701018,513792,197961,1155922,149116,566756,57180,76032,361163,476026,76256,13.37,17.62,Medio Bajo,Crítico,Equilibrado
1861690,654400,231150,1090489,148012,1088081,135445,103939,176750,392150,127002,9.49,21.06,Medio Bajo,Crítico,Equilibrado
2303837,621108,174384,918784,130410,789413,93425,118450,248728,899996,128561,10.8,39.07,Medio Bajo,Crítico,Equilibrado
2650714,640696,234077,828449,139120,730497,94847,195380,264681,737927,117072,9.99,27.84,Medio Bajo,Crítico,Equilibrado
2215072,512135,194183,1072320,163691,1083806,63289,101101,184637,789804,119319,8.34,35.66,Medio Bajo,Crítico,Equilibrado
1882939,531465,183909,1068270,137294,730882,139308,78107,265402,524594,132830,14.1,27.86,Medio Bajo,Crítico,Equilibrado
1720104,628707,185180,1168349,120544,670743,55475,175989,220367,633617,111798,12.81,36.84,Medio Bajo,Crítico,Equilibrado
2207365,543131,196945,893844,143402,1014021,58988,82656,281363,763666,75034,12.75,34.6,Medio Bajo,Crítico,Equilibrado
2490506,612403,170979,1153157,173794,667875,114270,154925,212238,665385,53804,8.52,26.72,Medio Bajo,Crítico,Equilibrado
2810925,668407,233125,1151334,171312,1062927,149556,206171,359953,911467,113507,12.81,32.43,Medio Bajo,Crítico,Equilibrado
2671601,702762,208472,1129977,162891,1024698,145450,116628,275558,1271491,117508,10.31,47.59,Medio Bajo,Crítico,Equilibrado
2594534,658090,213294,1199443,136138,1223665,79109,178145,273339,912962,92625,10.54,35.19,Medio Bajo,Crítico,Equilibrado
1626998,718373,234637,1148392,139180,1300251,110995,194548,204163,211731,143054,12.55,13.01,Medio Bajo,Crítico,Equilibrado
3497830,507789,161752,1193900,142717,685180,83719,80281,313469,1612040,50312,8.96,46.09,Medio,Crítico,Equilibrado
2915516,690115,200140,1149508,121106,932526,67514,100397,425756,1092885,57192,14.6,37.49,Medio,Crítico,Equilibrado
3036281,671587,231525,883612,177217,546286,130915,104097,373213,964131,99910,12.29,31.75,Medio,Crítico,Equilibrado
3523808,659307,160056,953921,175784,556949,106375,82315,373312,846032,73158,10.59,24.01,Medio,Crítico,Equilibrado
4069230,588907,210929,818500,129299,1045794,89839,114095,575707,815367,92197,14.15,20.04,Medio,Crítico,Equilibrado
3812411,654029,182421,1011619,175339,609143,107567,98481,386561,727499,59022,10.14,19.08,Medio,Crítico,Equilibrado
3197957,719803,170065,927646,129072,951871,98422,147945,418845,435871,130556,13.1,13.63,Medio,Crítico,Equilibrado
3049718,568142,187626,1172512,122431,762932,83310,223885,452216,1133408,92197,14.83,37.16,Medio,Crítico,Equilibrado
4036959,485379,202266,1171063,155028,1031811,113744,98417,567229,1296960,91709,14.05,32.13,Medio,Crítico,Equilibrado
3823875,491181,174364,1163783,125157,1104973,135208,147005,363563,642798,101343,9.51,16.81,Medio,Crítico,Equilibrado
3575147,636642,194628,1137855,174055,864556,74935,113697,428513,1351910,63037,11.99,37.81,Medio,Crítico,Equilibrado
3400900,629253,230030,890573,168609,1231509,119676,157482,444808,954033,87714,13.08,28.05,Medio,Crítico,Equilibrado
3989337,484913,218892,993525,135854,884700,119823,212330,494478,423344,139686,12.39,10.61,Medio,Crítico,Equilibrado
4060070,635002,170056,1057069,145872,1267340,75326,208856,508717,878476,95766,12.53,21.64,Medio,Crítico,Equilibrado
2991320,702806,214891,918143,144426,1354093,53427,206903,323870,1147140,106490,10.83,38.35,Medio,Crítico,Equilibrado
3903526,677804,233385,834170,177837,1446448,139757,181015,409728,1698464,136704,10.5,43.51,Medio,Crítico,Equilibrado
3856923,588927,212366,806428,170933,1438817,99520,141115,409010,1845372,65967,10.6,47.85,Medio,Crítico,Equilibrado
3450028,517211,180346,889239,146693,1192752,116830,108116,409641,1027800,57237,11.87,29.79,Medio,Crítico,Equilibrado
3497375,685459,185290,800249,175558,559263,123065,152039,344314,903100,98938,9.84,25.82,Medio,Crítico,Equilibrado
3230641,612980,238946,810501,161231,1499867,119040,153774,374302,740972,128179,11.59,22.94,Medio,Crítico,Equilibrado
3935085,714935,162170,990993,157996,1117121,133970,215741,553369,1590886,133544,14.06,40.43,Medio,Crítico,Equilibrado
3170908,643001,180697,1006147,158831,932129,58759,103781,337371,1308600,104436,10.64,41.27,Medio,Crítico,Equilibrado
3171226,701780,222192,1096597,134405,634407,59431,134183,333861,1301826,55994,10.53,41.05,Medio,Crítico,Equilibrado
3546734,675903,162471,998981,168722,1343485,103242,146120,500865,1246470,148585,14.12,35.14,Medio,Crítico,Equilibrado
3186310,659107,170926,1138216,134630,801946,98764,216043,355331,843361,123277,11.15,26.47,Medio,Crítico,Equilibrado
2959398,611608,192217,928633,162312,582318,138414,78376,418329,709319,128426,14.14,23.97,Medio,Crítico,Equilibrado
3123278,632826,211256,954595,147179,1325823,75011,101899,307571,1028574,81251,9.85,32.93,Medio,Crítico,Equilibrado
3867583,531564,211224,1145439,126150,1444863,94191,172522,501556,1433384,134746,12.97,37.06,Medio,Crítico,Equilibrado
3507717,584771,238933,1052572,140872,1347281,65768,162536,375836,596939,59159,10.71,17.02,Medio,Crítico,Equilibrado
3921640,622208,202696,831635,174230,1158778,51062,209453,488181,769104,125601,12.45,19.61,Medio,Crítico,Equilibrado
3838947,485049,237069,1011667,146687,736218,144277,224025,461800,320085,135522,12.03,8.34,Medio,Crítico,Equilibrado
2943307,577674,232757,1174639,142292,568789,65659,179427,275916,254018,93157,9.37,8.63,Medio,Crítico,Equilibrado
3352298,680815,165796,992036,126388,568929,147218,216847,463844,351053,111758,13.84,10.47,Medio,Crítico,Equilibrado
2902921,553183,197706,886655,146763,715957,142269,189990,330906,505044,141914,11.4,17.4,Medio,Crítico,Equilibrado
3644272,641440,196639,1161511,137028,1370908,101078,133708,363076,798608,145608,9.96,21.91,Medio,Crítico,Equilibrado
3909743,514756,164092,971730,141205,1003545,110648,101957,465308,1725107,83689,11.9,44.12,Medio,Crítico,Equilibrado
3861937,516423,177993,1075660,132167,1386596,141211,80776,428666,383786,134065,11.1,9.94,Medio,Crítico,Equilibrado
3183900,497544,229346,892268,143523,643402,126179,104299,314419,1403334,60855,9.88,44.08,Medio,Crítico,Equilibrado
3391986,718455,193339,911421,137692,1065638,137141,175980,324245,887734,93106,9.56,26.17,Medio,Crítico,Equilibrado
3914296,539794,188569,1027191,134342,1425415,85674,150831,417803,1045387,79211,10.67,26.71,Medio,Crítico,Equilibrado
2977071,592453,161323,888944,148530,652108,123485,92103,341053,1044070,137666,11.46,35.07,Medio,Crítico,Equilibrado
3710924,705999,209497,947841,169261,602914,80156,113288,470542,469157,65129,12.68,12.64,Medio,Crítico,Equilibrado
3909152,591599,189230,1002872,132108,946756,101827,148386,363795,628817,97646,9.31,16.09,Medio,Crítico,Equilibrado
3788686,656057,238419,1023814,138181,1275881,137280,132068,388883,444908,145269,10.26,11.74,Medio,Crítico,Equilibrado
3497105,578784,222597,928557,131217,641978,98064,184344,390494,322554,54444,11.17,9.22,Medio,Crítico,Equilibrado
3996174,643468,215514,1197423,169902,621613,65196,149764,383885,1589242,84997,9.61,39.77,Medio,Crítico,Equilibrado
3895875,717317,207534,861763,155340,693307,125035,131732,332405,1192477,50967,8.53,30.61,Medio,Crítico,Equilibrado
3352952,545210,208657,800744,131871,579869,119481,89186,406980,358714,53833,12.14,10.7,Medio,Crítico,Equilibrado
3639775,681761,168837,921644,121158,1032141,122588,207487,412314,915241,144021,11.33,25.15,Medio,Crítico,Equilibrado
3183974,612739,239511,1173358,144655,515127,141357,205933,365982,1320233,78262,11.49,41.46,Medio,Crítico,Equilibrado
4036749,492089,187878,921833,127482,1049033,105365,162745,423738,761784,101323,10.5,18.87,Medio,Crítico,Equilibrado
3132121,601861,225439,911381,162555,708616,88913,172078,269177,945674,123755,8.59,30.19,Medio,Crítico,Equilibrado
4833915,547148,221522,908487,167847,1046306,95632,81629,522100,2074528,65355,10.8,42.92,Medio Alto,Crítico,Equilibrado
4768717,657706,233986,859236,157323,673549,85596,83288,541262,801782,149223,11.35,16.81,Medio Alto,Crítico,Equilibrado
5236286,551137,185049,942142,123161,1265177,94093,128005,581106,808964,131417,11.1,15.45,Medio Alto,Crítico,Equilibrado
4400469,686326,215969,1057134,133364,913638,62535,172342,451227,532574,78090,10.25,12.1,Medio Alto,Crítico,Equilibrado
4164568,659038,231883,1150325,125887,1022012,86649,169169,568114,636249,144461,13.64,15.28,Medio Alto,Crítico,Equilibrado
4619479,522807,213517,811659,131535,1038900,99725,157467,680309,1053027,90077,14.73,22.8,Medio Alto,Crítico,Equilibrado
4952697,651761,204450,1073414,172717,966424,60396,183464,470905,1756792,102325,9.51,35.47,Medio Alto,Crítico,Equilibrado
5117265,581871,210920,899602,155425,709867,78955,197337,544375,544781,126141,10.64,10.65,Medio Alto,Crítico,Equilibrado
4830766,666085,203784,1163281,174353,610090,64055,184909,414356,1635406,103535,8.58,33.85,Medio Alto,Crítico,Equilibrado
4551500,535944,161984,1109369,169730,900745,109672,147192,430414,2098420,86756,9.46,46.1,Medio Alto,Crítico,Equilibrado
4705476,637680,237560,943677,153434,1303673,96719,154493,615711,1662457,76079,13.08,35.33,Medio Alto,Crítico,Equilibrado
4596853,495205,178934,961579,158239,684539,78702,189279,652403,1623874,73794,14.19,35.33,Medio Alto,Crítico,Equilibrado
5281471,572407,176312,1049550,176537,715948,102699,173931,629308,1516978,104224,11.92,28.72,Medio Alto,Crítico,Equilibrado
4544731,500580,188811,1088898,127269,1268752,90278,131028,637091,884618,81612,14.02,19.46,Medio Alto,Crítico,Equilibrado
4958354,558379,210749,821324,128063,1241468,135600,130090,440486,745347,122029,8.88,15.03,Medio Alto,Crítico,Equilibrado
4769815,659962,208494,949749,159384,1013906,146800,170397,669063,1933131,107083,14.03,40.53,Medio Alto,Crítico,Equilibrado
4670481,560915,207476,1156918,167514,703012,141140,165886,574666,437500,89034,12.3,9.37,Medio Alto,Crítico,Equilibrado
4910421,638216,217209,859939,120798,1203773,74918,185196,598237,2050466,102101,12.18,41.76,Medio Alto,Crítico,Equilibrado
4715154,580105,229241,1140446,154201,1273910,97508,181311,541766,1517430,86594,11.49,32.18,Medio Alto,Crítico,Equilibrado
4162112,616648,195828,1179402,131379,813660,117706,149384,389656,525407,84013,9.36,12.62,Medio Alto,Crítico,Equilibrado
4505726,684665,198414,875998,126657,891227,77439,199754,627919,1264353,71723,13.94,28.06,Medio Alto,Crítico,Equilibrado
4532960,600171,196689,1179987,131873,943045,116440,145076,468339,2141663,132813,10.33,47.25,Medio Alto,Crítico,Equilibrado
5229382,578485,185018,1088746,124797,1328043,94687,91554,670975,1408721,113917,12.83,26.94,Medio Alto,Crítico,Equilibrado
4775154,716161,225992,834588,121070,748850,113859,149547,605936,1430239,135948,12.69,29.95,Medio Alto,Crítico,Equilibrado
4829273,582749,219806,1006074,169386,710797,147755,183356,473921,1618177,140676,9.81,33.51,Medio Alto,Crítico,Equilibrado
5130168,626483,169871,993336,176732,1062047,126645,101384,679102,1093740,138033,13.24,21.32,Medio Alto,Crítico,Equilibrado
4775486,574075,197416,814035,176817,935079,81159,145156,486937,2024847,61040,10.2,42.4,Medio Alto,Crítico,Equilibrado
4852938,680821,232925,992366,170317,1472775,145827,220577,522845,1717708,67242,10.77,35.4,Medio Alto,Crítico,Equilibrado
5093740,621184,176456,1126344,126646,621372,125786,86197,415559,1880035,89302,8.16,36.91,Medio Alto,Crítico,Equilibrado
5123505,713848,180075,1092377,140007,796977,130197,87997,561229,2445394,110223,10.95,47.73,Medio Alto,Crítico,Equilibrado
4668279,666710,206650,1165179,125880,1357027,73252,213620,603793,1223871,102311,12.93,26.22,Medio Alto,Crítico,Equilibrado
4502141,538953,229693,1193868,147267,774875,91107,119864,557037,1012100,78289,12.37,22.48,Medio Alto,Crítico,Equilibrado
5100293,508687,217258,1063366,121719,1187002,73847,203296,643266,1977252,143970,12.61,38.77,Medio Alto,Crítico,Equilibrado
5256912,667267,221620,1191139,161684,946230,85607,138655,711476,1908615,118699,13.53,36.31,Medio Alto,Crítico,Equilibrado
5172023,532723,163886,816819,166678,556418,139407,152402,638132,822723,92467,12.34,15.91,Medio Alto,Crítico,Equilibrado
4771074,520106,221194,1031042,171992,547031,82040,79093,688429,2185913,148217,14.43,45.82,Medio Alto,Crítico,Equilibrado
5084936,585700,228430,1055860,177847,728752,60996,152833,538264,2314572,88242,10.59,45.52,Medio Alto,Crítico,Equilibrado
5254911,588451,178293,1196472,173696,532418,124029,91582,584783,960951,135408,11.13,18.29,Medio Alto,Crítico,Equilibrado
4846544,484492,237424,1038630,159724,1431524,61772,184597,400598,1828839,89474,8.27,37.73,Medio Alto,Crítico,Equilibrado
4159667,576900,198487,957847,163452,884612,104225,174801,503501,1143129,116308,12.1,27.48,Medio Alto,Crítico,Equilibrado
4094145,641256,239102,1073426,128898,1202175,108868,167551,581586,1150150,80641,14.21,28.09,Medio Alto,Crítico,Equilibrado
5060397,626712,201193,972102,146194,984734,88166,160075,539419,2073527,71239,10.66,40.98,Medio Alto,Crítico,Equilibrado
4302216,716738,227067,1146536,148761,566241,132732,98499,460626,804567,126891,10.71,18.7,Medio Alto,Crítico,Equilibrado
4584553,695090,208894,1058540,167672,550753,68495,196719,676987,1138550,92952,14.77,24.83,Medio Alto,Crítico,Equilibrado
4988368,538646,177408,874920,151186,1268602,88507,206336,650427,1808416,65121,13.04,36.25,Medio Alto,Crítico,Equilibrado
4206084,598923,199245,1044436,129740,1153128,138249,197061,512882,430330,134189,12.19,10.23,Medio Alto,Crítico,Equilibrado
4222463,626994,190158,1183428,135726,782715,117427,148252,509998,419199,91655,12.08,9.93,Medio Alto,Crítico,Equilibrado
4128853,639305,162566,1059269,178223,1422906,55258,189627,363662,1944418,118021,8.81,47.09,Medio Alto,Crítico,Equilibrado
4971087,603339,235664,1079003,135277,852218,95608,139115,720688,1726590,72427,14.5,34.73,Medio Alto,Crítico,Equilibrado
4471178,653616,183776,811538,168472,981763,93195,130434,611770,1292175,128799,13.68,28.9,Medio Alto,Crítico,Equilibrado
4389359,542315,188597,1039120,140381,1467252,86195,121155,459114,1550924,135442,10.46,35.33,Medio Alto,Crítico,Equilibrado
5189088,572258,206910,1164161,152550,660602,52965,105167,777384,1949816,128297,14.98,37.58,Medio Alto,Crítico,Equilibrado
5863570,486822,186021,826321,134939,713334,120578,87756,810542,2150678,54861,13.82,36.68,Alto,Crítico,Equilibrado
5698445,604293,160671,1131971,175119,882331,67052,134445,791002,1687140,113632,13.88,29.61,Alto,Crítico,Equilibrado
5949318,680073,193339,1176344,150392,831587,90435,89420,792900,2738274,120931,13.33,46.03,Alto,Crítico,Equilibrado
5520904,623212,177083,995554,139496,751012,108621,142293,501027,702830,145997,9.08,12.73,Alto,Crítico,Equilibrado
5433898,641145,210458,927909,147769,1420665,63045,197489,532327,1338359,114819,9.8,24.63,Alto,Crítico,Equilibrado
5348059,667005,192751,808730,124263,945026,145006,116854,776965,1048824,114175,14.53,19.61,Alto,Crítico,Equilibrado
5905012,598288,219447,884952,147595,808451,53759,214228,768590,2299778,131337,13.02,38.95,Alto,Crítico,Equilibrado
6436187,573428,215195,850458,150410,632430,86914,90816,920149,741545,128373,14.3,11.52,Alto,Crítico,Equilibrado
6057057,595626,209450,820229,141986,971000,127402,111331,494150,587638,75492,8.16,9.7,Alto,Crítico,Equilibrado
5575036,660259,227698,1030812,140169,1088782,67216,183905,492360,2357570,97548,8.83,42.29,Alto,Crítico,Equilibrado
6176379,719852,228858,1094103,122614,1140650,55136,145281,786691,937230,51243,12.74,15.17,Alto,Crítico,Equilibrado
5681056,490927,198298,1140339,161892,979863,67505,161484,735981,893627,124474,12.96,15.73,Alto,Crítico,Equilibrado
5398222,489161,220918,840038,131576,1289376,105144,110129,514454,489265,112167,9.53,9.06,Alto,Crítico,Equilibrado
6192224,503795,192286,998383,177434,636345,116469,141466,573423,1879040,135802,9.26,30.35,Alto,Crítico,Equilibrado
6305362,574614,204816,1165809,131209,1263529,110271,114725,661703,1323552,149457,10.49,20.99,Alto,Crítico,Equilibrado
5411399,554269,215649,1084673,158637,1351263,102177,181518,725266,1944993,115414,13.4,35.94,Alto,Crítico,Equilibrado
6323203,536357,201260,1095413,152180,937297,59363,119844,750208,1879488,73716,11.86,29.72,Alto,Crítico,Equilibrado
5980116,615398,228536,1160664,125879,1309631,113143,102841,844592,2161458,93984,14.12,36.14,Alto,Crítico,Equilibrado
5719129,543551,239707,1096713,168274,691678,73436,120542,582669,969833,96036,10.19,16.96,Alto,Crítico,Equilibrado
5480128,602179,214041,1139918,142944,503164,120243,148817,804221,1451079,88520,14.68,26.48,Alto,Crítico,Equilibrado
6280099,602231,190275,1069635,170344,1014833,104414,210907,801899,2996874,99842,12.77,47.72,Alto,Crítico,Equilibrado
6420185,684815,199787,969952,121806,953595,78892,117337,715360,2007898,122609,11.14,31.27,Alto,Crítico,Equilibrado
5731246,544769,215475,912821,169870,856966,135473,109219,527461,1574010,99042,9.2,27.46,Alto,Crítico,Equilibrado
5858525,623294,189302,902560,171694,1358692,108476,220914,838517,1406647,79744,14.31,24.01,Alto,Crítico,Equilibrado
5297896,561826,231162,801435,178582,1112988,106993,160637,564328,640227,145648,10.65,12.08,Alto,Crítico,Equilibrado
6201445,568253,179153,831110,176075,906102,98954,185208,549143,1241384,85862,8.86,20.02,Alto,Crítico,Equilibrado
5740499,541211,188407,1008829,146856,505719,78315,94438,588613,857956,100459,10.25,14.95,Alto,Crítico,Equilibrado
6174296,684244,193498,970547,171297,774263,76414,170720,794582,2501138,58489,12.87,40.51,Alto,Crítico,Equilibrado
6311540,551387,207495,879004,175730,1351227,55029,105007,829989,2985965,128517,13.15,47.31,Alto,Crítico,Equilibrado
5906608,656070,201983,838300,157612,1095446,74893,144818,803781,1599222,74452,13.61,27.08,Alto,Crítico,Equilibrado
6156514,526685,179556,1011204,152633,1039412,67716,188025,756331,2225302,147594,12.29,36.15,Alto,Crítico,Equilibrado
5915712,631456,219937,1082508,177932,794089,109811,198797,620555,915698,77166,10.49,15.48,Alto,Crítico,Equilibrado
5841529,501488,194121,940118,139451,1025400,61451,131439,702687,874322,81938,12.03,14.97,Alto,Crítico,Equilibrado
6332964,559547,234619,878669,156716,1221511,73790,180627,912552,1165408,54023,14.41,18.4,Alto,Crítico,Equilibrado
5848230,712813,234822,1106679,160415,1294687,66340,162200,680218,994016,134912,11.63,17.0,Alto,Crítico,Equilibrado
6020183,709000,200876,1051206,173807,723811,113951,94330,862879,989061,57699,14.33,16.43,Alto,Crítico,Equilibrado
5349133,498881,174535,800164,140273,1383498,124217,163997,595778,552530,106280,11.14,10.33,Alto,Crítico,Equilibrado
5586018,688617,186990,1076657,166835,1279156,114639,125660,668355,1635075,75682,11.96,29.27,Alto,Crítico,Equilibrado
5472237,545656,192942,935273,163494,833726,57027,197252,717294,794381,50708,13.11,14.52,Alto,Crítico,Equilibrado
5332615,522795,177203,887706,132307,555898,124531,206432,452667,1209705,134613,8.49,22.69,Alto,Crítico,Equilibrado
5843779,513104,212773,897967,127859,738503,80218,150691,480626,1729240,135034,8.22,29.59,Alto,Crítico,Equilibrado
5515271,683463,215156,821941,161741,1049341,143658,203070,660485,1679270,137505,11.98,30.45,Alto,Crítico,Equilibrado
5541399,532404,205427,998538,130876,753306,81128,76899,483461,1858730,110090,8.72,33.54,Alto,Crítico,Equilibrado
5871225,612879,237868,831870,139286,1349658,138344,221825,701364,1242488,149959,11.95,21.16,Alto,Crítico,Equilibrado
5877883,615997,177888,1109764,161335,1207698,97996,122833,840543,983570,73888,14.3,16.73,Alto,Crítico,Equilibrado
6295093,698751,164727,1193978,120128,963199,80177,75969,859997,2556549,71872,13.66,40.61,Alto,Crítico,Equilibrado
6267061,586498,202343,909049,178126,984454,84818,220582,698446,2831214,112035,11.14,45.18,Alto,Crítico,Equilibrado
6002385,563318,187935,1034854,130990,1363326,114134,111849,507797,1937478,92060,8.46,32.28,Alto,Crítico,Equilibrado
5773296,605466,195236,862671,165867,899348,56886,196057,653776,2185484,74234,11.32,37.86,Alto,Crítico,Equilibrado
6046652,614957,235935,898097,120452,846013,88795,117756,871469,2031114,74155,14.41,33.59,Alto,Crítico,Equilibrado
5815416,518695,217660,1120185,132291,1010938,66873,175878,664823,1003005,76799,11.43,17.25,Alto,Crítico,Equilibrado
5483312,570630,173198,1135828,150812,1000731,72620,153705,704510,1494950,81534,12.85,27.26,Alto,Crítico,Equilibrado
7053116,604170,207577,1036251,136615,1157281,74249,90193,794595,2663661,143942,11.27,37.77,Muy alto,Crítico,Equilibrado
9571670,695883,172274,809273,155524,727274,146662,161404,1367206,3334921,145416,14.28,34.84,Muy alto,Crítico,Equilibrado
6999745,687304,233752,1022799,175014,578168,99484,218856,774071,2590503,129045,11.06,37.01,Muy alto,Crítico,Equilibrado
6735303,576123,168287,1107790,152423,1237969,98119,91802,622197,1945048,137694,9.24,28.88,Muy alto,Crítico,Equilibrado
6939933,651913,221139,1135887,129292,1158142,73000,169981,683734,1523680,105396,9.85,21.96,Muy alto,Crítico,Equilibrado
7206435,705709,219610,1090097,141187,807174,57126,96696,806450,3023859,58760,11.19,41.96,Muy alto,Crítico,Equilibrado
8593923,542531,180585,816937,130935,1122288,85150,83323,1115502,2336649,58839,12.98,27.19,Muy alto,Crítico,Equilibrado
9006543,620085,236737,1069179,171592,1258296,63408,173407,1084904,1250102,149511,12.05,13.88,Muy alto,Crítico,Equilibrado
6557178,619793,165737,1078862,138196,1289492,75213,93048,706965,1370852,130337,10.78,20.91,Muy alto,Crítico,Equilibrado
9083490,578085,188998,899764,175276,771222,109092,153249,1033427,3289916,66620,11.38,36.22,Muy alto,Crítico,Equilibrado
8096135,624815,193584,973614,167448,522656,71294,207901,1195115,1479180,110870,14.76,18.27,Muy alto,Crítico,Equilibrado
6654230,665591,184117,886922,156579,1081082,56245,97869,807983,1985827,140686,12.14,29.84,Muy alto,Crítico,Equilibrado
9793142,489158,230224,1198967,124521,1145308,117247,148203,807051,1087546,123613,8.24,11.11,Muy alto,Crítico,Equilibrado
8452505,597447,213705,934906,165694,548310,102022,132785,1239556,2609925,75972,14.66,30.88,Muy alto,Crítico,Equilibrado
8193737,516524,170141,1154198,144486,760014,79600,106844,987355,3192711,65558,12.05,38.97,Muy alto,Crítico,Equilibrado
9434025,529299,194952,889050,167617,731902,148353,144832,935462,1784024,144715,9.92,18.91,Muy alto,Crítico,Equilibrado
7701256,650443,238028,1096113,147442,861884,65314,118564,743485,1288605,123191,9.65,16.73,Muy alto,Crítico,Equilibrado
9640004,509692,239505,962756,155744,693307,103315,168208,954921,1959917,128620,9.91,20.33,Muy alto,Crítico,Equilibrado
9024023,524730,192836,1137486,177684,815664,142215,189090,1099778,807746,105702,12.19,8.95,Muy alto,Crítico,Equilibrado
8792793,709588,223597,1117881,173005,689331,76787,173317,703432,2184715,108141,8.0,24.85,Muy alto,Crítico,Equilibrado
8616203,653992,222796,855743,154653,980381,121878,108598,1259387,1632833,106721,14.62,18.95,Muy alto,Crítico,Equilibrado
7026967,502449,216107,869045,143412,1094529,85598,99479,563503,2246006,148114,8.02,31.96,Muy alto,Crítico,Equilibrado
7951451,657178,192655,964957,154032,1036099,82204,151724,905754,1268987,138407,11.39,15.96,Muy alto,Crítico,Equilibrado
8572047,584850,213799,972487,141960,998221,68089,187438,1172503,3234839,107725,13.68,37.74,Muy alto,Crítico,Equilibrado
8196539,612844,224178,1029370,154793,925715,71597,147424,969114,2806928,147799,11.82,34.25,Muy alto,Crítico,Equilibrado
6601972,517080,220247,1010012,137361,1109806,137340,112331,923292,1806742,133042,13.99,27.37,Muy alto,Crítico,Equilibrado
7902711,522238,218895,1149053,161554,679237,129394,129381,744340,993967,57357,9.42,12.58,Muy alto,Crítico,Equilibrado
9455657,600869,190603,1023114,159091,969896,115209,136239,924032,1497670,129427,9.77,15.84,Muy alto,Crítico,Equilibrado
8619089,640391,199897,997007,149071,812324,147848,130836,1087235,3451933,81314,12.61,40.05,Muy alto,Crítico,Equilibrado
8095150,531737,165744,1063081,129461,748284,56630,172132,654353,1465143,60935,8.08,18.1,Muy alto,Crítico,Equilibrado
6994220,581862,230534,1103419,140988,629873,113295,181649,818883,1870187,142687,11.71,26.74,Muy alto,Crítico,Equilibrado
7277066,691477,216878,835809,171294,534313,78565,133396,591204,1765696,69200,8.12,24.26,Muy alto,Crítico,Equilibrado
9808410,513857,173542,1039161,140271,1004446,120107,157825,1429971,2619485,101109,14.58,26.71,Muy alto,Crítico,Equilibrado
7293676,610491,209172,1108343,144390,1259045,70641,181176,827659,2978432,86878,11.35,40.84,Muy alto,Crítico,Equilibrado
8851562,601284,226367,877933,171664,1070731,126721,186974,712557,1613462,117784,8.05,18.23,Muy alto,Crítico,Equilibrado
8633863,700204,206879,1141475,163490,647523,66652,165193,1234843,2768658,136942,14.3,32.07,Muy alto,Crítico,Equilibrado
8187130,583501,183989,987821,155447,1008259,132093,110871,749559,2519020,82810,9.16,30.77,Muy alto,Crítico,Equilibrado
8066500,515124,194354,832178,147583,923961,55007,80986,1195114,2901577,86673,14.82,35.97,Muy alto,Crítico,Equilibrado
6945225,664793,160286,1174111,122884,1053651,120062,104293,604243,916203,113411,8.7,13.19,Muy alto,Crítico,Equilibrado
8753733,696864,166628,963171,175684,1369617,50868,207640,744776,3817458,119724,8.51,43.61,Muy alto,Crítico,Equilibrado
7145235,563540,173508,983808,159914,526214,125775,172815,832865,685759,102043,11.66,9.6,Muy alto,Crítico,Equilibrado
9239348,531596,171652,1128451,171569,782935,102886,133580,1265686,1202540,115170,13.7,13.02,Muy alto,Crítico,Equilibrado
7533055,714703,184062,990213,147109,1117227,139948,87331,1000849,2335708,57244,13.29,31.01,Muy alto,Crítico,Equilibrado
9089953,703370,193893,800869,143632,925131,97977,176677,905461,3411995,70859,9.96,37.54,Muy alto,Crítico,Equilibrado
7177018,587007,228280,945458,170448,619722,55794,156395,849728,3239899,96585,11.84,45.14,Muy alto,Crítico,Equilibrado
8270463,544530,181347,1009307,153590,1285580,87677,144780,1025020,2034824,138902,12.39,24.6,Muy alto,Crítico,Equilibrado
8201837,707209,218341,898029,160892,969397,142457,186723,1201834,3354836,123790,14.65,40.9,Muy alto,Crítico,Equilibrado
9259082,682937,190434,887100,175990,1153994,90734,172072,1305179,3122601,142262,14.1,33.72,Muy alto,Crítico,Equilibrado
9717667,640798,202180,940104,164421,1067807,82375,153479,1228143,2219001,123056,12.64,22.83,Muy alto,Crítico,Equilibrado
7229336,653051,224048,1044092,165568,717769,73208,109450,1059334,3087139,115639,14.65,42.7,Muy alto,Crítico,Equilibrado
6535965,507166,235334,847110,142814,835099,147402,168509,595329,1242232,148173,9.11,19.01,Muy alto,Crítico,Equilibrado
9063805,601310,199252,991211,133076,1473557,56775,146899,903923,3754131,84994,9.97,41.42,Muy alto,Crítico,Equilibrado
